synthetic_cnr,state,district,court_establishment,case_type,act_section_bucket,tier,filing_date,registration_date,pending_since,filing_year,filing_year_bucket,case_age_days,current_status,current_stage,stage_entered_at,first_hearing_date,next_date,court_bench_id,days_in_current_stage,days_since_substantive_event,adjournment_count,adjournment_streak,judge_change_count,stage_deviation_ratio,cohort_size,cohort_percentile,bottleneck_type,actionability_level,triage_confidence,structural_stall_label,triage_score,is_demo_stalled,is_demo_progressing,data_label,generation_source,evidence_json,explanation_text
SYN/PUN/CS/2021/000001,Maharashtra,Pune,PUNE_SYN_DC_01,CS,CPC_GENERAL,district,2021-03-10,2021-03-16,2021-03-16,2021,2020,1985,Pending,Summons / Appearance,2025-11-02,2021-04-06,2026-09-16,SYN-BENCH-01,287,287,5,5,3,4.42,2,73.0,SUMMONS_DELAY,HIGH,HIGH,1,91.4,True,False,SYNTHETIC_AUGMENTED,Real-data-informed synthetic generator,"{""synthetic_cnr"":""SYN/PUN/CS/2021/000001"",""court_establishment"":""PUNE_SYN_DC_01"",""case_type"":""CS"",""current_stage"":""Summons / Appearance"",""filing_date"":""2021-03-10"",""stage_entered_at"":""2025-11-02"",""days_in_current_stage"":287,""cohort_median_days_in_stage"":166.0,""stage_deviation_ratio"":4.42,""days_since_substantive_event"":287,""adjournment_streak"":5,""adjournment_count"":5,""judge_change_count"":3,""cohort_size"":2,""cohort_age_percentile"":73.0,""bottleneck_type"":""SUMMONS_DELAY"",""actionability_level"":""HIGH"",""triage_confidence"":""HIGH"",""triage_score"":91.4,""component_scores"":{""structural_deviation"":34.6,""inactivity"":95.67,""age_deviation"":0,""adjournment"":100.0,""actionability"":100}}","Case has been in stage 'Summons / Appearance' for 287 days (4.42x cohort median of 166d). Summons was issued with no return of service recorded over 287 days, resulting in 5 consecutive adjournments. High administrative actionability."
SYN/PUN/CS/2021/000002,Maharashtra,Pune,PUNE_SYN_DC_01,CS,CPC_GENERAL,district,2021-05-14,2021-05-18,2021-05-18,2021,2020,1920,Pending,Summons / Appearance,2026-07-02,2021-05-26,2026-09-28,SYN-BENCH-09,45,21,0,0,0,0.69,2,14.0,UNKNOWN,LOW,HIGH,0,14.7,False,True,SYNTHETIC_AUGMENTED,Real-data-informed synthetic generator,"{""synthetic_cnr"":""SYN/PUN/CS/2021/000002"",""court_establishment"":""PUNE_SYN_DC_01"",""case_type"":""CS"",""current_stage"":""Summons / Appearance"",""filing_date"":""2021-05-14"",""stage_entered_at"":""2026-07-02"",""days_in_current_stage"":45,""cohort_median_days_in_stage"":166.0,""stage_deviation_ratio"":0.69,""days_since_substantive_event"":21,""adjournment_streak"":0,""adjournment_count"":0,""judge_change_count"":0,""cohort_size"":2,""cohort_age_percentile"":14.0,""bottleneck_type"":""UNKNOWN"",""actionability_level"":""LOW"",""triage_confidence"":""HIGH"",""triage_score"":14.7,""component_scores"":{""structural_deviation"":5.4,""inactivity"":7.0,""age_deviation"":0,""adjournment"":0.0,""actionability"":0}}",Case has been in stage 'Summons / Appearance' for 45 days (0.69x cohort median of 166d). Case exhibits normal or moderately delayed progression based on available synthetic timeline signals. Low administrative actionability.
SYN/UP/WP_C/2024/000003,Uttar Pradesh,Pune,UTTAR__DC_04,WP_C,WRIT_GENERAL,district,2024-12-30,2024-12-31,2024-12-31,2024,2024,594,Pending,Pleadings / Issues,2026-01-12,2025-02-07,2026-11-01,SYN-BENCH-06,216,132,0,0,1,1.53,2,,PROCEDURAL_INACTIVITY,MEDIUM,LOW,1,30.2,False,False,SYNTHETIC_AUGMENTED,Real-data-informed synthetic generator,"{""synthetic_cnr"":""SYN/UP/WP_C/2024/000003"",""court_establishment"":""UTTAR__DC_04"",""case_type"":""WP_C"",""current_stage"":""Pleadings / Issues"",""filing_date"":""2024-12-30"",""stage_entered_at"":""2026-01-12"",""days_in_current_stage"":216,""cohort_median_days_in_stage"":141.5,""stage_deviation_ratio"":1.53,""days_since_substantive_event"":132,""adjournment_streak"":0,""adjournment_count"":0,""judge_change_count"":1,""cohort_size"":2,""cohort_age_percentile"":null,""bottleneck_type"":""PROCEDURAL_INACTIVITY"",""actionability_level"":""MEDIUM"",""triage_confidence"":""LOW"",""triage_score"":30.2,""component_scores"":{""structural_deviation"":30.6,""inactivity"":44.0,""age_deviation"":0,""adjournment"":0.0,""actionability"":50}}",Case has been in stage 'Pleadings / Issues' for 216 days (1.53x cohort median of 142d). Case exhibits normal or moderately delayed progression based on available synthetic timeline signals. Medium administrative actionability.
SYN/OT/CS/2022/000004,Jharkhand,Kolkata,JHARKH_DC_02,CS,CPC_GENERAL,district,2022-09-06,2022-09-16,2022-09-16,2022,2022,1440,Pending,Summons / Appearance,2026-06-24,2022-09-26,2026-09-15,SYN-BENCH-09,53,15,0,0,1,0.15,5,,UNKNOWN,LOW,LOW,0,2.1,False,False,SYNTHETIC_AUGMENTED,Real-data-informed synthetic generator,"{""synthetic_cnr"":""SYN/OT/CS/2022/000004"",""court_establishment"":""JHARKH_DC_02"",""case_type"":""CS"",""current_stage"":""Summons / Appearance"",""filing_date"":""2022-09-06"",""stage_entered_at"":""2026-06-24"",""days_in_current_stage"":53,""cohort_median_days_in_stage"":347,""stage_deviation_ratio"":0.15,""days_since_substantive_event"":15,""adjournment_streak"":0,""adjournment_count"":0,""judge_change_count"":1,""cohort_size"":5,""cohort_age_percentile"":null,""bottleneck_type"":""UNKNOWN"",""actionability_level"":""LOW"",""triage_confidence"":""LOW"",""triage_score"":2.1,""component_scores"":{""structural_deviation"":3.0,""inactivity"":5.0,""age_deviation"":0,""adjournment"":0.0,""actionability"":0}}",Case has been in stage 'Summons / Appearance' for 53 days (0.15x cohort median of 347d). Case exhibits normal or moderately delayed progression based on available synthetic timeline signals. Low administrative actionability.
SYN/OT/CS/2024/000005,Jharkhand,Kochi,JHARKH_DC_05,CS,CPC_GENERAL,district,2024-04-02,2024-04-13,2024-04-13,2024,2024,866,Pending,Summons / Appearance,2026-03-10,2024-05-11,2026-11-14,SYN-BENCH-10,159,166,4,4,3,1.89,3,,SUMMONS_DELAY,HIGH,LOW,1,53.2,False,False,SYNTHETIC_AUGMENTED,Real-data-informed synthetic generator,"{""synthetic_cnr"":""SYN/OT/CS/2024/000005"",""court_establishment"":""JHARKH_DC_05"",""case_type"":""CS"",""current_stage"":""Summons / Appearance"",""filing_date"":""2024-04-02"",""stage_entered_at"":""2026-03-10"",""days_in_current_stage"":159,""cohort_median_days_in_stage"":84,""stage_deviation_ratio"":1.89,""days_since_substantive_event"":166,""adjournment_streak"":4,""adjournment_count"":4,""judge_change_count"":3,""cohort_size"":3,""cohort_age_percentile"":null,""bottleneck_type"":""SUMMONS_DELAY"",""actionability_level"":""HIGH"",""triage_confidence"":""LOW"",""triage_score"":53.2,""component_scores"":{""structural_deviation"":37.8,""inactivity"":55.33,""age_deviation"":0,""adjournment"":80.0,""actionability"":100}}","Case has been in stage 'Summons / Appearance' for 159 days (1.89x cohort median of 84d). Summons was issued with no return of service recorded over 159 days, resulting in 4 consecutive adjournments. High administrative actionability."
SYN/MH/CS/2020/000006,Maharashtra,Kolkata,MAHARA_DC_01,CS,CPC_GENERAL,district,2020-10-03,2020-10-10,2020-10-10,2020,2020,2143,Pending,Pleadings / Issues,2026-06-06,2020-10-24,2026-10-19,SYN-BENCH-08,71,10,0,0,0,0.73,2,,UNKNOWN,LOW,LOW,0,5.2,False,False,SYNTHETIC_AUGMENTED,Real-data-informed synthetic generator,"{""synthetic_cnr"":""SYN/MH/CS/2020/000006"",""court_establishment"":""MAHARA_DC_01"",""case_type"":""CS"",""current_stage"":""Pleadings / Issues"",""filing_date"":""2020-10-03"",""stage_entered_at"":""2026-06-06"",""days_in_current_stage"":71,""cohort_median_days_in_stage"":97.5,""stage_deviation_ratio"":0.73,""days_since_substantive_event"":10,""adjournment_streak"":0,""adjournment_count"":0,""judge_change_count"":0,""cohort_size"":2,""cohort_age_percentile"":null,""bottleneck_type"":""UNKNOWN"",""actionability_level"":""LOW"",""triage_confidence"":""LOW"",""triage_score"":5.2,""component_scores"":{""structural_deviation"":14.6,""inactivity"":3.33,""age_deviation"":0,""adjournment"":0.0,""actionability"":0}}",Case has been in stage 'Pleadings / Issues' for 71 days (0.73x cohort median of 98d). Case exhibits normal or moderately delayed progression based on available synthetic timeline signals. Low administrative actionability.
SYN/OT/CS/2021/000007,Chhattisgarh,Varanasi,CHHATT_DC_05,CS,CPC_GENERAL,district,2021-08-17,2021-09-01,2021-09-01,2021,2020,1825,Pending,Evidence / Argument,2026-01-06,2021-10-29,2026-09-27,SYN-BENCH-04,222,4,0,0,0,1.0,1,,UNKNOWN,LOW,LOW,0,6.3,False,False,SYNTHETIC_AUGMENTED,Real-data-informed synthetic generator,"{""synthetic_cnr"":""SYN/OT/CS/2021/000007"",""court_establishment"":""CHHATT_DC_05"",""case_type"":""CS"",""current_stage"":""Evidence / Argument"",""filing_date"":""2021-08-17"",""stage_entered_at"":""2026-01-06"",""days_in_current_stage"":222,""cohort_median_days_in_stage"":222,""stage_deviation_ratio"":1.0,""days_since_substantive_event"":4,""adjournment_streak"":0,""adjournment_count"":0,""judge_change_count"":0,""cohort_size"":1,""cohort_age_percentile"":null,""bottleneck_type"":""UNKNOWN"",""actionability_level"":""LOW"",""triage_confidence"":""LOW"",""triage_score"":6.3,""component_scores"":{""structural_deviation"":20.0,""inactivity"":1.33,""age_deviation"":0,""adjournment"":0.0,""actionability"":0}}",Case has been in stage 'Evidence / Argument' for 222 days (1.0x cohort median of 222d). Case exhibits normal or moderately delayed progression based on available synthetic timeline signals. Low administrative actionability.
SYN/OT/CRL_A/2023/000008,Haryana,Guntur,HARYAN_DC_04,CRL_A,CRIMINAL_APPEAL,district,2023-01-28,2023-02-12,2023-02-12,2023,2022,1296,Pending,Summons / Appearance,2026-06-20,2023-03-23,2026-09-09,SYN-BENCH-07,57,0,0,0,0,0.78,5,,UNKNOWN,LOW,LOW,0,4.7,False,False,SYNTHETIC_AUGMENTED,Real-data-informed synthetic generator,"{""synthetic_cnr"":""SYN/OT/CRL_A/2023/000008"",""court_establishment"":""HARYAN_DC_04"",""case_type"":""CRL_A"",""current_stage"":""Summons / Appearance"",""filing_date"":""2023-01-28"",""stage_entered_at"":""2026-06-20"",""days_in_current_stage"":57,""cohort_median_days_in_stage"":73,""stage_deviation_ratio"":0.78,""days_since_substantive_event"":0,""adjournment_streak"":0,""adjournment_count"":0,""judge_change_count"":0,""cohort_size"":5,""cohort_age_percentile"":null,""bottleneck_type"":""UNKNOWN"",""actionability_level"":""LOW"",""triage_confidence"":""LOW"",""triage_score"":4.7,""component_scores"":{""structural_deviation"":15.6,""inactivity"":0.0,""age_deviation"":0,""adjournment"":0.0,""actionability"":0}}",Case has been in stage 'Summons / Appearance' for 57 days (0.78x cohort median of 73d). Case exhibits normal or moderately delayed progression based on available synthetic timeline signals. Low administrative actionability.
SYN/MH/BA/2020/000009,Maharashtra,Lucknow,MAHARA_DC_02,BA,BAIL_GENERAL,district,2020-07-17,2020-07-31,2020-07-31,2020,2020,2221,Pending,Evidence / Argument,2025-10-22,2020-09-19,2026-10-31,SYN-BENCH-06,298,264,1,1,0,1.89,6,,WITNESS_DELAY,MEDIUM,LOW,1,45.3,False,False,SYNTHETIC_AUGMENTED,Real-data-informed synthetic generator,"{""synthetic_cnr"":""SYN/MH/BA/2020/000009"",""court_establishment"":""MAHARA_DC_02"",""case_type"":""BA"",""current_stage"":""Evidence / Argument"",""filing_date"":""2020-07-17"",""stage_entered_at"":""2025-10-22"",""days_in_current_stage"":298,""cohort_median_days_in_stage"":157.5,""stage_deviation_ratio"":1.89,""days_since_substantive_event"":264,""adjournment_streak"":1,""adjournment_count"":1,""judge_change_count"":0,""cohort_size"":6,""cohort_age_percentile"":null,""bottleneck_type"":""WITNESS_DELAY"",""actionability_level"":""MEDIUM"",""triage_confidence"":""LOW"",""triage_score"":45.3,""component_scores"":{""structural_deviation"":37.8,""inactivity"":88.0,""age_deviation"":0,""adjournment"":20.0,""actionability"":50}}",Case has been in stage 'Evidence / Argument' for 298 days (1.89x cohort median of 158d). Case exhibits normal or moderately delayed progression based on available synthetic timeline signals. Medium administrative actionability.
SYN/KL/CRL_A/2022/000010,Kerala,Pune,KERALA_DC_01,CRL_A,CRIMINAL_APPEAL,district,2022-07-04,2022-07-18,2022-07-18,2022,2022,1504,Pending,Final Arguments / Judgment,2026-07-28,2022-08-05,2026-10-27,SYN-BENCH-10,19,8,0,0,0,0.19,3,,UNKNOWN,LOW,LOW,0,1.8,False,False,SYNTHETIC_AUGMENTED,Real-data-informed synthetic generator,"{""synthetic_cnr"":""SYN/KL/CRL_A/2022/000010"",""court_establishment"":""KERALA_DC_01"",""case_type"":""CRL_A"",""current_stage"":""Final Arguments / Judgment"",""filing_date"":""2022-07-04"",""stage_entered_at"":""2026-07-28"",""days_in_current_stage"":19,""cohort_median_days_in_stage"":101,""stage_deviation_ratio"":0.19,""days_since_substantive_event"":8,""adjournment_streak"":0,""adjournment_count"":0,""judge_change_count"":0,""cohort_size"":3,""cohort_age_percentile"":null,""bottleneck_type"":""UNKNOWN"",""actionability_level"":""LOW"",""triage_confidence"":""LOW"",""triage_score"":1.8,""component_scores"":{""structural_deviation"":3.8,""inactivity"":2.67,""age_deviation"":0,""adjournment"":0.0,""actionability"":0}}",Case has been in stage 'Final Arguments / Judgment' for 19 days (0.19x cohort median of 101d). Case exhibits normal or moderately delayed progression based on available synthetic timeline signals. Low administrative actionability.
SYN/KL/CRL_A/2021/000011,Kerala,Lucknow,KERALA_DC_01,CRL_A,CRIMINAL_APPEAL,district,2021-12-07,2021-12-22,2021-12-22,2021,2020,1713,Pending,Summons / Appearance,2026-06-05,2022-02-07,2026-09-06,SYN-BENCH-11,72,163,0,0,2,0.75,8,,JUDGE_CHANGE,MEDIUM,LOW,1,21.3,False,False,SYNTHETIC_AUGMENTED,Real-data-informed synthetic generator,"{""synthetic_cnr"":""SYN/KL/CRL_A/2021/000011"",""court_establishment"":""KERALA_DC_01"",""case_type"":""CRL_A"",""current_stage"":""Summons / Appearance"",""filing_date"":""2021-12-07"",""stage_entered_at"":""2026-06-05"",""days_in_current_stage"":72,""cohort_median_days_in_stage"":96.0,""stage_deviation_ratio"":0.75,""days_since_substantive_event"":163,""adjournment_streak"":0,""adjournment_count"":0,""judge_change_count"":2,""cohort_size"":8,""cohort_age_percentile"":null,""bottleneck_type"":""JUDGE_CHANGE"",""actionability_level"":""MEDIUM"",""triage_confidence"":""LOW"",""triage_score"":21.3,""component_scores"":{""structural_deviation"":15.0,""inactivity"":27.17,""age_deviation"":0,""adjournment"":0.0,""actionability"":50}}",Case has been in stage 'Summons / Appearance' for 72 days (0.75x cohort median of 96d). Case exhibits normal or moderately delayed progression based on available synthetic timeline signals. Medium administrative actionability.
SYN/MH/BA/2022/000012,Maharashtra,Bhopal,MAHARA_DC_03,BA,BAIL_GENERAL,district,2022-04-04,2022-04-12,2022-04-12,2022,2022,1595,Pending,Final Arguments / Judgment,2026-02-23,2022-05-24,2026-10-08,SYN-BENCH-09,174,122,0,0,1,1.47,7,,PROCEDURAL_INACTIVITY,MEDIUM,LOW,1,29.0,False,False,SYNTHETIC_AUGMENTED,Real-data-informed synthetic generator,"{""synthetic_cnr"":""SYN/MH/BA/2022/000012"",""court_establishment"":""MAHARA_DC_03"",""case_type"":""BA"",""current_stage"":""Final Arguments / Judgment"",""filing_date"":""2022-04-04"",""stage_entered_at"":""2026-02-23"",""days_in_current_stage"":174,""cohort_median_days_in_stage"":118,""stage_deviation_ratio"":1.47,""days_since_substantive_event"":122,""adjournment_streak"":0,""adjournment_count"":0,""judge_change_count"":1,""cohort_size"":7,""cohort_age_percentile"":null,""bottleneck_type"":""PROCEDURAL_INACTIVITY"",""actionability_level"":""MEDIUM"",""triage_confidence"":""LOW"",""triage_score"":29.0,""component_scores"":{""structural_deviation"":29.4,""inactivity"":40.67,""age_deviation"":0,""adjournment"":0.0,""actionability"":50}}",Case has been in stage 'Final Arguments / Judgment' for 174 days (1.47x cohort median of 118d). Case exhibits normal or moderately delayed progression based on available synthetic timeline signals. Medium administrative actionability.
SYN/DL/BA/2024/000013,Delhi,Guntur,DELHI_DC_04,BA,BAIL_GENERAL,district,2024-02-09,2024-02-09,2024-02-09,2024,2024,919,Pending,Pleadings / Issues,2026-06-23,2024-03-24,2026-09-17,SYN-BENCH-06,54,35,0,0,0,0.7,7,,UNKNOWN,LOW,LOW,0,7.1,False,False,SYNTHETIC_AUGMENTED,Real-data-informed synthetic generator,"{""synthetic_cnr"":""SYN/DL/BA/2024/000013"",""court_establishment"":""DELHI_DC_04"",""case_type"":""BA"",""current_stage"":""Pleadings / Issues"",""filing_date"":""2024-02-09"",""stage_entered_at"":""2026-06-23"",""days_in_current_stage"":54,""cohort_median_days_in_stage"":77,""stage_deviation_ratio"":0.7,""days_since_substantive_event"":35,""adjournment_streak"":0,""adjournment_count"":0,""judge_change_count"":0,""cohort_size"":7,""cohort_age_percentile"":null,""bottleneck_type"":""UNKNOWN"",""actionability_level"":""LOW"",""triage_confidence"":""LOW"",""triage_score"":7.1,""component_scores"":{""structural_deviation"":14.0,""inactivity"":11.67,""age_deviation"":0,""adjournment"":0.0,""actionability"":0}}",Case has been in stage 'Pleadings / Issues' for 54 days (0.7x cohort median of 77d). Case exhibits normal or moderately delayed progression based on available synthetic timeline signals. Low administrative actionability.
SYN/UP/CS/2021/000014,Uttar Pradesh,Pune,UTTAR__DC_02,CS,CPC_GENERAL,district,2021-06-13,2021-06-28,2021-06-28,2021,2020,1890,Pending,Pleadings / Issues,2026-05-18,2021-07-28,2026-09-15,SYN-BENCH-08,90,22,0,0,0,0.54,4,,UNKNOWN,LOW,LOW,0,5.1,False,False,SYNTHETIC_AUGMENTED,Real-data-informed synthetic generator,"{""synthetic_cnr"":""SYN/UP/CS/2021/000014"",""court_establishment"":""UTTAR__DC_02"",""case_type"":""CS"",""current_stage"":""Pleadings / Issues"",""filing_date"":""2021-06-13"",""stage_entered_at"":""2026-05-18"",""days_in_current_stage"":90,""cohort_median_days_in_stage"":167.5,""stage_deviation_ratio"":0.54,""days_since_substantive_event"":22,""adjournment_streak"":0,""adjournment_count"":0,""judge_change_count"":0,""cohort_size"":4,""cohort_age_percentile"":null,""bottleneck_type"":""UNKNOWN"",""actionability_level"":""LOW"",""triage_confidence"":""LOW"",""triage_score"":5.1,""component_scores"":{""structural_deviation"":10.8,""inactivity"":7.33,""age_deviation"":0,""adjournment"":0.0,""actionability"":0}}",Case has been in stage 'Pleadings / Issues' for 90 days (0.54x cohort median of 168d). Case exhibits normal or moderately delayed progression based on available synthetic timeline signals. Low administrative actionability.
SYN/DL/BA/2020/000015,Delhi,Varanasi,DELHI_DC_04,BA,BAIL_GENERAL,district,2020-03-17,2020-03-18,2020-03-18,2020,2020,2343,Pending,Evidence / Argument,2026-02-25,2020-04-02,2026-10-09,SYN-BENCH-06,172,37,0,0,1,0.95,6,,UNKNOWN,LOW,LOW,0,8.8,False,False,SYNTHETIC_AUGMENTED,Real-data-informed synthetic generator,"{""synthetic_cnr"":""SYN/DL/BA/2020/000015"",""court_establishment"":""DELHI_DC_04"",""case_type"":""BA"",""current_stage"":""Evidence / Argument"",""filing_date"":""2020-03-17"",""stage_entered_at"":""2026-02-25"",""days_in_current_stage"":172,""cohort_median_days_in_stage"":181.0,""stage_deviation_ratio"":0.95,""days_since_substantive_event"":37,""adjournment_streak"":0,""adjournment_count"":0,""judge_change_count"":1,""cohort_size"":6,""cohort_age_percentile"":null,""bottleneck_type"":""UNKNOWN"",""actionability_level"":""LOW"",""triage_confidence"":""LOW"",""triage_score"":8.8,""component_scores"":{""structural_deviation"":19.0,""inactivity"":12.33,""age_deviation"":0,""adjournment"":0.0,""actionability"":0}}",Case has been in stage 'Evidence / Argument' for 172 days (0.95x cohort median of 181d). Case exhibits normal or moderately delayed progression based on available synthetic timeline signals. Low administrative actionability.
SYN/OT/BA/2024/000016,Madhya Pradesh,Varanasi,MADHYA_DC_03,BA,BAIL_GENERAL,district,2024-01-17,2024-01-30,2024-01-30,2024,2024,942,Pending,Pleadings / Issues,2026-04-24,2024-03-29,2026-11-13,SYN-BENCH-01,114,47,0,0,0,1.15,2,,UNKNOWN,LOW,LOW,0,10.8,False,False,SYNTHETIC_AUGMENTED,Real-data-informed synthetic generator,"{""synthetic_cnr"":""SYN/OT/BA/2024/000016"",""court_establishment"":""MADHYA_DC_03"",""case_type"":""BA"",""current_stage"":""Pleadings / Issues"",""filing_date"":""2024-01-17"",""stage_entered_at"":""2026-04-24"",""days_in_current_stage"":114,""cohort_median_days_in_stage"":99.0,""stage_deviation_ratio"":1.15,""days_since_substantive_event"":47,""adjournment_streak"":0,""adjournment_count"":0,""judge_change_count"":0,""cohort_size"":2,""cohort_age_percentile"":null,""bottleneck_type"":""UNKNOWN"",""actionability_level"":""LOW"",""triage_confidence"":""LOW"",""triage_score"":10.8,""component_scores"":{""structural_deviation"":23.0,""inactivity"":15.67,""age_deviation"":0,""adjournment"":0.0,""actionability"":0}}",Case has been in stage 'Pleadings / Issues' for 114 days (1.15x cohort median of 99d). Case exhibits normal or moderately delayed progression based on available synthetic timeline signals. Low administrative actionability.
SYN/OT/CRL_A/2022/000017,Tamil Nadu,Bhopal,TAMIL__DC_03,CRL_A,CRIMINAL_APPEAL,district,2022-08-09,2022-08-10,2022-08-10,2022,2022,1468,Pending,Summons / Appearance,2026-07-12,2022-09-15,2026-09-30,SYN-BENCH-09,35,14,0,0,0,0.57,2,,UNKNOWN,LOW,LOW,0,4.6,False,False,SYNTHETIC_AUGMENTED,Real-data-informed synthetic generator,"{""synthetic_cnr"":""SYN/OT/CRL_A/2022/000017"",""court_establishment"":""TAMIL__DC_03"",""case_type"":""CRL_A"",""current_stage"":""Summons / Appearance"",""filing_date"":""2022-08-09"",""stage_entered_at"":""2026-07-12"",""days_in_current_stage"":35,""cohort_median_days_in_stage"":61.5,""stage_deviation_ratio"":0.57,""days_since_substantive_event"":14,""adjournment_streak"":0,""adjournment_count"":0,""judge_change_count"":0,""cohort_size"":2,""cohort_age_percentile"":null,""bottleneck_type"":""UNKNOWN"",""actionability_level"":""LOW"",""triage_confidence"":""LOW"",""triage_score"":4.6,""component_scores"":{""structural_deviation"":11.4,""inactivity"":4.67,""age_deviation"":0,""adjournment"":0.0,""actionability"":0}}",Case has been in stage 'Summons / Appearance' for 35 days (0.57x cohort median of 62d). Case exhibits normal or moderately delayed progression based on available synthetic timeline signals. Low administrative actionability.
SYN/KL/MACA/2021/000018,Kerala,Kolkata,KERALA_DC_01,MACA,MOTOR_ACCIDENT,district,2021-07-16,2021-07-26,2021-07-26,2021,2020,1857,Pending,Evidence / Argument,2025-12-13,2021-09-04,2026-11-13,SYN-BENCH-06,246,107,1,1,2,1.24,2,,JUDGE_CHANGE,MEDIUM,LOW,1,28.4,False,False,SYNTHETIC_AUGMENTED,Real-data-informed synthetic generator,"{""synthetic_cnr"":""SYN/KL/MACA/2021/000018"",""court_establishment"":""KERALA_DC_01"",""case_type"":""MACA"",""current_stage"":""Evidence / Argument"",""filing_date"":""2021-07-16"",""stage_entered_at"":""2025-12-13"",""days_in_current_stage"":246,""cohort_median_days_in_stage"":199.0,""stage_deviation_ratio"":1.24,""days_since_substantive_event"":107,""adjournment_streak"":1,""adjournment_count"":1,""judge_change_count"":2,""cohort_size"":2,""cohort_age_percentile"":null,""bottleneck_type"":""JUDGE_CHANGE"",""actionability_level"":""MEDIUM"",""triage_confidence"":""LOW"",""triage_score"":28.4,""component_scores"":{""structural_deviation"":24.8,""inactivity"":35.67,""age_deviation"":0,""adjournment"":20.0,""actionability"":50}}",Case has been in stage 'Evidence / Argument' for 246 days (1.24x cohort median of 199d). Case exhibits normal or moderately delayed progression based on available synthetic timeline signals. Medium administrative actionability.
SYN/DL/BA/2021/000019,Delhi,Vijayawada,DELHI_DC_04,BA,BAIL_GENERAL,district,2021-02-25,2021-03-10,2021-03-10,2021,2020,1998,Pending,Evidence / Argument,2026-02-07,2021-04-20,2026-08-23,SYN-BENCH-12,190,12,0,0,0,1.05,6,,UNKNOWN,LOW,LOW,0,7.3,False,False,SYNTHETIC_AUGMENTED,Real-data-informed synthetic generator,"{""synthetic_cnr"":""SYN/DL/BA/2021/000019"",""court_establishment"":""DELHI_DC_04"",""case_type"":""BA"",""current_stage"":""Evidence / Argument"",""filing_date"":""2021-02-25"",""stage_entered_at"":""2026-02-07"",""days_in_current_stage"":190,""cohort_median_days_in_stage"":181.0,""stage_deviation_ratio"":1.05,""days_since_substantive_event"":12,""adjournment_streak"":0,""adjournment_count"":0,""judge_change_count"":0,""cohort_size"":6,""cohort_age_percentile"":null,""bottleneck_type"":""UNKNOWN"",""actionability_level"":""LOW"",""triage_confidence"":""LOW"",""triage_score"":7.3,""component_scores"":{""structural_deviation"":21.0,""inactivity"":4.0,""age_deviation"":0,""adjournment"":0.0,""actionability"":0}}",Case has been in stage 'Evidence / Argument' for 190 days (1.05x cohort median of 181d). Case exhibits normal or moderately delayed progression based on available synthetic timeline signals. Low administrative actionability.
SYN/OT/CS/2022/000020,Telangana,Kolkata,TELANG_DC_05,CS,CPC_GENERAL,district,2022-01-30,2022-02-03,2022-02-03,2022,2022,1659,Pending,Summons / Appearance,2026-03-19,2022-03-09,2026-11-01,SYN-BENCH-09,150,197,0,0,2,1.0,3,,JUDGE_CHANGE,MEDIUM,LOW,1,32.4,False,False,SYNTHETIC_AUGMENTED,Real-data-informed synthetic generator,"{""synthetic_cnr"":""SYN/OT/CS/2022/000020"",""court_establishment"":""TELANG_DC_05"",""case_type"":""CS"",""current_stage"":""Summons / Appearance"",""filing_date"":""2022-01-30"",""stage_entered_at"":""2026-03-19"",""days_in_current_stage"":150,""cohort_median_days_in_stage"":150,""stage_deviation_ratio"":1.0,""days_since_substantive_event"":197,""adjournment_streak"":0,""adjournment_count"":0,""judge_change_count"":2,""cohort_size"":3,""cohort_age_percentile"":null,""bottleneck_type"":""JUDGE_CHANGE"",""actionability_level"":""MEDIUM"",""triage_confidence"":""LOW"",""triage_score"":32.4,""component_scores"":{""structural_deviation"":20.0,""inactivity"":65.67,""age_deviation"":0,""adjournment"":0.0,""actionability"":50}}",Case has been in stage 'Summons / Appearance' for 150 days (1.0x cohort median of 150d). Case exhibits normal or moderately delayed progression based on available synthetic timeline signals. Medium administrative actionability.
SYN/OT/CS/2022/000021,Karnataka,Guntur,KARNAT_DC_01,CS,CPC_GENERAL,district,2022-02-14,2022-02-20,2022-02-20,2022,2022,1644,Pending,Summons / Appearance,2026-05-19,2022-03-13,2026-10-15,SYN-BENCH-12,89,28,0,0,0,1.36,2,,UNKNOWN,LOW,LOW,0,10.5,False,False,SYNTHETIC_AUGMENTED,Real-data-informed synthetic generator,"{""synthetic_cnr"":""SYN/OT/CS/2022/000021"",""court_establishment"":""KARNAT_DC_01"",""case_type"":""CS"",""current_stage"":""Summons / Appearance"",""filing_date"":""2022-02-14"",""stage_entered_at"":""2026-05-19"",""days_in_current_stage"":89,""cohort_median_days_in_stage"":65.5,""stage_deviation_ratio"":1.36,""days_since_substantive_event"":28,""adjournment_streak"":0,""adjournment_count"":0,""judge_change_count"":0,""cohort_size"":2,""cohort_age_percentile"":null,""bottleneck_type"":""UNKNOWN"",""actionability_level"":""LOW"",""triage_confidence"":""LOW"",""triage_score"":10.5,""component_scores"":{""structural_deviation"":27.2,""inactivity"":9.33,""age_deviation"":0,""adjournment"":0.0,""actionability"":0}}",Case has been in stage 'Summons / Appearance' for 89 days (1.36x cohort median of 66d). Case exhibits normal or moderately delayed progression based on available synthetic timeline signals. Low administrative actionability.
SYN/UP/CS/2024/000022,Uttar Pradesh,Delhi,UTTAR__DC_03,CS,CPC_GENERAL,district,2024-04-13,2024-04-13,2024-04-13,2024,2024,855,Pending,Summons / Appearance,2026-02-10,2024-05-21,2026-08-28,SYN-BENCH-10,187,116,5,5,0,1.42,7,,SUMMONS_DELAY,HIGH,LOW,1,48.2,False,False,SYNTHETIC_AUGMENTED,Real-data-informed synthetic generator,"{""synthetic_cnr"":""SYN/UP/CS/2024/000022"",""court_establishment"":""UTTAR__DC_03"",""case_type"":""CS"",""current_stage"":""Summons / Appearance"",""filing_date"":""2024-04-13"",""stage_entered_at"":""2026-02-10"",""days_in_current_stage"":187,""cohort_median_days_in_stage"":132,""stage_deviation_ratio"":1.42,""days_since_substantive_event"":116,""adjournment_streak"":5,""adjournment_count"":5,""judge_change_count"":0,""cohort_size"":7,""cohort_age_percentile"":null,""bottleneck_type"":""SUMMONS_DELAY"",""actionability_level"":""HIGH"",""triage_confidence"":""LOW"",""triage_score"":48.2,""component_scores"":{""structural_deviation"":28.4,""inactivity"":38.67,""age_deviation"":0,""adjournment"":100.0,""actionability"":100}}","Case has been in stage 'Summons / Appearance' for 187 days (1.42x cohort median of 132d). Summons was issued with no return of service recorded over 187 days, resulting in 5 consecutive adjournments. High administrative actionability."
SYN/MH/BA/2020/000023,Maharashtra,Jaipur,MAHARA_DC_04,BA,BAIL_GENERAL,district,2020-11-22,2020-12-06,2020-12-06,2020,2020,2093,Pending,Evidence / Argument,2026-03-17,2020-12-17,2026-10-19,SYN-BENCH-03,152,25,0,0,0,0.98,7,,UNKNOWN,LOW,LOW,0,8.0,False,False,SYNTHETIC_AUGMENTED,Real-data-informed synthetic generator,"{""synthetic_cnr"":""SYN/MH/BA/2020/000023"",""court_establishment"":""MAHARA_DC_04"",""case_type"":""BA"",""current_stage"":""Evidence / Argument"",""filing_date"":""2020-11-22"",""stage_entered_at"":""2026-03-17"",""days_in_current_stage"":152,""cohort_median_days_in_stage"":155,""stage_deviation_ratio"":0.98,""days_since_substantive_event"":25,""adjournment_streak"":0,""adjournment_count"":0,""judge_change_count"":0,""cohort_size"":7,""cohort_age_percentile"":null,""bottleneck_type"":""UNKNOWN"",""actionability_level"":""LOW"",""triage_confidence"":""LOW"",""triage_score"":8.0,""component_scores"":{""structural_deviation"":19.6,""inactivity"":8.33,""age_deviation"":0,""adjournment"":0.0,""actionability"":0}}",Case has been in stage 'Evidence / Argument' for 152 days (0.98x cohort median of 155d). Case exhibits normal or moderately delayed progression based on available synthetic timeline signals. Low administrative actionability.
SYN/OT/CRL_A/2024/000024,Chhattisgarh,Pune,CHHATT_DC_03,CRL_A,CRIMINAL_APPEAL,district,2024-12-18,2025-01-01,2025-01-01,2024,2024,606,Pending,Summons / Appearance,2026-02-26,2025-01-10,2026-09-17,SYN-BENCH-06,171,81,0,0,2,2.19,3,,JUDGE_CHANGE,MEDIUM,LOW,1,29.9,False,False,SYNTHETIC_AUGMENTED,Real-data-informed synthetic generator,"{""synthetic_cnr"":""SYN/OT/CRL_A/2024/000024"",""court_establishment"":""CHHATT_DC_03"",""case_type"":""CRL_A"",""current_stage"":""Summons / Appearance"",""filing_date"":""2024-12-18"",""stage_entered_at"":""2026-02-26"",""days_in_current_stage"":171,""cohort_median_days_in_stage"":78,""stage_deviation_ratio"":2.19,""days_since_substantive_event"":81,""adjournment_streak"":0,""adjournment_count"":0,""judge_change_count"":2,""cohort_size"":3,""cohort_age_percentile"":null,""bottleneck_type"":""JUDGE_CHANGE"",""actionability_level"":""MEDIUM"",""triage_confidence"":""LOW"",""triage_score"":29.9,""component_scores"":{""structural_deviation"":43.8,""inactivity"":27.0,""age_deviation"":0,""adjournment"":0.0,""actionability"":50}}",Case has been in stage 'Summons / Appearance' for 171 days (2.19x cohort median of 78d). Case exhibits normal or moderately delayed progression based on available synthetic timeline signals. Medium administrative actionability.
SYN/KL/BA/2022/000025,Kerala,Guntur,KERALA_DC_05,BA,BAIL_GENERAL,district,2022-02-04,2022-02-06,2022-02-06,2022,2022,1654,Pending,Pleadings / Issues,2026-05-14,2022-03-01,2026-09-17,SYN-BENCH-09,94,25,0,0,0,1.05,8,,UNKNOWN,LOW,LOW,0,8.4,False,False,SYNTHETIC_AUGMENTED,Real-data-informed synthetic generator,"{""synthetic_cnr"":""SYN/KL/BA/2022/000025"",""court_establishment"":""KERALA_DC_05"",""case_type"":""BA"",""current_stage"":""Pleadings / Issues"",""filing_date"":""2022-02-04"",""stage_entered_at"":""2026-05-14"",""days_in_current_stage"":94,""cohort_median_days_in_stage"":89.5,""stage_deviation_ratio"":1.05,""days_since_substantive_event"":25,""adjournment_streak"":0,""adjournment_count"":0,""judge_change_count"":0,""cohort_size"":8,""cohort_age_percentile"":null,""bottleneck_type"":""UNKNOWN"",""actionability_level"":""LOW"",""triage_confidence"":""LOW"",""triage_score"":8.4,""component_scores"":{""structural_deviation"":21.0,""inactivity"":8.33,""age_deviation"":0,""adjournment"":0.0,""actionability"":0}}",Case has been in stage 'Pleadings / Issues' for 94 days (1.05x cohort median of 90d). Case exhibits normal or moderately delayed progression based on available synthetic timeline signals. Low administrative actionability.
SYN/MH/BA/2020/000026,Maharashtra,Bhopal,MAHARA_DC_03,BA,BAIL_GENERAL,district,2020-01-11,2020-01-16,2020-01-16,2020,2020,2409,Pending,Evidence / Argument,2025-06-30,2020-02-23,2026-09-27,SYN-BENCH-06,412,340,2,2,2,1.47,5,,JUDGE_CHANGE,MEDIUM,LOW,1,47.8,False,False,SYNTHETIC_AUGMENTED,Real-data-informed synthetic generator,"{""synthetic_cnr"":""SYN/MH/BA/2020/000026"",""court_establishment"":""MAHARA_DC_03"",""case_type"":""BA"",""current_stage"":""Evidence / Argument"",""filing_date"":""2020-01-11"",""stage_entered_at"":""2025-06-30"",""days_in_current_stage"":412,""cohort_median_days_in_stage"":281,""stage_deviation_ratio"":1.47,""days_since_substantive_event"":340,""adjournment_streak"":2,""adjournment_count"":2,""judge_change_count"":2,""cohort_size"":5,""cohort_age_percentile"":null,""bottleneck_type"":""JUDGE_CHANGE"",""actionability_level"":""MEDIUM"",""triage_confidence"":""LOW"",""triage_score"":47.8,""component_scores"":{""structural_deviation"":29.4,""inactivity"":100.0,""age_deviation"":0,""adjournment"":40.0,""actionability"":50}}",Case has been in stage 'Evidence / Argument' for 412 days (1.47x cohort median of 281d). Case exhibits normal or moderately delayed progression based on available synthetic timeline signals. Medium administrative actionability.
SYN/AP/CRL_A/2023/000027,Andhra Pradesh,Bhopal,ANDHRA_DC_04,CRL_A,CRIMINAL_APPEAL,district,2023-07-05,2023-07-08,2023-07-08,2023,2022,1138,Pending,Summons / Appearance,2025-09-03,2023-08-30,2026-10-08,SYN-BENCH-08,347,209,5,5,2,1.59,7,,SUMMONS_DELAY,HIGH,LOW,1,57.0,False,False,SYNTHETIC_AUGMENTED,Real-data-informed synthetic generator,"{""synthetic_cnr"":""SYN/AP/CRL_A/2023/000027"",""court_establishment"":""ANDHRA_DC_04"",""case_type"":""CRL_A"",""current_stage"":""Summons / Appearance"",""filing_date"":""2023-07-05"",""stage_entered_at"":""2025-09-03"",""days_in_current_stage"":347,""cohort_median_days_in_stage"":218,""stage_deviation_ratio"":1.59,""days_since_substantive_event"":209,""adjournment_streak"":5,""adjournment_count"":5,""judge_change_count"":2,""cohort_size"":7,""cohort_age_percentile"":null,""bottleneck_type"":""SUMMONS_DELAY"",""actionability_level"":""HIGH"",""triage_confidence"":""LOW"",""triage_score"":57.0,""component_scores"":{""structural_deviation"":31.8,""inactivity"":69.67,""age_deviation"":0,""adjournment"":100.0,""actionability"":100}}","Case has been in stage 'Summons / Appearance' for 347 days (1.59x cohort median of 218d). Summons was issued with no return of service recorded over 347 days, resulting in 5 consecutive adjournments. High administrative actionability."
SYN/OT/MACA/2023/000028,Punjab,Kolkata,PUNJAB_DC_02,MACA,MOTOR_ACCIDENT,district,2023-11-08,2023-11-14,2023-11-14,2023,2022,1012,Pending,Final Arguments / Judgment,2026-07-15,2023-12-18,2026-09-02,SYN-BENCH-05,32,39,0,0,0,1.0,1,,UNKNOWN,LOW,LOW,0,9.2,False,False,SYNTHETIC_AUGMENTED,Real-data-informed synthetic generator,"{""synthetic_cnr"":""SYN/OT/MACA/2023/000028"",""court_establishment"":""PUNJAB_DC_02"",""case_type"":""MACA"",""current_stage"":""Final Arguments / Judgment"",""filing_date"":""2023-11-08"",""stage_entered_at"":""2026-07-15"",""days_in_current_stage"":32,""cohort_median_days_in_stage"":32,""stage_deviation_ratio"":1.0,""days_since_substantive_event"":39,""adjournment_streak"":0,""adjournment_count"":0,""judge_change_count"":0,""cohort_size"":1,""cohort_age_percentile"":null,""bottleneck_type"":""UNKNOWN"",""actionability_level"":""LOW"",""triage_confidence"":""LOW"",""triage_score"":9.2,""component_scores"":{""structural_deviation"":20.0,""inactivity"":13.0,""age_deviation"":0,""adjournment"":0.0,""actionability"":0}}",Case has been in stage 'Final Arguments / Judgment' for 32 days (1.0x cohort median of 32d). Case exhibits normal or moderately delayed progression based on available synthetic timeline signals. Low administrative actionability.
SYN/AP/BA/2024/000029,Andhra Pradesh,Thane,ANDHRA_DC_03,BA,BAIL_GENERAL,district,2024-04-21,2024-04-26,2024-04-26,2024,2024,847,Pending,Evidence / Argument,2025-12-23,2024-05-22,2026-09-03,SYN-BENCH-03,236,204,0,0,0,1.06,4,,PROCEDURAL_INACTIVITY,MEDIUM,LOW,1,33.4,False,False,SYNTHETIC_AUGMENTED,Real-data-informed synthetic generator,"{""synthetic_cnr"":""SYN/AP/BA/2024/000029"",""court_establishment"":""ANDHRA_DC_03"",""case_type"":""BA"",""current_stage"":""Evidence / Argument"",""filing_date"":""2024-04-21"",""stage_entered_at"":""2025-12-23"",""days_in_current_stage"":236,""cohort_median_days_in_stage"":222.0,""stage_deviation_ratio"":1.06,""days_since_substantive_event"":204,""adjournment_streak"":0,""adjournment_count"":0,""judge_change_count"":0,""cohort_size"":4,""cohort_age_percentile"":null,""bottleneck_type"":""PROCEDURAL_INACTIVITY"",""actionability_level"":""MEDIUM"",""triage_confidence"":""LOW"",""triage_score"":33.4,""component_scores"":{""structural_deviation"":21.2,""inactivity"":68.0,""age_deviation"":0,""adjournment"":0.0,""actionability"":50}}",Case has been in stage 'Evidence / Argument' for 236 days (1.06x cohort median of 222d). Case exhibits normal or moderately delayed progression based on available synthetic timeline signals. Medium administrative actionability.
SYN/OT/CRL_A/2024/000030,Tamil Nadu,Pune,TAMIL__DC_02,CRL_A,CRIMINAL_APPEAL,district,2024-02-09,2024-02-16,2024-02-16,2024,2024,919,Pending,Summons / Appearance,2026-04-23,2024-03-24,2026-09-30,SYN-BENCH-07,115,20,0,0,0,1.0,1,,UNKNOWN,LOW,LOW,0,7.7,False,False,SYNTHETIC_AUGMENTED,Real-data-informed synthetic generator,"{""synthetic_cnr"":""SYN/OT/CRL_A/2024/000030"",""court_establishment"":""TAMIL__DC_02"",""case_type"":""CRL_A"",""current_stage"":""Summons / Appearance"",""filing_date"":""2024-02-09"",""stage_entered_at"":""2026-04-23"",""days_in_current_stage"":115,""cohort_median_days_in_stage"":115,""stage_deviation_ratio"":1.0,""days_since_substantive_event"":20,""adjournment_streak"":0,""adjournment_count"":0,""judge_change_count"":0,""cohort_size"":1,""cohort_age_percentile"":null,""bottleneck_type"":""UNKNOWN"",""actionability_level"":""LOW"",""triage_confidence"":""LOW"",""triage_score"":7.7,""component_scores"":{""structural_deviation"":20.0,""inactivity"":6.67,""age_deviation"":0,""adjournment"":0.0,""actionability"":0}}",Case has been in stage 'Summons / Appearance' for 115 days (1.0x cohort median of 115d). Case exhibits normal or moderately delayed progression based on available synthetic timeline signals. Low administrative actionability.
SYN/MH/WP_C/2020/000031,Maharashtra,Pune,MAHARA_DC_05,WP_C,WRIT_GENERAL,district,2020-01-17,2020-01-27,2020-01-27,2020,2020,2403,Pending,Pleadings / Issues,2026-05-16,2020-02-08,2026-11-13,SYN-BENCH-09,92,26,0,0,0,1.0,3,,UNKNOWN,LOW,LOW,0,8.2,False,False,SYNTHETIC_AUGMENTED,Real-data-informed synthetic generator,"{""synthetic_cnr"":""SYN/MH/WP_C/2020/000031"",""court_establishment"":""MAHARA_DC_05"",""case_type"":""WP_C"",""current_stage"":""Pleadings / Issues"",""filing_date"":""2020-01-17"",""stage_entered_at"":""2026-05-16"",""days_in_current_stage"":92,""cohort_median_days_in_stage"":92,""stage_deviation_ratio"":1.0,""days_since_substantive_event"":26,""adjournment_streak"":0,""adjournment_count"":0,""judge_change_count"":0,""cohort_size"":3,""cohort_age_percentile"":null,""bottleneck_type"":""UNKNOWN"",""actionability_level"":""LOW"",""triage_confidence"":""LOW"",""triage_score"":8.2,""component_scores"":{""structural_deviation"":20.0,""inactivity"":8.67,""age_deviation"":0,""adjournment"":0.0,""actionability"":0}}",Case has been in stage 'Pleadings / Issues' for 92 days (1.0x cohort median of 92d). Case exhibits normal or moderately delayed progression based on available synthetic timeline signals. Low administrative actionability.
SYN/UP/WP_C/2023/000032,Uttar Pradesh,Delhi,UTTAR__DC_01,WP_C,WRIT_GENERAL,district,2023-03-30,2023-04-11,2023-04-11,2023,2022,1235,Pending,Pleadings / Issues,2026-07-05,2023-06-02,2026-08-29,SYN-BENCH-08,42,9,0,0,0,0.81,5,,UNKNOWN,LOW,LOW,0,5.6,False,False,SYNTHETIC_AUGMENTED,Real-data-informed synthetic generator,"{""synthetic_cnr"":""SYN/UP/WP_C/2023/000032"",""court_establishment"":""UTTAR__DC_01"",""case_type"":""WP_C"",""current_stage"":""Pleadings / Issues"",""filing_date"":""2023-03-30"",""stage_entered_at"":""2026-07-05"",""days_in_current_stage"":42,""cohort_median_days_in_stage"":52,""stage_deviation_ratio"":0.81,""days_since_substantive_event"":9,""adjournment_streak"":0,""adjournment_count"":0,""judge_change_count"":0,""cohort_size"":5,""cohort_age_percentile"":null,""bottleneck_type"":""UNKNOWN"",""actionability_level"":""LOW"",""triage_confidence"":""LOW"",""triage_score"":5.6,""component_scores"":{""structural_deviation"":16.2,""inactivity"":3.0,""age_deviation"":0,""adjournment"":0.0,""actionability"":0}}",Case has been in stage 'Pleadings / Issues' for 42 days (0.81x cohort median of 52d). Case exhibits normal or moderately delayed progression based on available synthetic timeline signals. Low administrative actionability.
SYN/OT/BA/2022/000033,Jharkhand,Jaipur,JHARKH_DC_05,BA,BAIL_GENERAL,district,2022-11-04,2022-11-10,2022-11-10,2022,2022,1381,Pending,Summons / Appearance,2026-07-14,2022-12-03,2026-09-15,SYN-BENCH-12,33,31,0,0,0,0.43,7,,UNKNOWN,LOW,LOW,0,5.2,False,False,SYNTHETIC_AUGMENTED,Real-data-informed synthetic generator,"{""synthetic_cnr"":""SYN/OT/BA/2022/000033"",""court_establishment"":""JHARKH_DC_05"",""case_type"":""BA"",""current_stage"":""Summons / Appearance"",""filing_date"":""2022-11-04"",""stage_entered_at"":""2026-07-14"",""days_in_current_stage"":33,""cohort_median_days_in_stage"":77,""stage_deviation_ratio"":0.43,""days_since_substantive_event"":31,""adjournment_streak"":0,""adjournment_count"":0,""judge_change_count"":0,""cohort_size"":7,""cohort_age_percentile"":null,""bottleneck_type"":""UNKNOWN"",""actionability_level"":""LOW"",""triage_confidence"":""LOW"",""triage_score"":5.2,""component_scores"":{""structural_deviation"":8.6,""inactivity"":10.33,""age_deviation"":0,""adjournment"":0.0,""actionability"":0}}",Case has been in stage 'Summons / Appearance' for 33 days (0.43x cohort median of 77d). Case exhibits normal or moderately delayed progression based on available synthetic timeline signals. Low administrative actionability.
SYN/DL/CS/2023/000034,Delhi,Vijayawada,DELHI_DC_03,CS,CPC_GENERAL,district,2023-11-17,2023-12-02,2023-12-02,2023,2022,1003,Pending,Evidence / Argument,2026-04-10,2023-12-17,2026-10-09,SYN-BENCH-02,128,25,0,0,0,0.81,5,,UNKNOWN,LOW,LOW,0,6.9,False,False,SYNTHETIC_AUGMENTED,Real-data-informed synthetic generator,"{""synthetic_cnr"":""SYN/DL/CS/2023/000034"",""court_establishment"":""DELHI_DC_03"",""case_type"":""CS"",""current_stage"":""Evidence / Argument"",""filing_date"":""2023-11-17"",""stage_entered_at"":""2026-04-10"",""days_in_current_stage"":128,""cohort_median_days_in_stage"":159,""stage_deviation_ratio"":0.81,""days_since_substantive_event"":25,""adjournment_streak"":0,""adjournment_count"":0,""judge_change_count"":0,""cohort_size"":5,""cohort_age_percentile"":null,""bottleneck_type"":""UNKNOWN"",""actionability_level"":""LOW"",""triage_confidence"":""LOW"",""triage_score"":6.9,""component_scores"":{""structural_deviation"":16.2,""inactivity"":8.33,""age_deviation"":0,""adjournment"":0.0,""actionability"":0}}",Case has been in stage 'Evidence / Argument' for 128 days (0.81x cohort median of 159d). Case exhibits normal or moderately delayed progression based on available synthetic timeline signals. Low administrative actionability.
SYN/OT/CRL_A/2023/000035,Punjab,Varanasi,PUNJAB_DC_05,CRL_A,CRIMINAL_APPEAL,district,2023-05-06,2023-05-20,2023-05-20,2023,2022,1198,Pending,Evidence / Argument,2025-12-17,2023-07-01,2026-10-02,SYN-BENCH-05,242,31,0,0,0,1.0,1,,UNKNOWN,LOW,LOW,0,8.6,False,False,SYNTHETIC_AUGMENTED,Real-data-informed synthetic generator,"{""synthetic_cnr"":""SYN/OT/CRL_A/2023/000035"",""court_establishment"":""PUNJAB_DC_05"",""case_type"":""CRL_A"",""current_stage"":""Evidence / Argument"",""filing_date"":""2023-05-06"",""stage_entered_at"":""2025-12-17"",""days_in_current_stage"":242,""cohort_median_days_in_stage"":242,""stage_deviation_ratio"":1.0,""days_since_substantive_event"":31,""adjournment_streak"":0,""adjournment_count"":0,""judge_change_count"":0,""cohort_size"":1,""cohort_age_percentile"":null,""bottleneck_type"":""UNKNOWN"",""actionability_level"":""LOW"",""triage_confidence"":""LOW"",""triage_score"":8.6,""component_scores"":{""structural_deviation"":20.0,""inactivity"":10.33,""age_deviation"":0,""adjournment"":0.0,""actionability"":0}}",Case has been in stage 'Evidence / Argument' for 242 days (1.0x cohort median of 242d). Case exhibits normal or moderately delayed progression based on available synthetic timeline signals. Low administrative actionability.
SYN/KL/WP_C/2021/000036,Kerala,Varanasi,KERALA_DC_01,WP_C,WRIT_GENERAL,district,2021-12-03,2021-12-07,2021-12-07,2021,2020,1717,Pending,Summons / Appearance,2026-04-24,2021-12-14,2026-11-04,SYN-BENCH-07,114,164,0,0,3,1.0,5,,JUDGE_CHANGE,MEDIUM,LOW,1,22.8,False,False,SYNTHETIC_AUGMENTED,Real-data-informed synthetic generator,"{""synthetic_cnr"":""SYN/KL/WP_C/2021/000036"",""court_establishment"":""KERALA_DC_01"",""case_type"":""WP_C"",""current_stage"":""Summons / Appearance"",""filing_date"":""2021-12-03"",""stage_entered_at"":""2026-04-24"",""days_in_current_stage"":114,""cohort_median_days_in_stage"":114,""stage_deviation_ratio"":1.0,""days_since_substantive_event"":164,""adjournment_streak"":0,""adjournment_count"":0,""judge_change_count"":3,""cohort_size"":5,""cohort_age_percentile"":null,""bottleneck_type"":""JUDGE_CHANGE"",""actionability_level"":""MEDIUM"",""triage_confidence"":""LOW"",""triage_score"":22.8,""component_scores"":{""structural_deviation"":20.0,""inactivity"":27.33,""age_deviation"":0,""adjournment"":0.0,""actionability"":50}}",Case has been in stage 'Summons / Appearance' for 114 days (1.0x cohort median of 114d). Case exhibits normal or moderately delayed progression based on available synthetic timeline signals. Medium administrative actionability.
SYN/AP/BA/2020/000037,Andhra Pradesh,Lucknow,ANDHRA_DC_03,BA,BAIL_GENERAL,district,2020-05-03,2020-05-06,2020-05-06,2020,2020,2296,Pending,Pleadings / Issues,2026-05-25,2020-06-20,2026-10-03,SYN-BENCH-09,83,33,0,0,0,1.0,3,,UNKNOWN,LOW,LOW,0,8.8,False,False,SYNTHETIC_AUGMENTED,Real-data-informed synthetic generator,"{""synthetic_cnr"":""SYN/AP/BA/2020/000037"",""court_establishment"":""ANDHRA_DC_03"",""case_type"":""BA"",""current_stage"":""Pleadings / Issues"",""filing_date"":""2020-05-03"",""stage_entered_at"":""2026-05-25"",""days_in_current_stage"":83,""cohort_median_days_in_stage"":83,""stage_deviation_ratio"":1.0,""days_since_substantive_event"":33,""adjournment_streak"":0,""adjournment_count"":0,""judge_change_count"":0,""cohort_size"":3,""cohort_age_percentile"":null,""bottleneck_type"":""UNKNOWN"",""actionability_level"":""LOW"",""triage_confidence"":""LOW"",""triage_score"":8.8,""component_scores"":{""structural_deviation"":20.0,""inactivity"":11.0,""age_deviation"":0,""adjournment"":0.0,""actionability"":0}}",Case has been in stage 'Pleadings / Issues' for 83 days (1.0x cohort median of 83d). Case exhibits normal or moderately delayed progression based on available synthetic timeline signals. Low administrative actionability.
SYN/UP/CS/2022/000038,Uttar Pradesh,Jaipur,UTTAR__DC_05,CS,CPC_GENERAL,district,2022-10-31,2022-11-02,2022-11-02,2022,2022,1385,Pending,Evidence / Argument,2026-05-22,2022-12-17,2026-10-20,SYN-BENCH-01,86,51,0,0,0,0.36,8,,UNKNOWN,LOW,LOW,0,6.4,False,False,SYNTHETIC_AUGMENTED,Real-data-informed synthetic generator,"{""synthetic_cnr"":""SYN/UP/CS/2022/000038"",""court_establishment"":""UTTAR__DC_05"",""case_type"":""CS"",""current_stage"":""Evidence / Argument"",""filing_date"":""2022-10-31"",""stage_entered_at"":""2026-05-22"",""days_in_current_stage"":86,""cohort_median_days_in_stage"":238.0,""stage_deviation_ratio"":0.36,""days_since_substantive_event"":51,""adjournment_streak"":0,""adjournment_count"":0,""judge_change_count"":0,""cohort_size"":8,""cohort_age_percentile"":null,""bottleneck_type"":""UNKNOWN"",""actionability_level"":""LOW"",""triage_confidence"":""LOW"",""triage_score"":6.4,""component_scores"":{""structural_deviation"":7.2,""inactivity"":17.0,""age_deviation"":0,""adjournment"":0.0,""actionability"":0}}",Case has been in stage 'Evidence / Argument' for 86 days (0.36x cohort median of 238d). Case exhibits normal or moderately delayed progression based on available synthetic timeline signals. Low administrative actionability.
SYN/OT/WP_C/2024/000039,Bihar,Lucknow,BIHAR_DC_04,WP_C,WRIT_GENERAL,district,2024-06-11,2024-06-15,2024-06-15,2024,2024,796,Pending,Final Arguments / Judgment,2026-02-07,2024-08-08,2026-10-12,SYN-BENCH-03,190,131,0,0,1,1.0,1,,PROCEDURAL_INACTIVITY,MEDIUM,LOW,1,26.9,False,False,SYNTHETIC_AUGMENTED,Real-data-informed synthetic generator,"{""synthetic_cnr"":""SYN/OT/WP_C/2024/000039"",""court_establishment"":""BIHAR_DC_04"",""case_type"":""WP_C"",""current_stage"":""Final Arguments / Judgment"",""filing_date"":""2024-06-11"",""stage_entered_at"":""2026-02-07"",""days_in_current_stage"":190,""cohort_median_days_in_stage"":190,""stage_deviation_ratio"":1.0,""days_since_substantive_event"":131,""adjournment_streak"":0,""adjournment_count"":0,""judge_change_count"":1,""cohort_size"":1,""cohort_age_percentile"":null,""bottleneck_type"":""PROCEDURAL_INACTIVITY"",""actionability_level"":""MEDIUM"",""triage_confidence"":""LOW"",""triage_score"":26.9,""component_scores"":{""structural_deviation"":20.0,""inactivity"":43.67,""age_deviation"":0,""adjournment"":0.0,""actionability"":50}}",Case has been in stage 'Final Arguments / Judgment' for 190 days (1.0x cohort median of 190d). Case exhibits normal or moderately delayed progression based on available synthetic timeline signals. Medium administrative actionability.
SYN/UP/CRL_A/2023/000040,Uttar Pradesh,Bhopal,UTTAR__DC_04,CRL_A,CRIMINAL_APPEAL,district,2023-03-29,2023-04-12,2023-04-12,2023,2022,1236,Pending,Evidence / Argument,2026-04-05,2023-05-11,2026-11-14,SYN-BENCH-10,133,16,0,0,0,1.02,2,,UNKNOWN,LOW,LOW,0,7.5,False,False,SYNTHETIC_AUGMENTED,Real-data-informed synthetic generator,"{""synthetic_cnr"":""SYN/UP/CRL_A/2023/000040"",""court_establishment"":""UTTAR__DC_04"",""case_type"":""CRL_A"",""current_stage"":""Evidence / Argument"",""filing_date"":""2023-03-29"",""stage_entered_at"":""2026-04-05"",""days_in_current_stage"":133,""cohort_median_days_in_stage"":130.5,""stage_deviation_ratio"":1.02,""days_since_substantive_event"":16,""adjournment_streak"":0,""adjournment_count"":0,""judge_change_count"":0,""cohort_size"":2,""cohort_age_percentile"":null,""bottleneck_type"":""UNKNOWN"",""actionability_level"":""LOW"",""triage_confidence"":""LOW"",""triage_score"":7.5,""component_scores"":{""structural_deviation"":20.4,""inactivity"":5.33,""age_deviation"":0,""adjournment"":0.0,""actionability"":0}}",Case has been in stage 'Evidence / Argument' for 133 days (1.02x cohort median of 130d). Case exhibits normal or moderately delayed progression based on available synthetic timeline signals. Low administrative actionability.
SYN/UP/BA/2022/000041,Uttar Pradesh,Guntur,UTTAR__DC_04,BA,BAIL_GENERAL,district,2022-08-18,2022-08-29,2022-08-29,2022,2022,1459,Pending,Pleadings / Issues,2026-04-27,2022-09-21,2026-10-29,SYN-BENCH-01,111,20,0,0,0,1.66,7,,UNKNOWN,LOW,LOW,0,11.6,False,False,SYNTHETIC_AUGMENTED,Real-data-informed synthetic generator,"{""synthetic_cnr"":""SYN/UP/BA/2022/000041"",""court_establishment"":""UTTAR__DC_04"",""case_type"":""BA"",""current_stage"":""Pleadings / Issues"",""filing_date"":""2022-08-18"",""stage_entered_at"":""2026-04-27"",""days_in_current_stage"":111,""cohort_median_days_in_stage"":67,""stage_deviation_ratio"":1.66,""days_since_substantive_event"":20,""adjournment_streak"":0,""adjournment_count"":0,""judge_change_count"":0,""cohort_size"":7,""cohort_age_percentile"":null,""bottleneck_type"":""UNKNOWN"",""actionability_level"":""LOW"",""triage_confidence"":""LOW"",""triage_score"":11.6,""component_scores"":{""structural_deviation"":33.2,""inactivity"":6.67,""age_deviation"":0,""adjournment"":0.0,""actionability"":0}}",Case has been in stage 'Pleadings / Issues' for 111 days (1.66x cohort median of 67d). Case exhibits normal or moderately delayed progression based on available synthetic timeline signals. Low administrative actionability.
SYN/OT/CRL_A/2023/000042,Odisha,Bhopal,ODISHA_DC_03,CRL_A,CRIMINAL_APPEAL,district,2023-05-17,2023-06-01,2023-06-01,2023,2022,1187,Pending,Summons / Appearance,2026-01-18,2023-06-20,2026-08-25,SYN-BENCH-12,210,148,0,0,1,3.0,5,,PROCEDURAL_INACTIVITY,MEDIUM,LOW,1,40.3,False,False,SYNTHETIC_AUGMENTED,Real-data-informed synthetic generator,"{""synthetic_cnr"":""SYN/OT/CRL_A/2023/000042"",""court_establishment"":""ODISHA_DC_03"",""case_type"":""CRL_A"",""current_stage"":""Summons / Appearance"",""filing_date"":""2023-05-17"",""stage_entered_at"":""2026-01-18"",""days_in_current_stage"":210,""cohort_median_days_in_stage"":70,""stage_deviation_ratio"":3.0,""days_since_substantive_event"":148,""adjournment_streak"":0,""adjournment_count"":0,""judge_change_count"":1,""cohort_size"":5,""cohort_age_percentile"":null,""bottleneck_type"":""PROCEDURAL_INACTIVITY"",""actionability_level"":""MEDIUM"",""triage_confidence"":""LOW"",""triage_score"":40.3,""component_scores"":{""structural_deviation"":60.0,""inactivity"":49.33,""age_deviation"":0,""adjournment"":0.0,""actionability"":50}}",Case has been in stage 'Summons / Appearance' for 210 days (3.0x cohort median of 70d). Case exhibits normal or moderately delayed progression based on available synthetic timeline signals. Medium administrative actionability.
SYN/OT/CS/2021/000043,Tamil Nadu,Kochi,TAMIL__DC_04,CS,CPC_GENERAL,district,2021-07-20,2021-07-22,2021-07-22,2021,2020,1853,Pending,Summons / Appearance,2025-12-29,2021-08-22,2026-08-28,SYN-BENCH-10,230,118,6,6,1,1.0,3,,SUMMONS_DELAY,HIGH,LOW,1,45.8,False,False,SYNTHETIC_AUGMENTED,Real-data-informed synthetic generator,"{""synthetic_cnr"":""SYN/OT/CS/2021/000043"",""court_establishment"":""TAMIL__DC_04"",""case_type"":""CS"",""current_stage"":""Summons / Appearance"",""filing_date"":""2021-07-20"",""stage_entered_at"":""2025-12-29"",""days_in_current_stage"":230,""cohort_median_days_in_stage"":230,""stage_deviation_ratio"":1.0,""days_since_substantive_event"":118,""adjournment_streak"":6,""adjournment_count"":6,""judge_change_count"":1,""cohort_size"":3,""cohort_age_percentile"":null,""bottleneck_type"":""SUMMONS_DELAY"",""actionability_level"":""HIGH"",""triage_confidence"":""LOW"",""triage_score"":45.8,""component_scores"":{""structural_deviation"":20.0,""inactivity"":39.33,""age_deviation"":0,""adjournment"":100.0,""actionability"":100}}","Case has been in stage 'Summons / Appearance' for 230 days (1.0x cohort median of 230d). Summons was issued with no return of service recorded over 230 days, resulting in 6 consecutive adjournments. High administrative actionability."
SYN/KL/CRL_A/2024/000044,Kerala,Pune,KERALA_DC_02,CRL_A,CRIMINAL_APPEAL,district,2024-12-23,2025-01-03,2025-01-03,2024,2024,601,Pending,Pleadings / Issues,2026-02-07,2025-02-09,2026-09-20,SYN-BENCH-07,190,240,1,1,0,1.39,2,,PROCEDURAL_INACTIVITY,MEDIUM,LOW,1,40.3,False,False,SYNTHETIC_AUGMENTED,Real-data-informed synthetic generator,"{""synthetic_cnr"":""SYN/KL/CRL_A/2024/000044"",""court_establishment"":""KERALA_DC_02"",""case_type"":""CRL_A"",""current_stage"":""Pleadings / Issues"",""filing_date"":""2024-12-23"",""stage_entered_at"":""2026-02-07"",""days_in_current_stage"":190,""cohort_median_days_in_stage"":137.0,""stage_deviation_ratio"":1.39,""days_since_substantive_event"":240,""adjournment_streak"":1,""adjournment_count"":1,""judge_change_count"":0,""cohort_size"":2,""cohort_age_percentile"":null,""bottleneck_type"":""PROCEDURAL_INACTIVITY"",""actionability_level"":""MEDIUM"",""triage_confidence"":""LOW"",""triage_score"":40.3,""component_scores"":{""structural_deviation"":27.8,""inactivity"":80.0,""age_deviation"":0,""adjournment"":20.0,""actionability"":50}}",Case has been in stage 'Pleadings / Issues' for 190 days (1.39x cohort median of 137d). Case exhibits normal or moderately delayed progression based on available synthetic timeline signals. Medium administrative actionability.
SYN/OT/BA/2024/000045,West Bengal,Thiruvananthapuram,WEST_B_DC_02,BA,BAIL_GENERAL,district,2024-09-22,2024-09-29,2024-09-29,2024,2024,693,Pending,Pleadings / Issues,2026-05-28,2024-11-10,2026-11-08,SYN-BENCH-10,80,31,0,0,1,1.0,1,,UNKNOWN,LOW,LOW,0,8.6,False,False,SYNTHETIC_AUGMENTED,Real-data-informed synthetic generator,"{""synthetic_cnr"":""SYN/OT/BA/2024/000045"",""court_establishment"":""WEST_B_DC_02"",""case_type"":""BA"",""current_stage"":""Pleadings / Issues"",""filing_date"":""2024-09-22"",""stage_entered_at"":""2026-05-28"",""days_in_current_stage"":80,""cohort_median_days_in_stage"":80,""stage_deviation_ratio"":1.0,""days_since_substantive_event"":31,""adjournment_streak"":0,""adjournment_count"":0,""judge_change_count"":1,""cohort_size"":1,""cohort_age_percentile"":null,""bottleneck_type"":""UNKNOWN"",""actionability_level"":""LOW"",""triage_confidence"":""LOW"",""triage_score"":8.6,""component_scores"":{""structural_deviation"":20.0,""inactivity"":10.33,""age_deviation"":0,""adjournment"":0.0,""actionability"":0}}",Case has been in stage 'Pleadings / Issues' for 80 days (1.0x cohort median of 80d). Case exhibits normal or moderately delayed progression based on available synthetic timeline signals. Low administrative actionability.
SYN/AP/BA/2020/000046,Andhra Pradesh,Kolkata,ANDHRA_DC_02,BA,BAIL_GENERAL,district,2020-02-26,2020-03-06,2020-03-06,2020,2020,2363,Pending,Summons / Appearance,2026-01-07,2020-03-17,2026-09-29,SYN-BENCH-12,221,212,0,0,0,1.17,2,,PROCEDURAL_INACTIVITY,MEDIUM,LOW,1,34.7,False,False,SYNTHETIC_AUGMENTED,Real-data-informed synthetic generator,"{""synthetic_cnr"":""SYN/AP/BA/2020/000046"",""court_establishment"":""ANDHRA_DC_02"",""case_type"":""BA"",""current_stage"":""Summons / Appearance"",""filing_date"":""2020-02-26"",""stage_entered_at"":""2026-01-07"",""days_in_current_stage"":221,""cohort_median_days_in_stage"":189.0,""stage_deviation_ratio"":1.17,""days_since_substantive_event"":212,""adjournment_streak"":0,""adjournment_count"":0,""judge_change_count"":0,""cohort_size"":2,""cohort_age_percentile"":null,""bottleneck_type"":""PROCEDURAL_INACTIVITY"",""actionability_level"":""MEDIUM"",""triage_confidence"":""LOW"",""triage_score"":34.7,""component_scores"":{""structural_deviation"":23.4,""inactivity"":70.67,""age_deviation"":0,""adjournment"":0.0,""actionability"":50}}",Case has been in stage 'Summons / Appearance' for 221 days (1.17x cohort median of 189d). Case exhibits normal or moderately delayed progression based on available synthetic timeline signals. Medium administrative actionability.
SYN/DL/BA/2019/000047,Delhi,Kochi,DELHI_DC_03,BA,BAIL_GENERAL,district,2019-03-20,2019-03-29,2019-03-29,2019,2018,2706,Pending,Summons / Appearance,2026-06-22,2019-04-24,2026-10-25,SYN-BENCH-05,55,7,0,0,0,1.0,3,,UNKNOWN,LOW,LOW,0,6.6,False,False,SYNTHETIC_AUGMENTED,Real-data-informed synthetic generator,"{""synthetic_cnr"":""SYN/DL/BA/2019/000047"",""court_establishment"":""DELHI_DC_03"",""case_type"":""BA"",""current_stage"":""Summons / Appearance"",""filing_date"":""2019-03-20"",""stage_entered_at"":""2026-06-22"",""days_in_current_stage"":55,""cohort_median_days_in_stage"":55,""stage_deviation_ratio"":1.0,""days_since_substantive_event"":7,""adjournment_streak"":0,""adjournment_count"":0,""judge_change_count"":0,""cohort_size"":3,""cohort_age_percentile"":null,""bottleneck_type"":""UNKNOWN"",""actionability_level"":""LOW"",""triage_confidence"":""LOW"",""triage_score"":6.6,""component_scores"":{""structural_deviation"":20.0,""inactivity"":2.33,""age_deviation"":0,""adjournment"":0.0,""actionability"":0}}",Case has been in stage 'Summons / Appearance' for 55 days (1.0x cohort median of 55d). Case exhibits normal or moderately delayed progression based on available synthetic timeline signals. Low administrative actionability.
SYN/OT/BA/2021/000048,Gujarat,Kolkata,GUJARA_DC_01,BA,BAIL_GENERAL,district,2021-09-01,2021-09-09,2021-09-09,2021,2020,1810,Pending,Summons / Appearance,2025-08-02,2021-10-01,2026-08-23,SYN-BENCH-02,379,129,6,6,2,1.54,2,,SUMMONS_DELAY,HIGH,LOW,1,50.0,False,False,SYNTHETIC_AUGMENTED,Real-data-informed synthetic generator,"{""synthetic_cnr"":""SYN/OT/BA/2021/000048"",""court_establishment"":""GUJARA_DC_01"",""case_type"":""BA"",""current_stage"":""Summons / Appearance"",""filing_date"":""2021-09-01"",""stage_entered_at"":""2025-08-02"",""days_in_current_stage"":379,""cohort_median_days_in_stage"":246.0,""stage_deviation_ratio"":1.54,""days_since_substantive_event"":129,""adjournment_streak"":6,""adjournment_count"":6,""judge_change_count"":2,""cohort_size"":2,""cohort_age_percentile"":null,""bottleneck_type"":""SUMMONS_DELAY"",""actionability_level"":""HIGH"",""triage_confidence"":""LOW"",""triage_score"":50.0,""component_scores"":{""structural_deviation"":30.8,""inactivity"":43.0,""age_deviation"":0,""adjournment"":100.0,""actionability"":100}}","Case has been in stage 'Summons / Appearance' for 379 days (1.54x cohort median of 246d). Summons was issued with no return of service recorded over 379 days, resulting in 6 consecutive adjournments. High administrative actionability."
SYN/OT/WP_C/2022/000049,Telangana,Kochi,TELANG_DC_01,WP_C,WRIT_GENERAL,district,2022-03-08,2022-03-08,2022-03-08,2022,2022,1622,Pending,Evidence / Argument,2026-06-29,2022-03-21,2026-10-14,SYN-BENCH-10,48,46,0,0,0,0.41,2,,UNKNOWN,LOW,LOW,0,6.3,False,False,SYNTHETIC_AUGMENTED,Real-data-informed synthetic generator,"{""synthetic_cnr"":""SYN/OT/WP_C/2022/000049"",""court_establishment"":""TELANG_DC_01"",""case_type"":""WP_C"",""current_stage"":""Evidence / Argument"",""filing_date"":""2022-03-08"",""stage_entered_at"":""2026-06-29"",""days_in_current_stage"":48,""cohort_median_days_in_stage"":117.5,""stage_deviation_ratio"":0.41,""days_since_substantive_event"":46,""adjournment_streak"":0,""adjournment_count"":0,""judge_change_count"":0,""cohort_size"":2,""cohort_age_percentile"":null,""bottleneck_type"":""UNKNOWN"",""actionability_level"":""LOW"",""triage_confidence"":""LOW"",""triage_score"":6.3,""component_scores"":{""structural_deviation"":8.2,""inactivity"":15.33,""age_deviation"":0,""adjournment"":0.0,""actionability"":0}}",Case has been in stage 'Evidence / Argument' for 48 days (0.41x cohort median of 118d). Case exhibits normal or moderately delayed progression based on available synthetic timeline signals. Low administrative actionability.
SYN/MH/BA/2022/000050,Maharashtra,Delhi,MAHARA_DC_03,BA,BAIL_GENERAL,district,2022-09-08,2022-09-21,2022-09-21,2022,2022,1438,Pending,Final Arguments / Judgment,2026-06-11,2022-10-19,2026-09-09,SYN-BENCH-02,66,27,0,0,0,0.56,7,,UNKNOWN,LOW,LOW,0,5.6,False,False,SYNTHETIC_AUGMENTED,Real-data-informed synthetic generator,"{""synthetic_cnr"":""SYN/MH/BA/2022/000050"",""court_establishment"":""MAHARA_DC_03"",""case_type"":""BA"",""current_stage"":""Final Arguments / Judgment"",""filing_date"":""2022-09-08"",""stage_entered_at"":""2026-06-11"",""days_in_current_stage"":66,""cohort_median_days_in_stage"":118,""stage_deviation_ratio"":0.56,""days_since_substantive_event"":27,""adjournment_streak"":0,""adjournment_count"":0,""judge_change_count"":0,""cohort_size"":7,""cohort_age_percentile"":null,""bottleneck_type"":""UNKNOWN"",""actionability_level"":""LOW"",""triage_confidence"":""LOW"",""triage_score"":5.6,""component_scores"":{""structural_deviation"":11.2,""inactivity"":9.0,""age_deviation"":0,""adjournment"":0.0,""actionability"":0}}",Case has been in stage 'Final Arguments / Judgment' for 66 days (0.56x cohort median of 118d). Case exhibits normal or moderately delayed progression based on available synthetic timeline signals. Low administrative actionability.
SYN/DL/BA/2022/000051,Delhi,Guntur,DELHI_DC_05,BA,BAIL_GENERAL,district,2022-12-24,2022-12-28,2022-12-28,2022,2022,1331,Pending,Final Arguments / Judgment,2026-03-29,2023-02-24,2026-10-22,SYN-BENCH-03,140,188,0,0,0,2.46,4,,PROCEDURAL_INACTIVITY,MEDIUM,LOW,1,40.4,False,False,SYNTHETIC_AUGMENTED,Real-data-informed synthetic generator,"{""synthetic_cnr"":""SYN/DL/BA/2022/000051"",""court_establishment"":""DELHI_DC_05"",""case_type"":""BA"",""current_stage"":""Final Arguments / Judgment"",""filing_date"":""2022-12-24"",""stage_entered_at"":""2026-03-29"",""days_in_current_stage"":140,""cohort_median_days_in_stage"":57.0,""stage_deviation_ratio"":2.46,""days_since_substantive_event"":188,""adjournment_streak"":0,""adjournment_count"":0,""judge_change_count"":0,""cohort_size"":4,""cohort_age_percentile"":null,""bottleneck_type"":""PROCEDURAL_INACTIVITY"",""actionability_level"":""MEDIUM"",""triage_confidence"":""LOW"",""triage_score"":40.4,""component_scores"":{""structural_deviation"":49.2,""inactivity"":62.67,""age_deviation"":0,""adjournment"":0.0,""actionability"":50}}",Case has been in stage 'Final Arguments / Judgment' for 140 days (2.46x cohort median of 57d). Case exhibits normal or moderately delayed progression based on available synthetic timeline signals. Medium administrative actionability.
SYN/UP/BA/2023/000052,Uttar Pradesh,Bhopal,UTTAR__DC_02,BA,BAIL_GENERAL,district,2023-03-09,2023-03-11,2023-03-11,2023,2022,1256,Pending,Summons / Appearance,2025-07-07,2023-04-12,2026-10-04,SYN-BENCH-02,405,138,5,5,1,2.96,17,52.94,SUMMONS_DELAY,HIGH,HIGH,1,67.2,False,False,SYNTHETIC_AUGMENTED,Real-data-informed synthetic generator,"{""synthetic_cnr"":""SYN/UP/BA/2023/000052"",""court_establishment"":""UTTAR__DC_02"",""case_type"":""BA"",""current_stage"":""Summons / Appearance"",""filing_date"":""2023-03-09"",""stage_entered_at"":""2025-07-07"",""days_in_current_stage"":405,""cohort_median_days_in_stage"":137,""stage_deviation_ratio"":2.96,""days_since_substantive_event"":138,""adjournment_streak"":5,""adjournment_count"":5,""judge_change_count"":1,""cohort_size"":17,""cohort_age_percentile"":52.94,""bottleneck_type"":""SUMMONS_DELAY"",""actionability_level"":""HIGH"",""triage_confidence"":""HIGH"",""triage_score"":67.2,""component_scores"":{""structural_deviation"":59.2,""inactivity"":46.0,""age_deviation"":52.94,""adjournment"":100.0,""actionability"":100}}","Case has been in stage 'Summons / Appearance' for 405 days (2.96x cohort median of 137d). Summons was issued with no return of service recorded over 405 days, resulting in 5 consecutive adjournments. High administrative actionability."
SYN/OT/CRL_A/2021/000053,West Bengal,Lucknow,WEST_B_DC_02,CRL_A,CRIMINAL_APPEAL,district,2021-02-27,2021-03-09,2021-03-09,2021,2020,1996,Pending,Final Arguments / Judgment,2026-07-05,2021-03-21,2026-09-07,SYN-BENCH-11,42,21,0,0,0,0.45,2,,UNKNOWN,LOW,LOW,0,4.5,False,False,SYNTHETIC_AUGMENTED,Real-data-informed synthetic generator,"{""synthetic_cnr"":""SYN/OT/CRL_A/2021/000053"",""court_establishment"":""WEST_B_DC_02"",""case_type"":""CRL_A"",""current_stage"":""Final Arguments / Judgment"",""filing_date"":""2021-02-27"",""stage_entered_at"":""2026-07-05"",""days_in_current_stage"":42,""cohort_median_days_in_stage"":93.5,""stage_deviation_ratio"":0.45,""days_since_substantive_event"":21,""adjournment_streak"":0,""adjournment_count"":0,""judge_change_count"":0,""cohort_size"":2,""cohort_age_percentile"":null,""bottleneck_type"":""UNKNOWN"",""actionability_level"":""LOW"",""triage_confidence"":""LOW"",""triage_score"":4.5,""component_scores"":{""structural_deviation"":9.0,""inactivity"":7.0,""age_deviation"":0,""adjournment"":0.0,""actionability"":0}}",Case has been in stage 'Final Arguments / Judgment' for 42 days (0.45x cohort median of 94d). Case exhibits normal or moderately delayed progression based on available synthetic timeline signals. Low administrative actionability.
SYN/KL/CRL_A/2023/000054,Kerala,Varanasi,KERALA_DC_05,CRL_A,CRIMINAL_APPEAL,district,2023-12-31,2024-01-14,2024-01-14,2023,2022,959,Pending,Evidence / Argument,2026-04-05,2024-02-03,2026-09-01,SYN-BENCH-11,133,62,0,0,0,0.71,5,,UNKNOWN,LOW,LOW,0,9.4,False,False,SYNTHETIC_AUGMENTED,Real-data-informed synthetic generator,"{""synthetic_cnr"":""SYN/KL/CRL_A/2023/000054"",""court_establishment"":""KERALA_DC_05"",""case_type"":""CRL_A"",""current_stage"":""Evidence / Argument"",""filing_date"":""2023-12-31"",""stage_entered_at"":""2026-04-05"",""days_in_current_stage"":133,""cohort_median_days_in_stage"":188,""stage_deviation_ratio"":0.71,""days_since_substantive_event"":62,""adjournment_streak"":0,""adjournment_count"":0,""judge_change_count"":0,""cohort_size"":5,""cohort_age_percentile"":null,""bottleneck_type"":""UNKNOWN"",""actionability_level"":""LOW"",""triage_confidence"":""LOW"",""triage_score"":9.4,""component_scores"":{""structural_deviation"":14.2,""inactivity"":20.67,""age_deviation"":0,""adjournment"":0.0,""actionability"":0}}",Case has been in stage 'Evidence / Argument' for 133 days (0.71x cohort median of 188d). Case exhibits normal or moderately delayed progression based on available synthetic timeline signals. Low administrative actionability.
SYN/OT/BA/2023/000055,Rajasthan,Thane,RAJAST_DC_05,BA,BAIL_GENERAL,district,2023-09-22,2023-10-03,2023-10-03,2023,2022,1059,Pending,Evidence / Argument,2026-03-13,2023-11-19,2026-09-15,SYN-BENCH-05,156,23,0,0,0,1.13,4,,UNKNOWN,LOW,LOW,0,8.7,False,False,SYNTHETIC_AUGMENTED,Real-data-informed synthetic generator,"{""synthetic_cnr"":""SYN/OT/BA/2023/000055"",""court_establishment"":""RAJAST_DC_05"",""case_type"":""BA"",""current_stage"":""Evidence / Argument"",""filing_date"":""2023-09-22"",""stage_entered_at"":""2026-03-13"",""days_in_current_stage"":156,""cohort_median_days_in_stage"":137.5,""stage_deviation_ratio"":1.13,""days_since_substantive_event"":23,""adjournment_streak"":0,""adjournment_count"":0,""judge_change_count"":0,""cohort_size"":4,""cohort_age_percentile"":null,""bottleneck_type"":""UNKNOWN"",""actionability_level"":""LOW"",""triage_confidence"":""LOW"",""triage_score"":8.7,""component_scores"":{""structural_deviation"":22.6,""inactivity"":7.67,""age_deviation"":0,""adjournment"":0.0,""actionability"":0}}",Case has been in stage 'Evidence / Argument' for 156 days (1.13x cohort median of 138d). Case exhibits normal or moderately delayed progression based on available synthetic timeline signals. Low administrative actionability.
SYN/OT/BA/2022/000056,Assam,Delhi,ASSAM_DC_03,BA,BAIL_GENERAL,district,2022-08-29,2022-08-29,2022-08-29,2022,2022,1448,Pending,Summons / Appearance,2026-03-04,2022-10-01,2026-09-29,SYN-BENCH-11,165,311,6,6,0,0.92,4,,SUMMONS_DELAY,HIGH,LOW,1,60.5,False,False,SYNTHETIC_AUGMENTED,Real-data-informed synthetic generator,"{""synthetic_cnr"":""SYN/OT/BA/2022/000056"",""court_establishment"":""ASSAM_DC_03"",""case_type"":""BA"",""current_stage"":""Summons / Appearance"",""filing_date"":""2022-08-29"",""stage_entered_at"":""2026-03-04"",""days_in_current_stage"":165,""cohort_median_days_in_stage"":180.0,""stage_deviation_ratio"":0.92,""days_since_substantive_event"":311,""adjournment_streak"":6,""adjournment_count"":6,""judge_change_count"":0,""cohort_size"":4,""cohort_age_percentile"":null,""bottleneck_type"":""SUMMONS_DELAY"",""actionability_level"":""HIGH"",""triage_confidence"":""LOW"",""triage_score"":60.5,""component_scores"":{""structural_deviation"":18.4,""inactivity"":100.0,""age_deviation"":0,""adjournment"":100.0,""actionability"":100}}","Case has been in stage 'Summons / Appearance' for 165 days (0.92x cohort median of 180d). Summons was issued with no return of service recorded over 165 days, resulting in 6 consecutive adjournments. High administrative actionability."
SYN/OT/BA/2024/000057,Punjab,Guntur,PUNJAB_DC_05,BA,BAIL_GENERAL,district,2024-07-28,2024-08-01,2024-08-01,2024,2024,749,Pending,Summons / Appearance,2026-04-14,2024-09-04,2026-10-21,SYN-BENCH-09,124,187,5,5,3,1.0,1,,SUMMONS_DELAY,HIGH,LOW,1,51.6,False,False,SYNTHETIC_AUGMENTED,Real-data-informed synthetic generator,"{""synthetic_cnr"":""SYN/OT/BA/2024/000057"",""court_establishment"":""PUNJAB_DC_05"",""case_type"":""BA"",""current_stage"":""Summons / Appearance"",""filing_date"":""2024-07-28"",""stage_entered_at"":""2026-04-14"",""days_in_current_stage"":124,""cohort_median_days_in_stage"":124,""stage_deviation_ratio"":1.0,""days_since_substantive_event"":187,""adjournment_streak"":5,""adjournment_count"":5,""judge_change_count"":3,""cohort_size"":1,""cohort_age_percentile"":null,""bottleneck_type"":""SUMMONS_DELAY"",""actionability_level"":""HIGH"",""triage_confidence"":""LOW"",""triage_score"":51.6,""component_scores"":{""structural_deviation"":20.0,""inactivity"":62.33,""age_deviation"":0,""adjournment"":100.0,""actionability"":100}}","Case has been in stage 'Summons / Appearance' for 124 days (1.0x cohort median of 124d). Summons was issued with no return of service recorded over 124 days, resulting in 5 consecutive adjournments. High administrative actionability."
SYN/DL/CS/2020/000058,Delhi,Guntur,DELHI_DC_04,CS,CPC_GENERAL,district,2020-09-25,2020-09-25,2020-09-25,2020,2020,2151,Pending,Pleadings / Issues,2025-10-09,2020-10-23,2026-08-30,SYN-BENCH-09,311,90,0,0,2,2.8,6,,JUDGE_CHANGE,MEDIUM,LOW,1,34.3,False,False,SYNTHETIC_AUGMENTED,Real-data-informed synthetic generator,"{""synthetic_cnr"":""SYN/DL/CS/2020/000058"",""court_establishment"":""DELHI_DC_04"",""case_type"":""CS"",""current_stage"":""Pleadings / Issues"",""filing_date"":""2020-09-25"",""stage_entered_at"":""2025-10-09"",""days_in_current_stage"":311,""cohort_median_days_in_stage"":111.0,""stage_deviation_ratio"":2.8,""days_since_substantive_event"":90,""adjournment_streak"":0,""adjournment_count"":0,""judge_change_count"":2,""cohort_size"":6,""cohort_age_percentile"":null,""bottleneck_type"":""JUDGE_CHANGE"",""actionability_level"":""MEDIUM"",""triage_confidence"":""LOW"",""triage_score"":34.3,""component_scores"":{""structural_deviation"":56.0,""inactivity"":30.0,""age_deviation"":0,""adjournment"":0.0,""actionability"":50}}",Case has been in stage 'Pleadings / Issues' for 311 days (2.8x cohort median of 111d). Case exhibits normal or moderately delayed progression based on available synthetic timeline signals. Medium administrative actionability.
SYN/AP/MACA/2020/000059,Andhra Pradesh,Varanasi,ANDHRA_DC_05,MACA,MOTOR_ACCIDENT,district,2020-11-15,2020-11-25,2020-11-25,2020,2020,2100,Pending,Evidence / Argument,2026-01-03,2020-12-20,2026-10-04,SYN-BENCH-04,225,108,3,3,0,1.0,1,,UNKNOWN,LOW,LOW,1,21.0,False,False,SYNTHETIC_AUGMENTED,Real-data-informed synthetic generator,"{""synthetic_cnr"":""SYN/AP/MACA/2020/000059"",""court_establishment"":""ANDHRA_DC_05"",""case_type"":""MACA"",""current_stage"":""Evidence / Argument"",""filing_date"":""2020-11-15"",""stage_entered_at"":""2026-01-03"",""days_in_current_stage"":225,""cohort_median_days_in_stage"":225,""stage_deviation_ratio"":1.0,""days_since_substantive_event"":108,""adjournment_streak"":3,""adjournment_count"":3,""judge_change_count"":0,""cohort_size"":1,""cohort_age_percentile"":null,""bottleneck_type"":""UNKNOWN"",""actionability_level"":""LOW"",""triage_confidence"":""LOW"",""triage_score"":21.0,""component_scores"":{""structural_deviation"":20.0,""inactivity"":36.0,""age_deviation"":0,""adjournment"":60.0,""actionability"":0}}",Case has been in stage 'Evidence / Argument' for 225 days (1.0x cohort median of 225d). Case exhibits normal or moderately delayed progression based on available synthetic timeline signals. Low administrative actionability.
SYN/OT/MACA/2020/000060,West Bengal,Varanasi,WEST_B_DC_05,MACA,MOTOR_ACCIDENT,district,2020-07-21,2020-07-29,2020-07-29,2020,2020,2217,Pending,Summons / Appearance,2026-06-18,2020-08-25,2026-10-21,SYN-BENCH-12,59,0,0,0,0,0.31,2,,UNKNOWN,LOW,LOW,0,1.9,False,False,SYNTHETIC_AUGMENTED,Real-data-informed synthetic generator,"{""synthetic_cnr"":""SYN/OT/MACA/2020/000060"",""court_establishment"":""WEST_B_DC_05"",""case_type"":""MACA"",""current_stage"":""Summons / Appearance"",""filing_date"":""2020-07-21"",""stage_entered_at"":""2026-06-18"",""days_in_current_stage"":59,""cohort_median_days_in_stage"":191.0,""stage_deviation_ratio"":0.31,""days_since_substantive_event"":0,""adjournment_streak"":0,""adjournment_count"":0,""judge_change_count"":0,""cohort_size"":2,""cohort_age_percentile"":null,""bottleneck_type"":""UNKNOWN"",""actionability_level"":""LOW"",""triage_confidence"":""LOW"",""triage_score"":1.9,""component_scores"":{""structural_deviation"":6.2,""inactivity"":0.0,""age_deviation"":0,""adjournment"":0.0,""actionability"":0}}",Case has been in stage 'Summons / Appearance' for 59 days (0.31x cohort median of 191d). Case exhibits normal or moderately delayed progression based on available synthetic timeline signals. Low administrative actionability.
SYN/KL/BA/2022/000061,Kerala,Vijayawada,KERALA_DC_02,BA,BAIL_GENERAL,district,2022-07-19,2022-07-30,2022-07-30,2022,2022,1489,Pending,Evidence / Argument,2026-03-15,2022-08-19,2026-08-30,SYN-BENCH-07,154,11,0,0,0,0.45,6,,UNKNOWN,LOW,LOW,0,3.6,False,False,SYNTHETIC_AUGMENTED,Real-data-informed synthetic generator,"{""synthetic_cnr"":""SYN/KL/BA/2022/000061"",""court_establishment"":""KERALA_DC_02"",""case_type"":""BA"",""current_stage"":""Evidence / Argument"",""filing_date"":""2022-07-19"",""stage_entered_at"":""2026-03-15"",""days_in_current_stage"":154,""cohort_median_days_in_stage"":344.0,""stage_deviation_ratio"":0.45,""days_since_substantive_event"":11,""adjournment_streak"":0,""adjournment_count"":0,""judge_change_count"":0,""cohort_size"":6,""cohort_age_percentile"":null,""bottleneck_type"":""UNKNOWN"",""actionability_level"":""LOW"",""triage_confidence"":""LOW"",""triage_score"":3.6,""component_scores"":{""structural_deviation"":9.0,""inactivity"":3.67,""age_deviation"":0,""adjournment"":0.0,""actionability"":0}}",Case has been in stage 'Evidence / Argument' for 154 days (0.45x cohort median of 344d). Case exhibits normal or moderately delayed progression based on available synthetic timeline signals. Low administrative actionability.
SYN/OT/CRL_A/2021/000062,Jharkhand,Thane,JHARKH_DC_03,CRL_A,CRIMINAL_APPEAL,district,2021-08-10,2021-08-13,2021-08-13,2021,2020,1832,Pending,Summons / Appearance,2026-06-22,2021-10-12,2026-10-07,SYN-BENCH-09,55,12,0,0,1,0.42,2,,UNKNOWN,LOW,LOW,0,3.5,False,False,SYNTHETIC_AUGMENTED,Real-data-informed synthetic generator,"{""synthetic_cnr"":""SYN/OT/CRL_A/2021/000062"",""court_establishment"":""JHARKH_DC_03"",""case_type"":""CRL_A"",""current_stage"":""Summons / Appearance"",""filing_date"":""2021-08-10"",""stage_entered_at"":""2026-06-22"",""days_in_current_stage"":55,""cohort_median_days_in_stage"":131.0,""stage_deviation_ratio"":0.42,""days_since_substantive_event"":12,""adjournment_streak"":0,""adjournment_count"":0,""judge_change_count"":1,""cohort_size"":2,""cohort_age_percentile"":null,""bottleneck_type"":""UNKNOWN"",""actionability_level"":""LOW"",""triage_confidence"":""LOW"",""triage_score"":3.5,""component_scores"":{""structural_deviation"":8.4,""inactivity"":4.0,""age_deviation"":0,""adjournment"":0.0,""actionability"":0}}",Case has been in stage 'Summons / Appearance' for 55 days (0.42x cohort median of 131d). Case exhibits normal or moderately delayed progression based on available synthetic timeline signals. Low administrative actionability.
SYN/KL/BA/2023/000063,Kerala,Guntur,KERALA_DC_01,BA,BAIL_GENERAL,district,2023-04-26,2023-05-06,2023-05-06,2023,2022,1208,Pending,Pleadings / Issues,2025-11-02,2023-06-10,2026-10-22,SYN-BENCH-11,287,143,0,0,0,2.22,10,,PROCEDURAL_INACTIVITY,MEDIUM,LOW,1,35.2,False,False,SYNTHETIC_AUGMENTED,Real-data-informed synthetic generator,"{""synthetic_cnr"":""SYN/KL/BA/2023/000063"",""court_establishment"":""KERALA_DC_01"",""case_type"":""BA"",""current_stage"":""Pleadings / Issues"",""filing_date"":""2023-04-26"",""stage_entered_at"":""2025-11-02"",""days_in_current_stage"":287,""cohort_median_days_in_stage"":129.0,""stage_deviation_ratio"":2.22,""days_since_substantive_event"":143,""adjournment_streak"":0,""adjournment_count"":0,""judge_change_count"":0,""cohort_size"":10,""cohort_age_percentile"":null,""bottleneck_type"":""PROCEDURAL_INACTIVITY"",""actionability_level"":""MEDIUM"",""triage_confidence"":""LOW"",""triage_score"":35.2,""component_scores"":{""structural_deviation"":44.4,""inactivity"":47.67,""age_deviation"":0,""adjournment"":0.0,""actionability"":50}}",Case has been in stage 'Pleadings / Issues' for 287 days (2.22x cohort median of 129d). Case exhibits normal or moderately delayed progression based on available synthetic timeline signals. Medium administrative actionability.
SYN/AP/CRL_A/2024/000064,Andhra Pradesh,Jaipur,ANDHRA_DC_05,CRL_A,CRIMINAL_APPEAL,district,2024-02-22,2024-02-25,2024-02-25,2024,2024,906,Pending,Evidence / Argument,2025-06-21,2024-03-24,2026-10-12,SYN-BENCH-10,421,329,0,0,0,0.95,2,,PROCEDURAL_INACTIVITY,MEDIUM,LOW,1,40.7,False,False,SYNTHETIC_AUGMENTED,Real-data-informed synthetic generator,"{""synthetic_cnr"":""SYN/AP/CRL_A/2024/000064"",""court_establishment"":""ANDHRA_DC_05"",""case_type"":""CRL_A"",""current_stage"":""Evidence / Argument"",""filing_date"":""2024-02-22"",""stage_entered_at"":""2025-06-21"",""days_in_current_stage"":421,""cohort_median_days_in_stage"":441.0,""stage_deviation_ratio"":0.95,""days_since_substantive_event"":329,""adjournment_streak"":0,""adjournment_count"":0,""judge_change_count"":0,""cohort_size"":2,""cohort_age_percentile"":null,""bottleneck_type"":""PROCEDURAL_INACTIVITY"",""actionability_level"":""MEDIUM"",""triage_confidence"":""LOW"",""triage_score"":40.7,""component_scores"":{""structural_deviation"":19.0,""inactivity"":100.0,""age_deviation"":0,""adjournment"":0.0,""actionability"":50}}",Case has been in stage 'Evidence / Argument' for 421 days (0.95x cohort median of 441d). Case exhibits normal or moderately delayed progression based on available synthetic timeline signals. Medium administrative actionability.
SYN/MH/CRL_A/2024/000065,Maharashtra,Pune,MAHARA_DC_01,CRL_A,CRIMINAL_APPEAL,district,2024-10-18,2024-10-20,2024-10-20,2024,2024,667,Pending,Summons / Appearance,2026-05-18,2024-11-12,2026-10-20,SYN-BENCH-06,90,14,0,0,1,1.0,7,,UNKNOWN,LOW,LOW,0,7.2,False,False,SYNTHETIC_AUGMENTED,Real-data-informed synthetic generator,"{""synthetic_cnr"":""SYN/MH/CRL_A/2024/000065"",""court_establishment"":""MAHARA_DC_01"",""case_type"":""CRL_A"",""current_stage"":""Summons / Appearance"",""filing_date"":""2024-10-18"",""stage_entered_at"":""2026-05-18"",""days_in_current_stage"":90,""cohort_median_days_in_stage"":90,""stage_deviation_ratio"":1.0,""days_since_substantive_event"":14,""adjournment_streak"":0,""adjournment_count"":0,""judge_change_count"":1,""cohort_size"":7,""cohort_age_percentile"":null,""bottleneck_type"":""UNKNOWN"",""actionability_level"":""LOW"",""triage_confidence"":""LOW"",""triage_score"":7.2,""component_scores"":{""structural_deviation"":20.0,""inactivity"":4.67,""age_deviation"":0,""adjournment"":0.0,""actionability"":0}}",Case has been in stage 'Summons / Appearance' for 90 days (1.0x cohort median of 90d). Case exhibits normal or moderately delayed progression based on available synthetic timeline signals. Low administrative actionability.
SYN/OT/BA/2022/000066,Assam,Kolkata,ASSAM_DC_05,BA,BAIL_GENERAL,district,2022-06-24,2022-07-09,2022-07-09,2022,2022,1514,Pending,Summons / Appearance,2025-07-10,2022-07-21,2026-08-26,SYN-BENCH-09,402,271,3,3,0,2.59,5,,SUMMONS_DELAY,HIGH,LOW,1,64.1,False,False,SYNTHETIC_AUGMENTED,Real-data-informed synthetic generator,"{""synthetic_cnr"":""SYN/OT/BA/2022/000066"",""court_establishment"":""ASSAM_DC_05"",""case_type"":""BA"",""current_stage"":""Summons / Appearance"",""filing_date"":""2022-06-24"",""stage_entered_at"":""2025-07-10"",""days_in_current_stage"":402,""cohort_median_days_in_stage"":155,""stage_deviation_ratio"":2.59,""days_since_substantive_event"":271,""adjournment_streak"":3,""adjournment_count"":3,""judge_change_count"":0,""cohort_size"":5,""cohort_age_percentile"":null,""bottleneck_type"":""SUMMONS_DELAY"",""actionability_level"":""HIGH"",""triage_confidence"":""LOW"",""triage_score"":64.1,""component_scores"":{""structural_deviation"":51.8,""inactivity"":90.33,""age_deviation"":0,""adjournment"":60.0,""actionability"":100}}","Case has been in stage 'Summons / Appearance' for 402 days (2.59x cohort median of 155d). Summons was issued with no return of service recorded over 402 days, resulting in 3 consecutive adjournments. High administrative actionability."
SYN/KL/CS/2021/000067,Kerala,Kolkata,KERALA_DC_05,CS,CPC_GENERAL,district,2021-12-22,2021-12-28,2021-12-28,2021,2020,1698,Pending,Final Arguments / Judgment,2026-07-17,2022-02-04,2026-10-17,SYN-BENCH-02,30,34,0,0,0,0.41,3,,UNKNOWN,LOW,LOW,0,5.3,False,False,SYNTHETIC_AUGMENTED,Real-data-informed synthetic generator,"{""synthetic_cnr"":""SYN/KL/CS/2021/000067"",""court_establishment"":""KERALA_DC_05"",""case_type"":""CS"",""current_stage"":""Final Arguments / Judgment"",""filing_date"":""2021-12-22"",""stage_entered_at"":""2026-07-17"",""days_in_current_stage"":30,""cohort_median_days_in_stage"":74,""stage_deviation_ratio"":0.41,""days_since_substantive_event"":34,""adjournment_streak"":0,""adjournment_count"":0,""judge_change_count"":0,""cohort_size"":3,""cohort_age_percentile"":null,""bottleneck_type"":""UNKNOWN"",""actionability_level"":""LOW"",""triage_confidence"":""LOW"",""triage_score"":5.3,""component_scores"":{""structural_deviation"":8.2,""inactivity"":11.33,""age_deviation"":0,""adjournment"":0.0,""actionability"":0}}",Case has been in stage 'Final Arguments / Judgment' for 30 days (0.41x cohort median of 74d). Case exhibits normal or moderately delayed progression based on available synthetic timeline signals. Low administrative actionability.
SYN/OT/CRL_A/2021/000068,Jharkhand,Varanasi,JHARKH_DC_02,CRL_A,CRIMINAL_APPEAL,district,2021-09-05,2021-09-15,2021-09-15,2021,2020,1806,Pending,Summons / Appearance,2025-07-08,2021-10-17,2026-10-05,SYN-BENCH-07,404,127,4,4,2,1.56,2,,SUMMONS_DELAY,HIGH,LOW,1,47.9,False,False,SYNTHETIC_AUGMENTED,Real-data-informed synthetic generator,"{""synthetic_cnr"":""SYN/OT/CRL_A/2021/000068"",""court_establishment"":""JHARKH_DC_02"",""case_type"":""CRL_A"",""current_stage"":""Summons / Appearance"",""filing_date"":""2021-09-05"",""stage_entered_at"":""2025-07-08"",""days_in_current_stage"":404,""cohort_median_days_in_stage"":259.0,""stage_deviation_ratio"":1.56,""days_since_substantive_event"":127,""adjournment_streak"":4,""adjournment_count"":4,""judge_change_count"":2,""cohort_size"":2,""cohort_age_percentile"":null,""bottleneck_type"":""SUMMONS_DELAY"",""actionability_level"":""HIGH"",""triage_confidence"":""LOW"",""triage_score"":47.9,""component_scores"":{""structural_deviation"":31.2,""inactivity"":42.33,""age_deviation"":0,""adjournment"":80.0,""actionability"":100}}","Case has been in stage 'Summons / Appearance' for 404 days (1.56x cohort median of 259d). Summons was issued with no return of service recorded over 404 days, resulting in 4 consecutive adjournments. High administrative actionability."
SYN/DL/BA/2024/000069,Delhi,Vijayawada,DELHI_DC_04,BA,BAIL_GENERAL,district,2024-02-28,2024-03-10,2024-03-10,2024,2024,900,Pending,Filing / Registration,2026-06-27,2024-04-29,2026-10-21,SYN-BENCH-06,50,147,1,1,2,1.15,2,,JUDGE_CHANGE,MEDIUM,LOW,1,31.1,False,False,SYNTHETIC_AUGMENTED,Real-data-informed synthetic generator,"{""synthetic_cnr"":""SYN/DL/BA/2024/000069"",""court_establishment"":""DELHI_DC_04"",""case_type"":""BA"",""current_stage"":""Filing / Registration"",""filing_date"":""2024-02-28"",""stage_entered_at"":""2026-06-27"",""days_in_current_stage"":50,""cohort_median_days_in_stage"":43.5,""stage_deviation_ratio"":1.15,""days_since_substantive_event"":147,""adjournment_streak"":1,""adjournment_count"":1,""judge_change_count"":2,""cohort_size"":2,""cohort_age_percentile"":null,""bottleneck_type"":""JUDGE_CHANGE"",""actionability_level"":""MEDIUM"",""triage_confidence"":""LOW"",""triage_score"":31.1,""component_scores"":{""structural_deviation"":23.0,""inactivity"":49.0,""age_deviation"":0,""adjournment"":20.0,""actionability"":50}}",Case has been in stage 'Filing / Registration' for 50 days (1.15x cohort median of 44d). Case exhibits normal or moderately delayed progression based on available synthetic timeline signals. Medium administrative actionability.
SYN/DL/WP_C/2023/000070,Delhi,Jaipur,DELHI_DC_05,WP_C,WRIT_GENERAL,district,2023-03-29,2023-04-10,2023-04-10,2023,2022,1236,Pending,Evidence / Argument,2025-12-07,2023-05-07,2026-10-15,SYN-BENCH-06,252,201,1,1,0,0.87,4,,PROCEDURAL_INACTIVITY,MEDIUM,LOW,1,34.0,False,False,SYNTHETIC_AUGMENTED,Real-data-informed synthetic generator,"{""synthetic_cnr"":""SYN/DL/WP_C/2023/000070"",""court_establishment"":""DELHI_DC_05"",""case_type"":""WP_C"",""current_stage"":""Evidence / Argument"",""filing_date"":""2023-03-29"",""stage_entered_at"":""2025-12-07"",""days_in_current_stage"":252,""cohort_median_days_in_stage"":290.5,""stage_deviation_ratio"":0.87,""days_since_substantive_event"":201,""adjournment_streak"":1,""adjournment_count"":1,""judge_change_count"":0,""cohort_size"":4,""cohort_age_percentile"":null,""bottleneck_type"":""PROCEDURAL_INACTIVITY"",""actionability_level"":""MEDIUM"",""triage_confidence"":""LOW"",""triage_score"":34.0,""component_scores"":{""structural_deviation"":17.4,""inactivity"":67.0,""age_deviation"":0,""adjournment"":20.0,""actionability"":50}}",Case has been in stage 'Evidence / Argument' for 252 days (0.87x cohort median of 290d). Case exhibits normal or moderately delayed progression based on available synthetic timeline signals. Medium administrative actionability.
SYN/OT/CS/2024/000071,Assam,Lucknow,ASSAM_DC_05,CS,CPC_GENERAL,district,2024-01-27,2024-02-04,2024-02-04,2024,2024,932,Pending,Evidence / Argument,2026-01-09,2024-02-12,2026-10-31,SYN-BENCH-06,219,169,0,0,2,1.78,3,,JUDGE_CHANGE,MEDIUM,LOW,1,34.8,False,False,SYNTHETIC_AUGMENTED,Real-data-informed synthetic generator,"{""synthetic_cnr"":""SYN/OT/CS/2024/000071"",""court_establishment"":""ASSAM_DC_05"",""case_type"":""CS"",""current_stage"":""Evidence / Argument"",""filing_date"":""2024-01-27"",""stage_entered_at"":""2026-01-09"",""days_in_current_stage"":219,""cohort_median_days_in_stage"":123,""stage_deviation_ratio"":1.78,""days_since_substantive_event"":169,""adjournment_streak"":0,""adjournment_count"":0,""judge_change_count"":2,""cohort_size"":3,""cohort_age_percentile"":null,""bottleneck_type"":""JUDGE_CHANGE"",""actionability_level"":""MEDIUM"",""triage_confidence"":""LOW"",""triage_score"":34.8,""component_scores"":{""structural_deviation"":35.6,""inactivity"":56.33,""age_deviation"":0,""adjournment"":0.0,""actionability"":50}}",Case has been in stage 'Evidence / Argument' for 219 days (1.78x cohort median of 123d). Case exhibits normal or moderately delayed progression based on available synthetic timeline signals. Medium administrative actionability.
SYN/OT/CRL_A/2022/000072,Odisha,Thiruvananthapuram,ODISHA_DC_02,CRL_A,CRIMINAL_APPEAL,district,2022-04-18,2022-04-26,2022-04-26,2022,2022,1581,Pending,Summons / Appearance,2026-06-06,2022-05-23,2026-10-25,SYN-BENCH-04,71,35,0,0,0,0.51,4,,UNKNOWN,LOW,LOW,0,6.0,False,False,SYNTHETIC_AUGMENTED,Real-data-informed synthetic generator,"{""synthetic_cnr"":""SYN/OT/CRL_A/2022/000072"",""court_establishment"":""ODISHA_DC_02"",""case_type"":""CRL_A"",""current_stage"":""Summons / Appearance"",""filing_date"":""2022-04-18"",""stage_entered_at"":""2026-06-06"",""days_in_current_stage"":71,""cohort_median_days_in_stage"":140.0,""stage_deviation_ratio"":0.51,""days_since_substantive_event"":35,""adjournment_streak"":0,""adjournment_count"":0,""judge_change_count"":0,""cohort_size"":4,""cohort_age_percentile"":null,""bottleneck_type"":""UNKNOWN"",""actionability_level"":""LOW"",""triage_confidence"":""LOW"",""triage_score"":6.0,""component_scores"":{""structural_deviation"":10.2,""inactivity"":11.67,""age_deviation"":0,""adjournment"":0.0,""actionability"":0}}",Case has been in stage 'Summons / Appearance' for 71 days (0.51x cohort median of 140d). Case exhibits normal or moderately delayed progression based on available synthetic timeline signals. Low administrative actionability.
SYN/OT/CS/2022/000073,Chhattisgarh,Bhopal,CHHATT_DC_02,CS,CPC_GENERAL,district,2022-12-06,2022-12-06,2022-12-06,2022,2022,1349,Pending,Summons / Appearance,2026-04-13,2023-01-05,2026-09-21,SYN-BENCH-11,125,148,0,0,2,1.03,5,,JUDGE_CHANGE,MEDIUM,LOW,1,22.3,False,False,SYNTHETIC_AUGMENTED,Real-data-informed synthetic generator,"{""synthetic_cnr"":""SYN/OT/CS/2022/000073"",""court_establishment"":""CHHATT_DC_02"",""case_type"":""CS"",""current_stage"":""Summons / Appearance"",""filing_date"":""2022-12-06"",""stage_entered_at"":""2026-04-13"",""days_in_current_stage"":125,""cohort_median_days_in_stage"":121,""stage_deviation_ratio"":1.03,""days_since_substantive_event"":148,""adjournment_streak"":0,""adjournment_count"":0,""judge_change_count"":2,""cohort_size"":5,""cohort_age_percentile"":null,""bottleneck_type"":""JUDGE_CHANGE"",""actionability_level"":""MEDIUM"",""triage_confidence"":""LOW"",""triage_score"":22.3,""component_scores"":{""structural_deviation"":20.6,""inactivity"":24.67,""age_deviation"":0,""adjournment"":0.0,""actionability"":50}}",Case has been in stage 'Summons / Appearance' for 125 days (1.03x cohort median of 121d). Case exhibits normal or moderately delayed progression based on available synthetic timeline signals. Medium administrative actionability.
SYN/OT/CS/2023/000074,Madhya Pradesh,Bhopal,MADHYA_DC_05,CS,CPC_GENERAL,district,2023-06-17,2023-06-25,2023-06-25,2023,2022,1156,Pending,Pleadings / Issues,2026-01-23,2023-07-16,2026-08-29,SYN-BENCH-10,205,160,0,0,3,1.0,1,,JUDGE_CHANGE,MEDIUM,LOW,1,22.7,False,False,SYNTHETIC_AUGMENTED,Real-data-informed synthetic generator,"{""synthetic_cnr"":""SYN/OT/CS/2023/000074"",""court_establishment"":""MADHYA_DC_05"",""case_type"":""CS"",""current_stage"":""Pleadings / Issues"",""filing_date"":""2023-06-17"",""stage_entered_at"":""2026-01-23"",""days_in_current_stage"":205,""cohort_median_days_in_stage"":205,""stage_deviation_ratio"":1.0,""days_since_substantive_event"":160,""adjournment_streak"":0,""adjournment_count"":0,""judge_change_count"":3,""cohort_size"":1,""cohort_age_percentile"":null,""bottleneck_type"":""JUDGE_CHANGE"",""actionability_level"":""MEDIUM"",""triage_confidence"":""LOW"",""triage_score"":22.7,""component_scores"":{""structural_deviation"":20.0,""inactivity"":26.67,""age_deviation"":0,""adjournment"":0.0,""actionability"":50}}",Case has been in stage 'Pleadings / Issues' for 205 days (1.0x cohort median of 205d). Case exhibits normal or moderately delayed progression based on available synthetic timeline signals. Medium administrative actionability.
SYN/OT/CS/2023/000075,Tamil Nadu,Pune,TAMIL__DC_04,CS,CPC_GENERAL,district,2023-04-02,2023-04-05,2023-04-05,2023,2022,1232,Pending,Evidence / Argument,2026-01-16,2023-05-09,2026-11-13,SYN-BENCH-04,212,39,0,0,0,1.07,5,,UNKNOWN,LOW,LOW,0,9.7,False,False,SYNTHETIC_AUGMENTED,Real-data-informed synthetic generator,"{""synthetic_cnr"":""SYN/OT/CS/2023/000075"",""court_establishment"":""TAMIL__DC_04"",""case_type"":""CS"",""current_stage"":""Evidence / Argument"",""filing_date"":""2023-04-02"",""stage_entered_at"":""2026-01-16"",""days_in_current_stage"":212,""cohort_median_days_in_stage"":199,""stage_deviation_ratio"":1.07,""days_since_substantive_event"":39,""adjournment_streak"":0,""adjournment_count"":0,""judge_change_count"":0,""cohort_size"":5,""cohort_age_percentile"":null,""bottleneck_type"":""UNKNOWN"",""actionability_level"":""LOW"",""triage_confidence"":""LOW"",""triage_score"":9.7,""component_scores"":{""structural_deviation"":21.4,""inactivity"":13.0,""age_deviation"":0,""adjournment"":0.0,""actionability"":0}}",Case has been in stage 'Evidence / Argument' for 212 days (1.07x cohort median of 199d). Case exhibits normal or moderately delayed progression based on available synthetic timeline signals. Low administrative actionability.
SYN/OT/CS/2018/000076,Chhattisgarh,Bhopal,CHHATT_DC_05,CS,CPC_GENERAL,district,2018-11-19,2018-11-20,2018-11-20,2018,2018,2827,Pending,Filing / Registration,2026-07-25,2018-12-27,2026-08-27,SYN-BENCH-08,22,22,0,0,0,1.63,2,,UNKNOWN,LOW,LOW,0,11.6,False,False,SYNTHETIC_AUGMENTED,Real-data-informed synthetic generator,"{""synthetic_cnr"":""SYN/OT/CS/2018/000076"",""court_establishment"":""CHHATT_DC_05"",""case_type"":""CS"",""current_stage"":""Filing / Registration"",""filing_date"":""2018-11-19"",""stage_entered_at"":""2026-07-25"",""days_in_current_stage"":22,""cohort_median_days_in_stage"":13.5,""stage_deviation_ratio"":1.63,""days_since_substantive_event"":22,""adjournment_streak"":0,""adjournment_count"":0,""judge_change_count"":0,""cohort_size"":2,""cohort_age_percentile"":null,""bottleneck_type"":""UNKNOWN"",""actionability_level"":""LOW"",""triage_confidence"":""LOW"",""triage_score"":11.6,""component_scores"":{""structural_deviation"":32.6,""inactivity"":7.33,""age_deviation"":0,""adjournment"":0.0,""actionability"":0}}",Case has been in stage 'Filing / Registration' for 22 days (1.63x cohort median of 14d). Case exhibits normal or moderately delayed progression based on available synthetic timeline signals. Low administrative actionability.
SYN/KL/CS/2022/000077,Kerala,Thiruvananthapuram,KERALA_DC_05,CS,CPC_GENERAL,district,2022-08-17,2022-08-27,2022-08-27,2022,2022,1460,Pending,Summons / Appearance,2026-05-17,2022-10-03,2026-10-10,SYN-BENCH-10,91,23,0,0,1,0.61,11,,UNKNOWN,LOW,LOW,0,5.6,False,False,SYNTHETIC_AUGMENTED,Real-data-informed synthetic generator,"{""synthetic_cnr"":""SYN/KL/CS/2022/000077"",""court_establishment"":""KERALA_DC_05"",""case_type"":""CS"",""current_stage"":""Summons / Appearance"",""filing_date"":""2022-08-17"",""stage_entered_at"":""2026-05-17"",""days_in_current_stage"":91,""cohort_median_days_in_stage"":150,""stage_deviation_ratio"":0.61,""days_since_substantive_event"":23,""adjournment_streak"":0,""adjournment_count"":0,""judge_change_count"":1,""cohort_size"":11,""cohort_age_percentile"":null,""bottleneck_type"":""UNKNOWN"",""actionability_level"":""LOW"",""triage_confidence"":""LOW"",""triage_score"":5.6,""component_scores"":{""structural_deviation"":12.2,""inactivity"":7.67,""age_deviation"":0,""adjournment"":0.0,""actionability"":0}}",Case has been in stage 'Summons / Appearance' for 91 days (0.61x cohort median of 150d). Case exhibits normal or moderately delayed progression based on available synthetic timeline signals. Low administrative actionability.
SYN/MH/CRL_A/2023/000078,Maharashtra,Pune,MAHARA_DC_02,CRL_A,CRIMINAL_APPEAL,district,2023-08-26,2023-09-05,2023-09-05,2023,2022,1086,Pending,Pleadings / Issues,2026-04-30,2023-10-05,2026-08-27,SYN-BENCH-05,108,23,0,0,0,1.04,10,,UNKNOWN,LOW,LOW,0,8.2,False,False,SYNTHETIC_AUGMENTED,Real-data-informed synthetic generator,"{""synthetic_cnr"":""SYN/MH/CRL_A/2023/000078"",""court_establishment"":""MAHARA_DC_02"",""case_type"":""CRL_A"",""current_stage"":""Pleadings / Issues"",""filing_date"":""2023-08-26"",""stage_entered_at"":""2026-04-30"",""days_in_current_stage"":108,""cohort_median_days_in_stage"":104.0,""stage_deviation_ratio"":1.04,""days_since_substantive_event"":23,""adjournment_streak"":0,""adjournment_count"":0,""judge_change_count"":0,""cohort_size"":10,""cohort_age_percentile"":null,""bottleneck_type"":""UNKNOWN"",""actionability_level"":""LOW"",""triage_confidence"":""LOW"",""triage_score"":8.2,""component_scores"":{""structural_deviation"":20.8,""inactivity"":7.67,""age_deviation"":0,""adjournment"":0.0,""actionability"":0}}",Case has been in stage 'Pleadings / Issues' for 108 days (1.04x cohort median of 104d). Case exhibits normal or moderately delayed progression based on available synthetic timeline signals. Low administrative actionability.
SYN/KL/MACA/2022/000079,Kerala,Delhi,KERALA_DC_04,MACA,MOTOR_ACCIDENT,district,2022-06-09,2022-06-23,2022-06-23,2022,2022,1529,Pending,Pleadings / Issues,2026-06-30,2022-08-02,2026-09-14,SYN-BENCH-07,47,37,0,0,0,0.47,4,,UNKNOWN,LOW,LOW,0,5.9,False,False,SYNTHETIC_AUGMENTED,Real-data-informed synthetic generator,"{""synthetic_cnr"":""SYN/KL/MACA/2022/000079"",""court_establishment"":""KERALA_DC_04"",""case_type"":""MACA"",""current_stage"":""Pleadings / Issues"",""filing_date"":""2022-06-09"",""stage_entered_at"":""2026-06-30"",""days_in_current_stage"":47,""cohort_median_days_in_stage"":99.0,""stage_deviation_ratio"":0.47,""days_since_substantive_event"":37,""adjournment_streak"":0,""adjournment_count"":0,""judge_change_count"":0,""cohort_size"":4,""cohort_age_percentile"":null,""bottleneck_type"":""UNKNOWN"",""actionability_level"":""LOW"",""triage_confidence"":""LOW"",""triage_score"":5.9,""component_scores"":{""structural_deviation"":9.4,""inactivity"":12.33,""age_deviation"":0,""adjournment"":0.0,""actionability"":0}}",Case has been in stage 'Pleadings / Issues' for 47 days (0.47x cohort median of 99d). Case exhibits normal or moderately delayed progression based on available synthetic timeline signals. Low administrative actionability.
SYN/OT/WP_C/2021/000080,Gujarat,Lucknow,GUJARA_DC_04,WP_C,WRIT_GENERAL,district,2021-01-31,2021-02-06,2021-02-06,2021,2020,2023,Pending,Summons / Appearance,2026-06-01,2021-03-19,2026-09-18,SYN-BENCH-08,76,17,0,0,0,1.0,1,,UNKNOWN,LOW,LOW,0,7.4,False,False,SYNTHETIC_AUGMENTED,Real-data-informed synthetic generator,"{""synthetic_cnr"":""SYN/OT/WP_C/2021/000080"",""court_establishment"":""GUJARA_DC_04"",""case_type"":""WP_C"",""current_stage"":""Summons / Appearance"",""filing_date"":""2021-01-31"",""stage_entered_at"":""2026-06-01"",""days_in_current_stage"":76,""cohort_median_days_in_stage"":76,""stage_deviation_ratio"":1.0,""days_since_substantive_event"":17,""adjournment_streak"":0,""adjournment_count"":0,""judge_change_count"":0,""cohort_size"":1,""cohort_age_percentile"":null,""bottleneck_type"":""UNKNOWN"",""actionability_level"":""LOW"",""triage_confidence"":""LOW"",""triage_score"":7.4,""component_scores"":{""structural_deviation"":20.0,""inactivity"":5.67,""age_deviation"":0,""adjournment"":0.0,""actionability"":0}}",Case has been in stage 'Summons / Appearance' for 76 days (1.0x cohort median of 76d). Case exhibits normal or moderately delayed progression based on available synthetic timeline signals. Low administrative actionability.
SYN/MH/CS/2024/000081,Maharashtra,Pune,MAHARA_DC_03,CS,CPC_GENERAL,district,2024-02-18,2024-02-23,2024-02-23,2024,2024,910,Pending,Pleadings / Issues,2026-06-06,2024-04-19,2026-09-06,SYN-BENCH-01,71,39,0,0,0,0.52,7,,UNKNOWN,LOW,LOW,0,6.4,False,False,SYNTHETIC_AUGMENTED,Real-data-informed synthetic generator,"{""synthetic_cnr"":""SYN/MH/CS/2024/000081"",""court_establishment"":""MAHARA_DC_03"",""case_type"":""CS"",""current_stage"":""Pleadings / Issues"",""filing_date"":""2024-02-18"",""stage_entered_at"":""2026-06-06"",""days_in_current_stage"":71,""cohort_median_days_in_stage"":136,""stage_deviation_ratio"":0.52,""days_since_substantive_event"":39,""adjournment_streak"":0,""adjournment_count"":0,""judge_change_count"":0,""cohort_size"":7,""cohort_age_percentile"":null,""bottleneck_type"":""UNKNOWN"",""actionability_level"":""LOW"",""triage_confidence"":""LOW"",""triage_score"":6.4,""component_scores"":{""structural_deviation"":10.4,""inactivity"":13.0,""age_deviation"":0,""adjournment"":0.0,""actionability"":0}}",Case has been in stage 'Pleadings / Issues' for 71 days (0.52x cohort median of 136d). Case exhibits normal or moderately delayed progression based on available synthetic timeline signals. Low administrative actionability.
SYN/DL/CRL_A/2022/000082,Delhi,Thiruvananthapuram,DELHI_DC_05,CRL_A,CRIMINAL_APPEAL,district,2022-04-30,2022-05-14,2022-05-14,2022,2022,1569,Pending,Evidence / Argument,2026-05-30,2022-05-31,2026-09-30,SYN-BENCH-01,78,12,0,0,0,0.91,4,,UNKNOWN,LOW,LOW,0,6.5,False,False,SYNTHETIC_AUGMENTED,Real-data-informed synthetic generator,"{""synthetic_cnr"":""SYN/DL/CRL_A/2022/000082"",""court_establishment"":""DELHI_DC_05"",""case_type"":""CRL_A"",""current_stage"":""Evidence / Argument"",""filing_date"":""2022-04-30"",""stage_entered_at"":""2026-05-30"",""days_in_current_stage"":78,""cohort_median_days_in_stage"":86.0,""stage_deviation_ratio"":0.91,""days_since_substantive_event"":12,""adjournment_streak"":0,""adjournment_count"":0,""judge_change_count"":0,""cohort_size"":4,""cohort_age_percentile"":null,""bottleneck_type"":""UNKNOWN"",""actionability_level"":""LOW"",""triage_confidence"":""LOW"",""triage_score"":6.5,""component_scores"":{""structural_deviation"":18.2,""inactivity"":4.0,""age_deviation"":0,""adjournment"":0.0,""actionability"":0}}",Case has been in stage 'Evidence / Argument' for 78 days (0.91x cohort median of 86d). Case exhibits normal or moderately delayed progression based on available synthetic timeline signals. Low administrative actionability.
SYN/OT/WP_C/2023/000083,Chhattisgarh,Lucknow,CHHATT_DC_03,WP_C,WRIT_GENERAL,district,2023-07-01,2023-07-08,2023-07-08,2023,2022,1142,Pending,Pleadings / Issues,2026-04-29,2023-07-18,2026-10-16,SYN-BENCH-04,109,189,0,0,2,1.14,2,,JUDGE_CHANGE,MEDIUM,LOW,1,24.7,False,False,SYNTHETIC_AUGMENTED,Real-data-informed synthetic generator,"{""synthetic_cnr"":""SYN/OT/WP_C/2023/000083"",""court_establishment"":""CHHATT_DC_03"",""case_type"":""WP_C"",""current_stage"":""Pleadings / Issues"",""filing_date"":""2023-07-01"",""stage_entered_at"":""2026-04-29"",""days_in_current_stage"":109,""cohort_median_days_in_stage"":95.5,""stage_deviation_ratio"":1.14,""days_since_substantive_event"":189,""adjournment_streak"":0,""adjournment_count"":0,""judge_change_count"":2,""cohort_size"":2,""cohort_age_percentile"":null,""bottleneck_type"":""JUDGE_CHANGE"",""actionability_level"":""MEDIUM"",""triage_confidence"":""LOW"",""triage_score"":24.7,""component_scores"":{""structural_deviation"":22.8,""inactivity"":31.5,""age_deviation"":0,""adjournment"":0.0,""actionability"":50}}",Case has been in stage 'Pleadings / Issues' for 109 days (1.14x cohort median of 96d). Case exhibits normal or moderately delayed progression based on available synthetic timeline signals. Medium administrative actionability.
SYN/AP/BA/2023/000084,Andhra Pradesh,Lucknow,ANDHRA_DC_03,BA,BAIL_GENERAL,district,2023-01-15,2023-01-23,2023-01-23,2023,2022,1309,Pending,Evidence / Argument,2026-05-05,2023-03-13,2026-11-05,SYN-BENCH-11,103,35,0,0,0,0.75,4,,UNKNOWN,LOW,LOW,0,7.4,False,False,SYNTHETIC_AUGMENTED,Real-data-informed synthetic generator,"{""synthetic_cnr"":""SYN/AP/BA/2023/000084"",""court_establishment"":""ANDHRA_DC_03"",""case_type"":""BA"",""current_stage"":""Evidence / Argument"",""filing_date"":""2023-01-15"",""stage_entered_at"":""2026-05-05"",""days_in_current_stage"":103,""cohort_median_days_in_stage"":136.5,""stage_deviation_ratio"":0.75,""days_since_substantive_event"":35,""adjournment_streak"":0,""adjournment_count"":0,""judge_change_count"":0,""cohort_size"":4,""cohort_age_percentile"":null,""bottleneck_type"":""UNKNOWN"",""actionability_level"":""LOW"",""triage_confidence"":""LOW"",""triage_score"":7.4,""component_scores"":{""structural_deviation"":15.0,""inactivity"":11.67,""age_deviation"":0,""adjournment"":0.0,""actionability"":0}}",Case has been in stage 'Evidence / Argument' for 103 days (0.75x cohort median of 136d). Case exhibits normal or moderately delayed progression based on available synthetic timeline signals. Low administrative actionability.
SYN/OT/CS/2018/000085,Odisha,Delhi,ODISHA_DC_04,CS,CPC_GENERAL,district,2018-11-04,2018-11-13,2018-11-13,2018,2018,2842,Pending,Summons / Appearance,2026-07-20,2018-12-15,2026-08-24,SYN-BENCH-09,27,38,0,0,0,1.0,1,,UNKNOWN,LOW,LOW,0,9.2,False,False,SYNTHETIC_AUGMENTED,Real-data-informed synthetic generator,"{""synthetic_cnr"":""SYN/OT/CS/2018/000085"",""court_establishment"":""ODISHA_DC_04"",""case_type"":""CS"",""current_stage"":""Summons / Appearance"",""filing_date"":""2018-11-04"",""stage_entered_at"":""2026-07-20"",""days_in_current_stage"":27,""cohort_median_days_in_stage"":27,""stage_deviation_ratio"":1.0,""days_since_substantive_event"":38,""adjournment_streak"":0,""adjournment_count"":0,""judge_change_count"":0,""cohort_size"":1,""cohort_age_percentile"":null,""bottleneck_type"":""UNKNOWN"",""actionability_level"":""LOW"",""triage_confidence"":""LOW"",""triage_score"":9.2,""component_scores"":{""structural_deviation"":20.0,""inactivity"":12.67,""age_deviation"":0,""adjournment"":0.0,""actionability"":0}}",Case has been in stage 'Summons / Appearance' for 27 days (1.0x cohort median of 27d). Case exhibits normal or moderately delayed progression based on available synthetic timeline signals. Low administrative actionability.
SYN/OT/BA/2023/000086,Chhattisgarh,Thiruvananthapuram,CHHATT_DC_04,BA,BAIL_GENERAL,district,2023-11-14,2023-11-22,2023-11-22,2023,2022,1006,Pending,Filing / Registration,2026-07-24,2023-12-31,2026-09-03,SYN-BENCH-04,23,42,0,0,0,1.0,1,,UNKNOWN,LOW,LOW,0,9.5,False,False,SYNTHETIC_AUGMENTED,Real-data-informed synthetic generator,"{""synthetic_cnr"":""SYN/OT/BA/2023/000086"",""court_establishment"":""CHHATT_DC_04"",""case_type"":""BA"",""current_stage"":""Filing / Registration"",""filing_date"":""2023-11-14"",""stage_entered_at"":""2026-07-24"",""days_in_current_stage"":23,""cohort_median_days_in_stage"":23,""stage_deviation_ratio"":1.0,""days_since_substantive_event"":42,""adjournment_streak"":0,""adjournment_count"":0,""judge_change_count"":0,""cohort_size"":1,""cohort_age_percentile"":null,""bottleneck_type"":""UNKNOWN"",""actionability_level"":""LOW"",""triage_confidence"":""LOW"",""triage_score"":9.5,""component_scores"":{""structural_deviation"":20.0,""inactivity"":14.0,""age_deviation"":0,""adjournment"":0.0,""actionability"":0}}",Case has been in stage 'Filing / Registration' for 23 days (1.0x cohort median of 23d). Case exhibits normal or moderately delayed progression based on available synthetic timeline signals. Low administrative actionability.
SYN/OT/CS/2023/000087,Tamil Nadu,Kolkata,TAMIL__DC_04,CS,CPC_GENERAL,district,2023-03-03,2023-03-14,2023-03-14,2023,2022,1262,Pending,Summons / Appearance,2026-04-01,2023-04-30,2026-08-29,SYN-BENCH-09,137,278,0,0,1,1.16,4,,PROCEDURAL_INACTIVITY,MEDIUM,LOW,1,40.1,False,False,SYNTHETIC_AUGMENTED,Real-data-informed synthetic generator,"{""synthetic_cnr"":""SYN/OT/CS/2023/000087"",""court_establishment"":""TAMIL__DC_04"",""case_type"":""CS"",""current_stage"":""Summons / Appearance"",""filing_date"":""2023-03-03"",""stage_entered_at"":""2026-04-01"",""days_in_current_stage"":137,""cohort_median_days_in_stage"":118.0,""stage_deviation_ratio"":1.16,""days_since_substantive_event"":278,""adjournment_streak"":0,""adjournment_count"":0,""judge_change_count"":1,""cohort_size"":4,""cohort_age_percentile"":null,""bottleneck_type"":""PROCEDURAL_INACTIVITY"",""actionability_level"":""MEDIUM"",""triage_confidence"":""LOW"",""triage_score"":40.1,""component_scores"":{""structural_deviation"":23.2,""inactivity"":92.67,""age_deviation"":0,""adjournment"":0.0,""actionability"":50}}",Case has been in stage 'Summons / Appearance' for 137 days (1.16x cohort median of 118d). Case exhibits normal or moderately delayed progression based on available synthetic timeline signals. Medium administrative actionability.
SYN/OT/CS/2024/000088,Jharkhand,Varanasi,JHARKH_DC_01,CS,CPC_GENERAL,district,2024-09-05,2024-09-11,2024-09-11,2024,2024,710,Pending,Evidence / Argument,2025-10-18,2024-10-18,2026-11-13,SYN-BENCH-02,302,143,0,0,0,1.11,4,,PROCEDURAL_INACTIVITY,MEDIUM,LOW,1,28.6,False,False,SYNTHETIC_AUGMENTED,Real-data-informed synthetic generator,"{""synthetic_cnr"":""SYN/OT/CS/2024/000088"",""court_establishment"":""JHARKH_DC_01"",""case_type"":""CS"",""current_stage"":""Evidence / Argument"",""filing_date"":""2024-09-05"",""stage_entered_at"":""2025-10-18"",""days_in_current_stage"":302,""cohort_median_days_in_stage"":273.0,""stage_deviation_ratio"":1.11,""days_since_substantive_event"":143,""adjournment_streak"":0,""adjournment_count"":0,""judge_change_count"":0,""cohort_size"":4,""cohort_age_percentile"":null,""bottleneck_type"":""PROCEDURAL_INACTIVITY"",""actionability_level"":""MEDIUM"",""triage_confidence"":""LOW"",""triage_score"":28.6,""component_scores"":{""structural_deviation"":22.2,""inactivity"":47.67,""age_deviation"":0,""adjournment"":0.0,""actionability"":50}}",Case has been in stage 'Evidence / Argument' for 302 days (1.11x cohort median of 273d). Case exhibits normal or moderately delayed progression based on available synthetic timeline signals. Medium administrative actionability.
SYN/DL/MACA/2022/000089,Delhi,Vijayawada,DELHI_DC_01,MACA,MOTOR_ACCIDENT,district,2022-01-28,2022-02-07,2022-02-07,2022,2022,1661,Pending,Final Arguments / Judgment,2026-06-09,2022-02-16,2026-11-07,SYN-BENCH-01,68,0,0,0,0,1.0,1,,UNKNOWN,LOW,LOW,0,6.0,False,False,SYNTHETIC_AUGMENTED,Real-data-informed synthetic generator,"{""synthetic_cnr"":""SYN/DL/MACA/2022/000089"",""court_establishment"":""DELHI_DC_01"",""case_type"":""MACA"",""current_stage"":""Final Arguments / Judgment"",""filing_date"":""2022-01-28"",""stage_entered_at"":""2026-06-09"",""days_in_current_stage"":68,""cohort_median_days_in_stage"":68,""stage_deviation_ratio"":1.0,""days_since_substantive_event"":0,""adjournment_streak"":0,""adjournment_count"":0,""judge_change_count"":0,""cohort_size"":1,""cohort_age_percentile"":null,""bottleneck_type"":""UNKNOWN"",""actionability_level"":""LOW"",""triage_confidence"":""LOW"",""triage_score"":6.0,""component_scores"":{""structural_deviation"":20.0,""inactivity"":0.0,""age_deviation"":0,""adjournment"":0.0,""actionability"":0}}",Case has been in stage 'Final Arguments / Judgment' for 68 days (1.0x cohort median of 68d). Case exhibits normal or moderately delayed progression based on available synthetic timeline signals. Low administrative actionability.
SYN/OT/CRL_A/2022/000090,Odisha,Thane,ODISHA_DC_04,CRL_A,CRIMINAL_APPEAL,district,2022-01-18,2022-02-02,2022-02-02,2022,2022,1671,Pending,Summons / Appearance,2026-01-17,2022-03-18,2026-10-16,SYN-BENCH-08,211,252,6,6,2,1.51,2,,SUMMONS_DELAY,HIGH,LOW,1,60.1,False,False,SYNTHETIC_AUGMENTED,Real-data-informed synthetic generator,"{""synthetic_cnr"":""SYN/OT/CRL_A/2022/000090"",""court_establishment"":""ODISHA_DC_04"",""case_type"":""CRL_A"",""current_stage"":""Summons / Appearance"",""filing_date"":""2022-01-18"",""stage_entered_at"":""2026-01-17"",""days_in_current_stage"":211,""cohort_median_days_in_stage"":140.0,""stage_deviation_ratio"":1.51,""days_since_substantive_event"":252,""adjournment_streak"":6,""adjournment_count"":6,""judge_change_count"":2,""cohort_size"":2,""cohort_age_percentile"":null,""bottleneck_type"":""SUMMONS_DELAY"",""actionability_level"":""HIGH"",""triage_confidence"":""LOW"",""triage_score"":60.1,""component_scores"":{""structural_deviation"":30.2,""inactivity"":84.0,""age_deviation"":0,""adjournment"":100.0,""actionability"":100}}","Case has been in stage 'Summons / Appearance' for 211 days (1.51x cohort median of 140d). Summons was issued with no return of service recorded over 211 days, resulting in 6 consecutive adjournments. High administrative actionability."
SYN/OT/BA/2022/000091,Assam,Delhi,ASSAM_DC_02,BA,BAIL_GENERAL,district,2022-09-18,2022-09-27,2022-09-27,2022,2022,1428,Pending,Filing / Registration,2026-07-18,2022-10-25,2026-09-29,SYN-BENCH-06,29,183,1,1,2,1.38,2,,JUDGE_CHANGE,MEDIUM,LOW,1,35.5,False,False,SYNTHETIC_AUGMENTED,Real-data-informed synthetic generator,"{""synthetic_cnr"":""SYN/OT/BA/2022/000091"",""court_establishment"":""ASSAM_DC_02"",""case_type"":""BA"",""current_stage"":""Filing / Registration"",""filing_date"":""2022-09-18"",""stage_entered_at"":""2026-07-18"",""days_in_current_stage"":29,""cohort_median_days_in_stage"":21.0,""stage_deviation_ratio"":1.38,""days_since_substantive_event"":183,""adjournment_streak"":1,""adjournment_count"":1,""judge_change_count"":2,""cohort_size"":2,""cohort_age_percentile"":null,""bottleneck_type"":""JUDGE_CHANGE"",""actionability_level"":""MEDIUM"",""triage_confidence"":""LOW"",""triage_score"":35.5,""component_scores"":{""structural_deviation"":27.6,""inactivity"":61.0,""age_deviation"":0,""adjournment"":20.0,""actionability"":50}}",Case has been in stage 'Filing / Registration' for 29 days (1.38x cohort median of 21d). Case exhibits normal or moderately delayed progression based on available synthetic timeline signals. Medium administrative actionability.
SYN/OT/WP_C/2024/000092,Odisha,Pune,ODISHA_DC_04,WP_C,WRIT_GENERAL,district,2024-12-05,2024-12-14,2024-12-14,2024,2024,619,Pending,Pleadings / Issues,2026-01-29,2025-01-10,2026-10-05,SYN-BENCH-04,199,166,1,1,2,1.0,1,,JUDGE_CHANGE,MEDIUM,LOW,1,31.8,False,False,SYNTHETIC_AUGMENTED,Real-data-informed synthetic generator,"{""synthetic_cnr"":""SYN/OT/WP_C/2024/000092"",""court_establishment"":""ODISHA_DC_04"",""case_type"":""WP_C"",""current_stage"":""Pleadings / Issues"",""filing_date"":""2024-12-05"",""stage_entered_at"":""2026-01-29"",""days_in_current_stage"":199,""cohort_median_days_in_stage"":199,""stage_deviation_ratio"":1.0,""days_since_substantive_event"":166,""adjournment_streak"":1,""adjournment_count"":1,""judge_change_count"":2,""cohort_size"":1,""cohort_age_percentile"":null,""bottleneck_type"":""JUDGE_CHANGE"",""actionability_level"":""MEDIUM"",""triage_confidence"":""LOW"",""triage_score"":31.8,""component_scores"":{""structural_deviation"":20.0,""inactivity"":55.33,""age_deviation"":0,""adjournment"":20.0,""actionability"":50}}",Case has been in stage 'Pleadings / Issues' for 199 days (1.0x cohort median of 199d). Case exhibits normal or moderately delayed progression based on available synthetic timeline signals. Medium administrative actionability.
SYN/KL/CS/2022/000093,Kerala,Delhi,KERALA_DC_05,CS,CPC_GENERAL,district,2022-04-28,2022-04-29,2022-04-29,2022,2022,1571,Pending,Summons / Appearance,2026-05-23,2022-06-13,2026-10-23,SYN-BENCH-04,85,20,0,0,0,0.57,11,,UNKNOWN,LOW,LOW,0,5.1,False,False,SYNTHETIC_AUGMENTED,Real-data-informed synthetic generator,"{""synthetic_cnr"":""SYN/KL/CS/2022/000093"",""court_establishment"":""KERALA_DC_05"",""case_type"":""CS"",""current_stage"":""Summons / Appearance"",""filing_date"":""2022-04-28"",""stage_entered_at"":""2026-05-23"",""days_in_current_stage"":85,""cohort_median_days_in_stage"":150,""stage_deviation_ratio"":0.57,""days_since_substantive_event"":20,""adjournment_streak"":0,""adjournment_count"":0,""judge_change_count"":0,""cohort_size"":11,""cohort_age_percentile"":null,""bottleneck_type"":""UNKNOWN"",""actionability_level"":""LOW"",""triage_confidence"":""LOW"",""triage_score"":5.1,""component_scores"":{""structural_deviation"":11.4,""inactivity"":6.67,""age_deviation"":0,""adjournment"":0.0,""actionability"":0}}",Case has been in stage 'Summons / Appearance' for 85 days (0.57x cohort median of 150d). Case exhibits normal or moderately delayed progression based on available synthetic timeline signals. Low administrative actionability.
SYN/OT/CS/2023/000094,Odisha,Jaipur,ODISHA_DC_05,CS,CPC_GENERAL,district,2023-12-10,2023-12-13,2023-12-13,2023,2022,980,Pending,Summons / Appearance,2026-06-12,2024-02-10,2026-10-20,SYN-BENCH-08,65,24,0,0,0,0.36,5,,UNKNOWN,LOW,LOW,0,4.2,False,False,SYNTHETIC_AUGMENTED,Real-data-informed synthetic generator,"{""synthetic_cnr"":""SYN/OT/CS/2023/000094"",""court_establishment"":""ODISHA_DC_05"",""case_type"":""CS"",""current_stage"":""Summons / Appearance"",""filing_date"":""2023-12-10"",""stage_entered_at"":""2026-06-12"",""days_in_current_stage"":65,""cohort_median_days_in_stage"":183,""stage_deviation_ratio"":0.36,""days_since_substantive_event"":24,""adjournment_streak"":0,""adjournment_count"":0,""judge_change_count"":0,""cohort_size"":5,""cohort_age_percentile"":null,""bottleneck_type"":""UNKNOWN"",""actionability_level"":""LOW"",""triage_confidence"":""LOW"",""triage_score"":4.2,""component_scores"":{""structural_deviation"":7.2,""inactivity"":8.0,""age_deviation"":0,""adjournment"":0.0,""actionability"":0}}",Case has been in stage 'Summons / Appearance' for 65 days (0.36x cohort median of 183d). Case exhibits normal or moderately delayed progression based on available synthetic timeline signals. Low administrative actionability.
SYN/OT/CRL_A/2024/000095,Madhya Pradesh,Delhi,MADHYA_DC_01,CRL_A,CRIMINAL_APPEAL,district,2024-05-05,2024-05-19,2024-05-19,2024,2024,833,Pending,Summons / Appearance,2026-02-18,2024-07-17,2026-09-16,SYN-BENCH-06,179,132,0,0,1,1.38,2,,PROCEDURAL_INACTIVITY,MEDIUM,LOW,1,29.3,False,False,SYNTHETIC_AUGMENTED,Real-data-informed synthetic generator,"{""synthetic_cnr"":""SYN/OT/CRL_A/2024/000095"",""court_establishment"":""MADHYA_DC_01"",""case_type"":""CRL_A"",""current_stage"":""Summons / Appearance"",""filing_date"":""2024-05-05"",""stage_entered_at"":""2026-02-18"",""days_in_current_stage"":179,""cohort_median_days_in_stage"":129.5,""stage_deviation_ratio"":1.38,""days_since_substantive_event"":132,""adjournment_streak"":0,""adjournment_count"":0,""judge_change_count"":1,""cohort_size"":2,""cohort_age_percentile"":null,""bottleneck_type"":""PROCEDURAL_INACTIVITY"",""actionability_level"":""MEDIUM"",""triage_confidence"":""LOW"",""triage_score"":29.3,""component_scores"":{""structural_deviation"":27.6,""inactivity"":44.0,""age_deviation"":0,""adjournment"":0.0,""actionability"":50}}",Case has been in stage 'Summons / Appearance' for 179 days (1.38x cohort median of 130d). Case exhibits normal or moderately delayed progression based on available synthetic timeline signals. Medium administrative actionability.
SYN/OT/BA/2020/000096,Telangana,Lucknow,TELANG_DC_05,BA,BAIL_GENERAL,district,2020-03-14,2020-03-14,2020-03-14,2020,2020,2346,Pending,Evidence / Argument,2026-05-16,2020-04-15,2026-10-28,SYN-BENCH-06,92,35,0,0,0,0.44,2,,UNKNOWN,LOW,LOW,0,5.6,False,False,SYNTHETIC_AUGMENTED,Real-data-informed synthetic generator,"{""synthetic_cnr"":""SYN/OT/BA/2020/000096"",""court_establishment"":""TELANG_DC_05"",""case_type"":""BA"",""current_stage"":""Evidence / Argument"",""filing_date"":""2020-03-14"",""stage_entered_at"":""2026-05-16"",""days_in_current_stage"":92,""cohort_median_days_in_stage"":208.0,""stage_deviation_ratio"":0.44,""days_since_substantive_event"":35,""adjournment_streak"":0,""adjournment_count"":0,""judge_change_count"":0,""cohort_size"":2,""cohort_age_percentile"":null,""bottleneck_type"":""UNKNOWN"",""actionability_level"":""LOW"",""triage_confidence"":""LOW"",""triage_score"":5.6,""component_scores"":{""structural_deviation"":8.8,""inactivity"":11.67,""age_deviation"":0,""adjournment"":0.0,""actionability"":0}}",Case has been in stage 'Evidence / Argument' for 92 days (0.44x cohort median of 208d). Case exhibits normal or moderately delayed progression based on available synthetic timeline signals. Low administrative actionability.
SYN/UP/CS/2018/000097,Uttar Pradesh,Thiruvananthapuram,UTTAR__DC_03,CS,CPC_GENERAL,district,2018-12-18,2018-12-29,2018-12-29,2018,2018,2798,Pending,Pleadings / Issues,2026-05-18,2019-02-12,2026-09-19,SYN-BENCH-01,90,14,0,0,0,1.0,3,,UNKNOWN,LOW,LOW,0,7.2,False,False,SYNTHETIC_AUGMENTED,Real-data-informed synthetic generator,"{""synthetic_cnr"":""SYN/UP/CS/2018/000097"",""court_establishment"":""UTTAR__DC_03"",""case_type"":""CS"",""current_stage"":""Pleadings / Issues"",""filing_date"":""2018-12-18"",""stage_entered_at"":""2026-05-18"",""days_in_current_stage"":90,""cohort_median_days_in_stage"":90,""stage_deviation_ratio"":1.0,""days_since_substantive_event"":14,""adjournment_streak"":0,""adjournment_count"":0,""judge_change_count"":0,""cohort_size"":3,""cohort_age_percentile"":null,""bottleneck_type"":""UNKNOWN"",""actionability_level"":""LOW"",""triage_confidence"":""LOW"",""triage_score"":7.2,""component_scores"":{""structural_deviation"":20.0,""inactivity"":4.67,""age_deviation"":0,""adjournment"":0.0,""actionability"":0}}",Case has been in stage 'Pleadings / Issues' for 90 days (1.0x cohort median of 90d). Case exhibits normal or moderately delayed progression based on available synthetic timeline signals. Low administrative actionability.
SYN/KL/CS/2023/000098,Kerala,Thiruvananthapuram,KERALA_DC_02,CS,CPC_GENERAL,district,2023-06-12,2023-06-14,2023-06-14,2023,2022,1161,Pending,Summons / Appearance,2026-06-19,2023-07-23,2026-08-30,SYN-BENCH-05,58,42,0,0,0,0.86,16,50.0,UNKNOWN,LOW,HIGH,0,16.2,False,False,SYNTHETIC_AUGMENTED,Real-data-informed synthetic generator,"{""synthetic_cnr"":""SYN/KL/CS/2023/000098"",""court_establishment"":""KERALA_DC_02"",""case_type"":""CS"",""current_stage"":""Summons / Appearance"",""filing_date"":""2023-06-12"",""stage_entered_at"":""2026-06-19"",""days_in_current_stage"":58,""cohort_median_days_in_stage"":67.5,""stage_deviation_ratio"":0.86,""days_since_substantive_event"":42,""adjournment_streak"":0,""adjournment_count"":0,""judge_change_count"":0,""cohort_size"":16,""cohort_age_percentile"":50.0,""bottleneck_type"":""UNKNOWN"",""actionability_level"":""LOW"",""triage_confidence"":""HIGH"",""triage_score"":16.2,""component_scores"":{""structural_deviation"":17.2,""inactivity"":14.0,""age_deviation"":50.0,""adjournment"":0.0,""actionability"":0}}",Case has been in stage 'Summons / Appearance' for 58 days (0.86x cohort median of 68d). Case exhibits normal or moderately delayed progression based on available synthetic timeline signals. Low administrative actionability.
SYN/OT/CS/2024/000099,Rajasthan,Bhopal,RAJAST_DC_02,CS,CPC_GENERAL,district,2024-02-10,2024-02-13,2024-02-13,2024,2024,918,Pending,Pleadings / Issues,2026-05-21,2024-03-30,2026-10-07,SYN-BENCH-06,87,69,0,0,0,1.0,1,,UNKNOWN,LOW,LOW,0,11.8,False,False,SYNTHETIC_AUGMENTED,Real-data-informed synthetic generator,"{""synthetic_cnr"":""SYN/OT/CS/2024/000099"",""court_establishment"":""RAJAST_DC_02"",""case_type"":""CS"",""current_stage"":""Pleadings / Issues"",""filing_date"":""2024-02-10"",""stage_entered_at"":""2026-05-21"",""days_in_current_stage"":87,""cohort_median_days_in_stage"":87,""stage_deviation_ratio"":1.0,""days_since_substantive_event"":69,""adjournment_streak"":0,""adjournment_count"":0,""judge_change_count"":0,""cohort_size"":1,""cohort_age_percentile"":null,""bottleneck_type"":""UNKNOWN"",""actionability_level"":""LOW"",""triage_confidence"":""LOW"",""triage_score"":11.8,""component_scores"":{""structural_deviation"":20.0,""inactivity"":23.0,""age_deviation"":0,""adjournment"":0.0,""actionability"":0}}",Case has been in stage 'Pleadings / Issues' for 87 days (1.0x cohort median of 87d). Case exhibits normal or moderately delayed progression based on available synthetic timeline signals. Low administrative actionability.
SYN/UP/CS/2022/000100,Uttar Pradesh,Delhi,UTTAR__DC_01,CS,CPC_GENERAL,district,2022-05-10,2022-05-23,2022-05-23,2022,2022,1559,Pending,Evidence / Argument,2025-09-13,2022-06-20,2026-10-01,SYN-BENCH-01,337,140,1,1,1,1.74,10,,PROCEDURAL_INACTIVITY,MEDIUM,LOW,1,34.1,False,False,SYNTHETIC_AUGMENTED,Real-data-informed synthetic generator,"{""synthetic_cnr"":""SYN/UP/CS/2022/000100"",""court_establishment"":""UTTAR__DC_01"",""case_type"":""CS"",""current_stage"":""Evidence / Argument"",""filing_date"":""2022-05-10"",""stage_entered_at"":""2025-09-13"",""days_in_current_stage"":337,""cohort_median_days_in_stage"":193.5,""stage_deviation_ratio"":1.74,""days_since_substantive_event"":140,""adjournment_streak"":1,""adjournment_count"":1,""judge_change_count"":1,""cohort_size"":10,""cohort_age_percentile"":null,""bottleneck_type"":""PROCEDURAL_INACTIVITY"",""actionability_level"":""MEDIUM"",""triage_confidence"":""LOW"",""triage_score"":34.1,""component_scores"":{""structural_deviation"":34.8,""inactivity"":46.67,""age_deviation"":0,""adjournment"":20.0,""actionability"":50}}",Case has been in stage 'Evidence / Argument' for 337 days (1.74x cohort median of 194d). Case exhibits normal or moderately delayed progression based on available synthetic timeline signals. Medium administrative actionability.
