cohort_id,court_establishment,case_type,act_section_bucket,filing_year_bucket,current_stage,cohort_size,median_days_in_stage,p75_days_in_stage,p90_days_in_stage,data_label
COHORT_0001,ANDHRA_DC_01,BA,BAIL_GENERAL,2018,Evidence / Argument,1,228,228,228,SYNTHETIC_AUGMENTED
COHORT_0002,ANDHRA_DC_01,BA,BAIL_GENERAL,2018,Final Arguments / Judgment,1,100,100,100,SYNTHETIC_AUGMENTED
COHORT_0003,ANDHRA_DC_01,BA,BAIL_GENERAL,2020,Evidence / Argument,2,331.5,288,288,SYNTHETIC_AUGMENTED
COHORT_0004,ANDHRA_DC_01,BA,BAIL_GENERAL,2020,Filing / Registration,2,9.5,6,6,SYNTHETIC_AUGMENTED
COHORT_0005,ANDHRA_DC_01,BA,BAIL_GENERAL,2020,Final Arguments / Judgment,3,54,54,54,SYNTHETIC_AUGMENTED
COHORT_0006,ANDHRA_DC_01,BA,BAIL_GENERAL,2020,Pleadings / Issues,5,82,97,97,SYNTHETIC_AUGMENTED
COHORT_0007,ANDHRA_DC_01,BA,BAIL_GENERAL,2020,Summons / Appearance,3,103,103,103,SYNTHETIC_AUGMENTED
COHORT_0008,ANDHRA_DC_01,BA,BAIL_GENERAL,2022,Evidence / Argument,7,142,173,228,SYNTHETIC_AUGMENTED
COHORT_0009,ANDHRA_DC_01,BA,BAIL_GENERAL,2022,Filing / Registration,1,17,17,17,SYNTHETIC_AUGMENTED
COHORT_0010,ANDHRA_DC_01,BA,BAIL_GENERAL,2022,Final Arguments / Judgment,3,78,78,78,SYNTHETIC_AUGMENTED
COHORT_0011,ANDHRA_DC_01,BA,BAIL_GENERAL,2022,Pleadings / Issues,4,95.5,99,99,SYNTHETIC_AUGMENTED
COHORT_0012,ANDHRA_DC_01,BA,BAIL_GENERAL,2022,Summons / Appearance,7,217,242,302,SYNTHETIC_AUGMENTED
COHORT_0013,ANDHRA_DC_01,BA,BAIL_GENERAL,2024,Evidence / Argument,7,274,307,371,SYNTHETIC_AUGMENTED
COHORT_0014,ANDHRA_DC_01,BA,BAIL_GENERAL,2024,Filing / Registration,2,17.5,14,14,SYNTHETIC_AUGMENTED
COHORT_0015,ANDHRA_DC_01,BA,BAIL_GENERAL,2024,Final Arguments / Judgment,4,68.5,78,78,SYNTHETIC_AUGMENTED
COHORT_0016,ANDHRA_DC_01,BA,BAIL_GENERAL,2024,Pleadings / Issues,2,201.0,84,84,SYNTHETIC_AUGMENTED
COHORT_0017,ANDHRA_DC_01,BA,BAIL_GENERAL,2024,Summons / Appearance,4,190.5,220,220,SYNTHETIC_AUGMENTED
COHORT_0018,ANDHRA_DC_01,CRL_A,CRIMINAL_APPEAL,2018,Evidence / Argument,2,244.5,151,151,SYNTHETIC_AUGMENTED
COHORT_0019,ANDHRA_DC_01,CRL_A,CRIMINAL_APPEAL,2020,Evidence / Argument,2,271.5,106,106,SYNTHETIC_AUGMENTED
COHORT_0020,ANDHRA_DC_01,CRL_A,CRIMINAL_APPEAL,2020,Final Arguments / Judgment,1,113,113,113,SYNTHETIC_AUGMENTED
COHORT_0021,ANDHRA_DC_01,CRL_A,CRIMINAL_APPEAL,2020,Pleadings / Issues,1,264,264,264,SYNTHETIC_AUGMENTED
COHORT_0022,ANDHRA_DC_01,CRL_A,CRIMINAL_APPEAL,2020,Summons / Appearance,3,111,111,111,SYNTHETIC_AUGMENTED
COHORT_0023,ANDHRA_DC_01,CRL_A,CRIMINAL_APPEAL,2022,Evidence / Argument,2,169.5,89,89,SYNTHETIC_AUGMENTED
COHORT_0024,ANDHRA_DC_01,CRL_A,CRIMINAL_APPEAL,2022,Filing / Registration,3,31,31,31,SYNTHETIC_AUGMENTED
COHORT_0025,ANDHRA_DC_01,CRL_A,CRIMINAL_APPEAL,2022,Final Arguments / Judgment,3,63,63,63,SYNTHETIC_AUGMENTED
COHORT_0026,ANDHRA_DC_01,CRL_A,CRIMINAL_APPEAL,2022,Pleadings / Issues,5,122,302,302,SYNTHETIC_AUGMENTED
COHORT_0027,ANDHRA_DC_01,CRL_A,CRIMINAL_APPEAL,2022,Summons / Appearance,8,86.0,95,175,SYNTHETIC_AUGMENTED
COHORT_0028,ANDHRA_DC_01,CRL_A,CRIMINAL_APPEAL,2024,Evidence / Argument,1,323,323,323,SYNTHETIC_AUGMENTED
COHORT_0029,ANDHRA_DC_01,CRL_A,CRIMINAL_APPEAL,2024,Final Arguments / Judgment,2,86.0,85,85,SYNTHETIC_AUGMENTED
COHORT_0030,ANDHRA_DC_01,CRL_A,CRIMINAL_APPEAL,2024,Pleadings / Issues,1,155,155,155,SYNTHETIC_AUGMENTED
COHORT_0031,ANDHRA_DC_01,CRL_A,CRIMINAL_APPEAL,2024,Summons / Appearance,7,190,240,247,SYNTHETIC_AUGMENTED
COHORT_0032,ANDHRA_DC_01,CS,CPC_GENERAL,2018,Evidence / Argument,1,114,114,114,SYNTHETIC_AUGMENTED
COHORT_0033,ANDHRA_DC_01,CS,CPC_GENERAL,2018,Filing / Registration,1,15,15,15,SYNTHETIC_AUGMENTED
COHORT_0034,ANDHRA_DC_01,CS,CPC_GENERAL,2018,Final Arguments / Judgment,2,126.0,52,52,SYNTHETIC_AUGMENTED
COHORT_0035,ANDHRA_DC_01,CS,CPC_GENERAL,2018,Pleadings / Issues,3,81,81,81,SYNTHETIC_AUGMENTED
COHORT_0036,ANDHRA_DC_01,CS,CPC_GENERAL,2020,Evidence / Argument,3,226,226,226,SYNTHETIC_AUGMENTED
COHORT_0037,ANDHRA_DC_01,CS,CPC_GENERAL,2020,Filing / Registration,1,9,9,9,SYNTHETIC_AUGMENTED
COHORT_0038,ANDHRA_DC_01,CS,CPC_GENERAL,2020,Final Arguments / Judgment,1,74,74,74,SYNTHETIC_AUGMENTED
COHORT_0039,ANDHRA_DC_01,CS,CPC_GENERAL,2020,Pleadings / Issues,4,137.0,148,148,SYNTHETIC_AUGMENTED
COHORT_0040,ANDHRA_DC_01,CS,CPC_GENERAL,2020,Summons / Appearance,4,120.5,153,153,SYNTHETIC_AUGMENTED
COHORT_0041,ANDHRA_DC_01,CS,CPC_GENERAL,2022,Evidence / Argument,5,209,241,241,SYNTHETIC_AUGMENTED
COHORT_0042,ANDHRA_DC_01,CS,CPC_GENERAL,2022,Filing / Registration,3,13,13,13,SYNTHETIC_AUGMENTED
COHORT_0043,ANDHRA_DC_01,CS,CPC_GENERAL,2022,Final Arguments / Judgment,5,71,134,134,SYNTHETIC_AUGMENTED
COHORT_0044,ANDHRA_DC_01,CS,CPC_GENERAL,2022,Pleadings / Issues,3,123,123,123,SYNTHETIC_AUGMENTED
COHORT_0045,ANDHRA_DC_01,CS,CPC_GENERAL,2022,Summons / Appearance,9,191,250,274,SYNTHETIC_AUGMENTED
COHORT_0046,ANDHRA_DC_01,CS,CPC_GENERAL,2024,Evidence / Argument,1,135,135,135,SYNTHETIC_AUGMENTED
COHORT_0047,ANDHRA_DC_01,CS,CPC_GENERAL,2024,Filing / Registration,1,34,34,34,SYNTHETIC_AUGMENTED
COHORT_0048,ANDHRA_DC_01,CS,CPC_GENERAL,2024,Pleadings / Issues,4,58.5,77,77,SYNTHETIC_AUGMENTED
COHORT_0049,ANDHRA_DC_01,CS,CPC_GENERAL,2024,Summons / Appearance,3,78,78,78,SYNTHETIC_AUGMENTED
COHORT_0050,ANDHRA_DC_01,MACA,MOTOR_ACCIDENT,2018,Pleadings / Issues,1,72,72,72,SYNTHETIC_AUGMENTED
COHORT_0051,ANDHRA_DC_01,MACA,MOTOR_ACCIDENT,2018,Summons / Appearance,1,93,93,93,SYNTHETIC_AUGMENTED
COHORT_0052,ANDHRA_DC_01,MACA,MOTOR_ACCIDENT,2020,Evidence / Argument,1,191,191,191,SYNTHETIC_AUGMENTED
COHORT_0053,ANDHRA_DC_01,MACA,MOTOR_ACCIDENT,2020,Filing / Registration,1,11,11,11,SYNTHETIC_AUGMENTED
COHORT_0054,ANDHRA_DC_01,MACA,MOTOR_ACCIDENT,2020,Final Arguments / Judgment,1,62,62,62,SYNTHETIC_AUGMENTED
COHORT_0055,ANDHRA_DC_01,MACA,MOTOR_ACCIDENT,2020,Summons / Appearance,1,149,149,149,SYNTHETIC_AUGMENTED
COHORT_0056,ANDHRA_DC_01,MACA,MOTOR_ACCIDENT,2022,Summons / Appearance,1,40,40,40,SYNTHETIC_AUGMENTED
COHORT_0057,ANDHRA_DC_01,MACA,MOTOR_ACCIDENT,2024,Pleadings / Issues,1,73,73,73,SYNTHETIC_AUGMENTED
COHORT_0058,ANDHRA_DC_01,MACA,MOTOR_ACCIDENT,2024,Summons / Appearance,2,152.5,58,58,SYNTHETIC_AUGMENTED
COHORT_0059,ANDHRA_DC_01,WP_C,WRIT_GENERAL,2018,Evidence / Argument,2,233.0,132,132,SYNTHETIC_AUGMENTED
COHORT_0060,ANDHRA_DC_01,WP_C,WRIT_GENERAL,2018,Summons / Appearance,2,230.5,169,169,SYNTHETIC_AUGMENTED
COHORT_0061,ANDHRA_DC_01,WP_C,WRIT_GENERAL,2020,Evidence / Argument,2,298.0,204,204,SYNTHETIC_AUGMENTED
COHORT_0062,ANDHRA_DC_01,WP_C,WRIT_GENERAL,2020,Filing / Registration,2,44.5,44,44,SYNTHETIC_AUGMENTED
COHORT_0063,ANDHRA_DC_01,WP_C,WRIT_GENERAL,2020,Final Arguments / Judgment,1,69,69,69,SYNTHETIC_AUGMENTED
COHORT_0064,ANDHRA_DC_01,WP_C,WRIT_GENERAL,2020,Pleadings / Issues,1,101,101,101,SYNTHETIC_AUGMENTED
COHORT_0065,ANDHRA_DC_01,WP_C,WRIT_GENERAL,2020,Summons / Appearance,3,73,73,73,SYNTHETIC_AUGMENTED
COHORT_0066,ANDHRA_DC_01,WP_C,WRIT_GENERAL,2022,Evidence / Argument,2,320.5,293,293,SYNTHETIC_AUGMENTED
COHORT_0067,ANDHRA_DC_01,WP_C,WRIT_GENERAL,2022,Filing / Registration,2,23.0,20,20,SYNTHETIC_AUGMENTED
COHORT_0068,ANDHRA_DC_01,WP_C,WRIT_GENERAL,2022,Final Arguments / Judgment,2,42.0,20,20,SYNTHETIC_AUGMENTED
COHORT_0069,ANDHRA_DC_01,WP_C,WRIT_GENERAL,2022,Pleadings / Issues,1,79,79,79,SYNTHETIC_AUGMENTED
COHORT_0070,ANDHRA_DC_01,WP_C,WRIT_GENERAL,2022,Summons / Appearance,1,55,55,55,SYNTHETIC_AUGMENTED
COHORT_0071,ANDHRA_DC_01,WP_C,WRIT_GENERAL,2024,Evidence / Argument,2,181.5,175,175,SYNTHETIC_AUGMENTED
COHORT_0072,ANDHRA_DC_01,WP_C,WRIT_GENERAL,2024,Pleadings / Issues,1,216,216,216,SYNTHETIC_AUGMENTED
COHORT_0073,ANDHRA_DC_01,WP_C,WRIT_GENERAL,2024,Summons / Appearance,3,71,71,71,SYNTHETIC_AUGMENTED
COHORT_0074,ANDHRA_DC_02,BA,BAIL_GENERAL,2018,Evidence / Argument,2,187.5,175,175,SYNTHETIC_AUGMENTED
COHORT_0075,ANDHRA_DC_02,BA,BAIL_GENERAL,2018,Pleadings / Issues,2,75.5,71,71,SYNTHETIC_AUGMENTED
COHORT_0076,ANDHRA_DC_02,BA,BAIL_GENERAL,2018,Summons / Appearance,5,150,239,239,SYNTHETIC_AUGMENTED
COHORT_0077,ANDHRA_DC_02,BA,BAIL_GENERAL,2020,Evidence / Argument,5,227,313,313,SYNTHETIC_AUGMENTED
COHORT_0078,ANDHRA_DC_02,BA,BAIL_GENERAL,2020,Filing / Registration,3,28,28,28,SYNTHETIC_AUGMENTED
COHORT_0079,ANDHRA_DC_02,BA,BAIL_GENERAL,2020,Final Arguments / Judgment,3,70,70,70,SYNTHETIC_AUGMENTED
COHORT_0080,ANDHRA_DC_02,BA,BAIL_GENERAL,2020,Pleadings / Issues,1,158,158,158,SYNTHETIC_AUGMENTED
COHORT_0081,ANDHRA_DC_02,BA,BAIL_GENERAL,2020,Summons / Appearance,2,189.0,157,157,SYNTHETIC_AUGMENTED
COHORT_0082,ANDHRA_DC_02,BA,BAIL_GENERAL,2022,Evidence / Argument,6,180.5,190,228,SYNTHETIC_AUGMENTED
COHORT_0083,ANDHRA_DC_02,BA,BAIL_GENERAL,2022,Filing / Registration,5,10,16,16,SYNTHETIC_AUGMENTED
COHORT_0084,ANDHRA_DC_02,BA,BAIL_GENERAL,2022,Final Arguments / Judgment,2,53.0,51,51,SYNTHETIC_AUGMENTED
COHORT_0085,ANDHRA_DC_02,BA,BAIL_GENERAL,2022,Pleadings / Issues,8,82.0,106,119,SYNTHETIC_AUGMENTED
COHORT_0086,ANDHRA_DC_02,BA,BAIL_GENERAL,2022,Summons / Appearance,13,146,297,372,SYNTHETIC_AUGMENTED
COHORT_0087,ANDHRA_DC_02,BA,BAIL_GENERAL,2024,Final Arguments / Judgment,2,81.0,68,68,SYNTHETIC_AUGMENTED
COHORT_0088,ANDHRA_DC_02,BA,BAIL_GENERAL,2024,Pleadings / Issues,1,68,68,68,SYNTHETIC_AUGMENTED
COHORT_0089,ANDHRA_DC_02,BA,BAIL_GENERAL,2024,Summons / Appearance,7,132,161,302,SYNTHETIC_AUGMENTED
COHORT_0090,ANDHRA_DC_02,CRL_A,CRIMINAL_APPEAL,2018,Evidence / Argument,1,100,100,100,SYNTHETIC_AUGMENTED
COHORT_0091,ANDHRA_DC_02,CRL_A,CRIMINAL_APPEAL,2018,Filing / Registration,1,10,10,10,SYNTHETIC_AUGMENTED
COHORT_0092,ANDHRA_DC_02,CRL_A,CRIMINAL_APPEAL,2018,Final Arguments / Judgment,1,46,46,46,SYNTHETIC_AUGMENTED
COHORT_0093,ANDHRA_DC_02,CRL_A,CRIMINAL_APPEAL,2020,Filing / Registration,1,8,8,8,SYNTHETIC_AUGMENTED
COHORT_0094,ANDHRA_DC_02,CRL_A,CRIMINAL_APPEAL,2020,Pleadings / Issues,1,164,164,164,SYNTHETIC_AUGMENTED
COHORT_0095,ANDHRA_DC_02,CRL_A,CRIMINAL_APPEAL,2020,Summons / Appearance,1,86,86,86,SYNTHETIC_AUGMENTED
COHORT_0096,ANDHRA_DC_02,CRL_A,CRIMINAL_APPEAL,2022,Evidence / Argument,6,172.5,198,214,SYNTHETIC_AUGMENTED
COHORT_0097,ANDHRA_DC_02,CRL_A,CRIMINAL_APPEAL,2022,Final Arguments / Judgment,2,58.0,57,57,SYNTHETIC_AUGMENTED
COHORT_0098,ANDHRA_DC_02,CRL_A,CRIMINAL_APPEAL,2022,Pleadings / Issues,2,119.5,119,119,SYNTHETIC_AUGMENTED
COHORT_0099,ANDHRA_DC_02,CRL_A,CRIMINAL_APPEAL,2022,Summons / Appearance,4,122.0,130,130,SYNTHETIC_AUGMENTED
COHORT_0100,ANDHRA_DC_02,CRL_A,CRIMINAL_APPEAL,2024,Evidence / Argument,3,62,62,62,SYNTHETIC_AUGMENTED
COHORT_0101,ANDHRA_DC_02,CRL_A,CRIMINAL_APPEAL,2024,Pleadings / Issues,3,65,65,65,SYNTHETIC_AUGMENTED
COHORT_0102,ANDHRA_DC_02,CRL_A,CRIMINAL_APPEAL,2024,Summons / Appearance,1,149,149,149,SYNTHETIC_AUGMENTED
COHORT_0103,ANDHRA_DC_02,CS,CPC_GENERAL,2018,Evidence / Argument,1,145,145,145,SYNTHETIC_AUGMENTED
COHORT_0104,ANDHRA_DC_02,CS,CPC_GENERAL,2018,Filing / Registration,1,21,21,21,SYNTHETIC_AUGMENTED
COHORT_0105,ANDHRA_DC_02,CS,CPC_GENERAL,2018,Pleadings / Issues,1,79,79,79,SYNTHETIC_AUGMENTED
COHORT_0106,ANDHRA_DC_02,CS,CPC_GENERAL,2020,Final Arguments / Judgment,1,187,187,187,SYNTHETIC_AUGMENTED
COHORT_0107,ANDHRA_DC_02,CS,CPC_GENERAL,2020,Pleadings / Issues,1,263,263,263,SYNTHETIC_AUGMENTED
COHORT_0108,ANDHRA_DC_02,CS,CPC_GENERAL,2020,Summons / Appearance,1,88,88,88,SYNTHETIC_AUGMENTED
COHORT_0109,ANDHRA_DC_02,CS,CPC_GENERAL,2022,Evidence / Argument,3,235,235,235,SYNTHETIC_AUGMENTED
COHORT_0110,ANDHRA_DC_02,CS,CPC_GENERAL,2022,Filing / Registration,4,18.0,19,19,SYNTHETIC_AUGMENTED
COHORT_0111,ANDHRA_DC_02,CS,CPC_GENERAL,2022,Final Arguments / Judgment,3,62,62,62,SYNTHETIC_AUGMENTED
COHORT_0112,ANDHRA_DC_02,CS,CPC_GENERAL,2022,Pleadings / Issues,4,104.5,106,106,SYNTHETIC_AUGMENTED
COHORT_0113,ANDHRA_DC_02,CS,CPC_GENERAL,2022,Summons / Appearance,6,72.0,74,89,SYNTHETIC_AUGMENTED
COHORT_0114,ANDHRA_DC_02,CS,CPC_GENERAL,2024,Evidence / Argument,4,148.0,178,178,SYNTHETIC_AUGMENTED
COHORT_0115,ANDHRA_DC_02,CS,CPC_GENERAL,2024,Pleadings / Issues,3,96,96,96,SYNTHETIC_AUGMENTED
COHORT_0116,ANDHRA_DC_02,CS,CPC_GENERAL,2024,Summons / Appearance,7,165,223,342,SYNTHETIC_AUGMENTED
COHORT_0117,ANDHRA_DC_02,MACA,MOTOR_ACCIDENT,2018,Final Arguments / Judgment,1,67,67,67,SYNTHETIC_AUGMENTED
COHORT_0118,ANDHRA_DC_02,MACA,MOTOR_ACCIDENT,2020,Evidence / Argument,1,473,473,473,SYNTHETIC_AUGMENTED
COHORT_0119,ANDHRA_DC_02,MACA,MOTOR_ACCIDENT,2020,Final Arguments / Judgment,1,110,110,110,SYNTHETIC_AUGMENTED
COHORT_0120,ANDHRA_DC_02,MACA,MOTOR_ACCIDENT,2020,Pleadings / Issues,2,175.0,103,103,SYNTHETIC_AUGMENTED
COHORT_0121,ANDHRA_DC_02,MACA,MOTOR_ACCIDENT,2020,Summons / Appearance,2,49.5,27,27,SYNTHETIC_AUGMENTED
COHORT_0122,ANDHRA_DC_02,MACA,MOTOR_ACCIDENT,2022,Filing / Registration,3,11,11,11,SYNTHETIC_AUGMENTED
COHORT_0123,ANDHRA_DC_02,MACA,MOTOR_ACCIDENT,2022,Final Arguments / Judgment,1,9,9,9,SYNTHETIC_AUGMENTED
COHORT_0124,ANDHRA_DC_02,MACA,MOTOR_ACCIDENT,2022,Pleadings / Issues,1,117,117,117,SYNTHETIC_AUGMENTED
COHORT_0125,ANDHRA_DC_02,MACA,MOTOR_ACCIDENT,2022,Summons / Appearance,1,67,67,67,SYNTHETIC_AUGMENTED
COHORT_0126,ANDHRA_DC_02,MACA,MOTOR_ACCIDENT,2024,Evidence / Argument,1,209,209,209,SYNTHETIC_AUGMENTED
COHORT_0127,ANDHRA_DC_02,WP_C,WRIT_GENERAL,2020,Final Arguments / Judgment,1,45,45,45,SYNTHETIC_AUGMENTED
COHORT_0128,ANDHRA_DC_02,WP_C,WRIT_GENERAL,2020,Pleadings / Issues,3,104,104,104,SYNTHETIC_AUGMENTED
COHORT_0129,ANDHRA_DC_02,WP_C,WRIT_GENERAL,2020,Summons / Appearance,3,64,64,64,SYNTHETIC_AUGMENTED
COHORT_0130,ANDHRA_DC_02,WP_C,WRIT_GENERAL,2022,Evidence / Argument,4,197.0,205,205,SYNTHETIC_AUGMENTED
COHORT_0131,ANDHRA_DC_02,WP_C,WRIT_GENERAL,2022,Filing / Registration,2,31.5,10,10,SYNTHETIC_AUGMENTED
COHORT_0132,ANDHRA_DC_02,WP_C,WRIT_GENERAL,2022,Pleadings / Issues,5,114,115,115,SYNTHETIC_AUGMENTED
COHORT_0133,ANDHRA_DC_02,WP_C,WRIT_GENERAL,2022,Summons / Appearance,7,50,193,198,SYNTHETIC_AUGMENTED
COHORT_0134,ANDHRA_DC_02,WP_C,WRIT_GENERAL,2024,Evidence / Argument,1,347,347,347,SYNTHETIC_AUGMENTED
COHORT_0135,ANDHRA_DC_02,WP_C,WRIT_GENERAL,2024,Filing / Registration,2,13.5,12,12,SYNTHETIC_AUGMENTED
COHORT_0136,ANDHRA_DC_02,WP_C,WRIT_GENERAL,2024,Final Arguments / Judgment,2,68.0,52,52,SYNTHETIC_AUGMENTED
COHORT_0137,ANDHRA_DC_02,WP_C,WRIT_GENERAL,2024,Pleadings / Issues,1,102,102,102,SYNTHETIC_AUGMENTED
COHORT_0138,ANDHRA_DC_02,WP_C,WRIT_GENERAL,2024,Summons / Appearance,7,133,313,363,SYNTHETIC_AUGMENTED
COHORT_0139,ANDHRA_DC_03,BA,BAIL_GENERAL,2018,Summons / Appearance,2,186.0,56,56,SYNTHETIC_AUGMENTED
COHORT_0140,ANDHRA_DC_03,BA,BAIL_GENERAL,2020,Evidence / Argument,1,360,360,360,SYNTHETIC_AUGMENTED
COHORT_0141,ANDHRA_DC_03,BA,BAIL_GENERAL,2020,Final Arguments / Judgment,2,101.5,92,92,SYNTHETIC_AUGMENTED
COHORT_0142,ANDHRA_DC_03,BA,BAIL_GENERAL,2020,Pleadings / Issues,3,83,83,83,SYNTHETIC_AUGMENTED
COHORT_0143,ANDHRA_DC_03,BA,BAIL_GENERAL,2020,Summons / Appearance,3,86,86,86,SYNTHETIC_AUGMENTED
COHORT_0144,ANDHRA_DC_03,BA,BAIL_GENERAL,2022,Evidence / Argument,4,136.5,141,141,SYNTHETIC_AUGMENTED
COHORT_0145,ANDHRA_DC_03,BA,BAIL_GENERAL,2022,Filing / Registration,2,22.0,19,19,SYNTHETIC_AUGMENTED
COHORT_0146,ANDHRA_DC_03,BA,BAIL_GENERAL,2022,Final Arguments / Judgment,2,41.0,39,39,SYNTHETIC_AUGMENTED
COHORT_0147,ANDHRA_DC_03,BA,BAIL_GENERAL,2022,Pleadings / Issues,5,112,115,115,SYNTHETIC_AUGMENTED
COHORT_0148,ANDHRA_DC_03,BA,BAIL_GENERAL,2022,Summons / Appearance,6,122.0,165,182,SYNTHETIC_AUGMENTED
COHORT_0149,ANDHRA_DC_03,BA,BAIL_GENERAL,2024,Evidence / Argument,4,222.0,236,236,SYNTHETIC_AUGMENTED
COHORT_0150,ANDHRA_DC_03,BA,BAIL_GENERAL,2024,Filing / Registration,1,54,54,54,SYNTHETIC_AUGMENTED
COHORT_0151,ANDHRA_DC_03,BA,BAIL_GENERAL,2024,Final Arguments / Judgment,1,173,173,173,SYNTHETIC_AUGMENTED
COHORT_0152,ANDHRA_DC_03,BA,BAIL_GENERAL,2024,Pleadings / Issues,3,89,89,89,SYNTHETIC_AUGMENTED
COHORT_0153,ANDHRA_DC_03,BA,BAIL_GENERAL,2024,Summons / Appearance,6,117.0,136,187,SYNTHETIC_AUGMENTED
COHORT_0154,ANDHRA_DC_03,CRL_A,CRIMINAL_APPEAL,2018,Evidence / Argument,1,54,54,54,SYNTHETIC_AUGMENTED
COHORT_0155,ANDHRA_DC_03,CRL_A,CRIMINAL_APPEAL,2020,Evidence / Argument,1,152,152,152,SYNTHETIC_AUGMENTED
COHORT_0156,ANDHRA_DC_03,CRL_A,CRIMINAL_APPEAL,2020,Filing / Registration,2,14.5,14,14,SYNTHETIC_AUGMENTED
COHORT_0157,ANDHRA_DC_03,CRL_A,CRIMINAL_APPEAL,2020,Pleadings / Issues,1,167,167,167,SYNTHETIC_AUGMENTED
COHORT_0158,ANDHRA_DC_03,CRL_A,CRIMINAL_APPEAL,2020,Summons / Appearance,3,297,297,297,SYNTHETIC_AUGMENTED
COHORT_0159,ANDHRA_DC_03,CRL_A,CRIMINAL_APPEAL,2022,Evidence / Argument,3,146,146,146,SYNTHETIC_AUGMENTED
COHORT_0160,ANDHRA_DC_03,CRL_A,CRIMINAL_APPEAL,2022,Filing / Registration,2,13.0,8,8,SYNTHETIC_AUGMENTED
COHORT_0161,ANDHRA_DC_03,CRL_A,CRIMINAL_APPEAL,2022,Final Arguments / Judgment,1,21,21,21,SYNTHETIC_AUGMENTED
COHORT_0162,ANDHRA_DC_03,CRL_A,CRIMINAL_APPEAL,2022,Pleadings / Issues,3,125,125,125,SYNTHETIC_AUGMENTED
COHORT_0163,ANDHRA_DC_03,CRL_A,CRIMINAL_APPEAL,2022,Summons / Appearance,8,152.0,162,213,SYNTHETIC_AUGMENTED
COHORT_0164,ANDHRA_DC_03,CRL_A,CRIMINAL_APPEAL,2024,Evidence / Argument,3,338,338,338,SYNTHETIC_AUGMENTED
COHORT_0165,ANDHRA_DC_03,CRL_A,CRIMINAL_APPEAL,2024,Final Arguments / Judgment,1,62,62,62,SYNTHETIC_AUGMENTED
COHORT_0166,ANDHRA_DC_03,CRL_A,CRIMINAL_APPEAL,2024,Pleadings / Issues,1,62,62,62,SYNTHETIC_AUGMENTED
COHORT_0167,ANDHRA_DC_03,CRL_A,CRIMINAL_APPEAL,2024,Summons / Appearance,3,46,46,46,SYNTHETIC_AUGMENTED
COHORT_0168,ANDHRA_DC_03,CS,CPC_GENERAL,2018,Pleadings / Issues,1,273,273,273,SYNTHETIC_AUGMENTED
COHORT_0169,ANDHRA_DC_03,CS,CPC_GENERAL,2020,Evidence / Argument,6,272.0,342,357,SYNTHETIC_AUGMENTED
COHORT_0170,ANDHRA_DC_03,CS,CPC_GENERAL,2020,Final Arguments / Judgment,1,58,58,58,SYNTHETIC_AUGMENTED
COHORT_0171,ANDHRA_DC_03,CS,CPC_GENERAL,2020,Pleadings / Issues,3,95,95,95,SYNTHETIC_AUGMENTED
COHORT_0172,ANDHRA_DC_03,CS,CPC_GENERAL,2020,Summons / Appearance,4,153.5,228,228,SYNTHETIC_AUGMENTED
COHORT_0173,ANDHRA_DC_03,CS,CPC_GENERAL,2022,Evidence / Argument,3,158,158,158,SYNTHETIC_AUGMENTED
COHORT_0174,ANDHRA_DC_03,CS,CPC_GENERAL,2022,Filing / Registration,2,18.0,17,17,SYNTHETIC_AUGMENTED
COHORT_0175,ANDHRA_DC_03,CS,CPC_GENERAL,2022,Final Arguments / Judgment,2,59.5,36,36,SYNTHETIC_AUGMENTED
COHORT_0176,ANDHRA_DC_03,CS,CPC_GENERAL,2022,Pleadings / Issues,5,103,139,139,SYNTHETIC_AUGMENTED
COHORT_0177,ANDHRA_DC_03,CS,CPC_GENERAL,2022,Summons / Appearance,6,107.0,115,224,SYNTHETIC_AUGMENTED
COHORT_0178,ANDHRA_DC_03,CS,CPC_GENERAL,2024,Evidence / Argument,4,164.0,169,169,SYNTHETIC_AUGMENTED
COHORT_0179,ANDHRA_DC_03,CS,CPC_GENERAL,2024,Filing / Registration,1,18,18,18,SYNTHETIC_AUGMENTED
COHORT_0180,ANDHRA_DC_03,CS,CPC_GENERAL,2024,Final Arguments / Judgment,2,57.0,46,46,SYNTHETIC_AUGMENTED
COHORT_0181,ANDHRA_DC_03,CS,CPC_GENERAL,2024,Pleadings / Issues,3,92,92,92,SYNTHETIC_AUGMENTED
COHORT_0182,ANDHRA_DC_03,CS,CPC_GENERAL,2024,Summons / Appearance,4,204.0,332,332,SYNTHETIC_AUGMENTED
COHORT_0183,ANDHRA_DC_03,MACA,MOTOR_ACCIDENT,2020,Evidence / Argument,1,231,231,231,SYNTHETIC_AUGMENTED
COHORT_0184,ANDHRA_DC_03,MACA,MOTOR_ACCIDENT,2020,Filing / Registration,1,10,10,10,SYNTHETIC_AUGMENTED
COHORT_0185,ANDHRA_DC_03,MACA,MOTOR_ACCIDENT,2020,Pleadings / Issues,1,336,336,336,SYNTHETIC_AUGMENTED
COHORT_0186,ANDHRA_DC_03,MACA,MOTOR_ACCIDENT,2020,Summons / Appearance,1,304,304,304,SYNTHETIC_AUGMENTED
COHORT_0187,ANDHRA_DC_03,MACA,MOTOR_ACCIDENT,2022,Evidence / Argument,1,50,50,50,SYNTHETIC_AUGMENTED
COHORT_0188,ANDHRA_DC_03,MACA,MOTOR_ACCIDENT,2022,Final Arguments / Judgment,1,70,70,70,SYNTHETIC_AUGMENTED
COHORT_0189,ANDHRA_DC_03,MACA,MOTOR_ACCIDENT,2022,Pleadings / Issues,1,101,101,101,SYNTHETIC_AUGMENTED
COHORT_0190,ANDHRA_DC_03,MACA,MOTOR_ACCIDENT,2022,Summons / Appearance,5,168,302,302,SYNTHETIC_AUGMENTED
COHORT_0191,ANDHRA_DC_03,MACA,MOTOR_ACCIDENT,2024,Filing / Registration,1,9,9,9,SYNTHETIC_AUGMENTED
COHORT_0192,ANDHRA_DC_03,MACA,MOTOR_ACCIDENT,2024,Summons / Appearance,3,158,158,158,SYNTHETIC_AUGMENTED
COHORT_0193,ANDHRA_DC_03,WP_C,WRIT_GENERAL,2018,Evidence / Argument,1,317,317,317,SYNTHETIC_AUGMENTED
COHORT_0194,ANDHRA_DC_03,WP_C,WRIT_GENERAL,2018,Pleadings / Issues,1,75,75,75,SYNTHETIC_AUGMENTED
COHORT_0195,ANDHRA_DC_03,WP_C,WRIT_GENERAL,2020,Evidence / Argument,2,239.0,69,69,SYNTHETIC_AUGMENTED
COHORT_0196,ANDHRA_DC_03,WP_C,WRIT_GENERAL,2020,Pleadings / Issues,1,40,40,40,SYNTHETIC_AUGMENTED
COHORT_0197,ANDHRA_DC_03,WP_C,WRIT_GENERAL,2022,Evidence / Argument,8,162.5,209,257,SYNTHETIC_AUGMENTED
COHORT_0198,ANDHRA_DC_03,WP_C,WRIT_GENERAL,2022,Final Arguments / Judgment,1,95,95,95,SYNTHETIC_AUGMENTED
COHORT_0199,ANDHRA_DC_03,WP_C,WRIT_GENERAL,2022,Pleadings / Issues,2,93.5,75,75,SYNTHETIC_AUGMENTED
COHORT_0200,ANDHRA_DC_03,WP_C,WRIT_GENERAL,2022,Summons / Appearance,6,188.5,191,214,SYNTHETIC_AUGMENTED
COHORT_0201,ANDHRA_DC_03,WP_C,WRIT_GENERAL,2024,Evidence / Argument,1,518,518,518,SYNTHETIC_AUGMENTED
COHORT_0202,ANDHRA_DC_03,WP_C,WRIT_GENERAL,2024,Final Arguments / Judgment,2,53.5,42,42,SYNTHETIC_AUGMENTED
COHORT_0203,ANDHRA_DC_03,WP_C,WRIT_GENERAL,2024,Pleadings / Issues,3,92,92,92,SYNTHETIC_AUGMENTED
COHORT_0204,ANDHRA_DC_03,WP_C,WRIT_GENERAL,2024,Summons / Appearance,2,325.0,245,245,SYNTHETIC_AUGMENTED
COHORT_0205,ANDHRA_DC_04,BA,BAIL_GENERAL,2018,Final Arguments / Judgment,1,54,54,54,SYNTHETIC_AUGMENTED
COHORT_0206,ANDHRA_DC_04,BA,BAIL_GENERAL,2018,Pleadings / Issues,2,127.5,117,117,SYNTHETIC_AUGMENTED
COHORT_0207,ANDHRA_DC_04,BA,BAIL_GENERAL,2018,Summons / Appearance,3,122,122,122,SYNTHETIC_AUGMENTED
COHORT_0208,ANDHRA_DC_04,BA,BAIL_GENERAL,2020,Evidence / Argument,2,266.0,149,149,SYNTHETIC_AUGMENTED
COHORT_0209,ANDHRA_DC_04,BA,BAIL_GENERAL,2020,Filing / Registration,1,10,10,10,SYNTHETIC_AUGMENTED
COHORT_0210,ANDHRA_DC_04,BA,BAIL_GENERAL,2020,Pleadings / Issues,1,221,221,221,SYNTHETIC_AUGMENTED
COHORT_0211,ANDHRA_DC_04,BA,BAIL_GENERAL,2020,Summons / Appearance,8,189.0,242,335,SYNTHETIC_AUGMENTED
COHORT_0212,ANDHRA_DC_04,BA,BAIL_GENERAL,2022,Evidence / Argument,9,236,288,440,SYNTHETIC_AUGMENTED
COHORT_0213,ANDHRA_DC_04,BA,BAIL_GENERAL,2022,Final Arguments / Judgment,2,105.5,73,73,SYNTHETIC_AUGMENTED
COHORT_0214,ANDHRA_DC_04,BA,BAIL_GENERAL,2022,Pleadings / Issues,9,134,146,202,SYNTHETIC_AUGMENTED
COHORT_0215,ANDHRA_DC_04,BA,BAIL_GENERAL,2022,Summons / Appearance,8,86.5,114,157,SYNTHETIC_AUGMENTED
COHORT_0216,ANDHRA_DC_04,BA,BAIL_GENERAL,2024,Evidence / Argument,2,88.0,80,80,SYNTHETIC_AUGMENTED
COHORT_0217,ANDHRA_DC_04,BA,BAIL_GENERAL,2024,Filing / Registration,1,15,15,15,SYNTHETIC_AUGMENTED
COHORT_0218,ANDHRA_DC_04,BA,BAIL_GENERAL,2024,Final Arguments / Judgment,1,40,40,40,SYNTHETIC_AUGMENTED
COHORT_0219,ANDHRA_DC_04,BA,BAIL_GENERAL,2024,Pleadings / Issues,1,310,310,310,SYNTHETIC_AUGMENTED
COHORT_0220,ANDHRA_DC_04,BA,BAIL_GENERAL,2024,Summons / Appearance,4,110.0,145,145,SYNTHETIC_AUGMENTED
COHORT_0221,ANDHRA_DC_04,CRL_A,CRIMINAL_APPEAL,2018,Final Arguments / Judgment,1,89,89,89,SYNTHETIC_AUGMENTED
COHORT_0222,ANDHRA_DC_04,CRL_A,CRIMINAL_APPEAL,2018,Pleadings / Issues,1,230,230,230,SYNTHETIC_AUGMENTED
COHORT_0223,ANDHRA_DC_04,CRL_A,CRIMINAL_APPEAL,2018,Summons / Appearance,1,43,43,43,SYNTHETIC_AUGMENTED
COHORT_0224,ANDHRA_DC_04,CRL_A,CRIMINAL_APPEAL,2020,Evidence / Argument,2,196.5,117,117,SYNTHETIC_AUGMENTED
COHORT_0225,ANDHRA_DC_04,CRL_A,CRIMINAL_APPEAL,2020,Filing / Registration,1,41,41,41,SYNTHETIC_AUGMENTED
COHORT_0226,ANDHRA_DC_04,CRL_A,CRIMINAL_APPEAL,2020,Final Arguments / Judgment,2,45.5,37,37,SYNTHETIC_AUGMENTED
COHORT_0227,ANDHRA_DC_04,CRL_A,CRIMINAL_APPEAL,2020,Pleadings / Issues,1,38,38,38,SYNTHETIC_AUGMENTED
COHORT_0228,ANDHRA_DC_04,CRL_A,CRIMINAL_APPEAL,2020,Summons / Appearance,1,44,44,44,SYNTHETIC_AUGMENTED
COHORT_0229,ANDHRA_DC_04,CRL_A,CRIMINAL_APPEAL,2022,Evidence / Argument,2,266.5,68,68,SYNTHETIC_AUGMENTED
COHORT_0230,ANDHRA_DC_04,CRL_A,CRIMINAL_APPEAL,2022,Filing / Registration,1,17,17,17,SYNTHETIC_AUGMENTED
COHORT_0231,ANDHRA_DC_04,CRL_A,CRIMINAL_APPEAL,2022,Final Arguments / Judgment,2,182.0,166,166,SYNTHETIC_AUGMENTED
COHORT_0232,ANDHRA_DC_04,CRL_A,CRIMINAL_APPEAL,2022,Pleadings / Issues,2,149.0,88,88,SYNTHETIC_AUGMENTED
COHORT_0233,ANDHRA_DC_04,CRL_A,CRIMINAL_APPEAL,2022,Summons / Appearance,7,218,227,347,SYNTHETIC_AUGMENTED
COHORT_0234,ANDHRA_DC_04,CRL_A,CRIMINAL_APPEAL,2024,Evidence / Argument,2,276.5,245,245,SYNTHETIC_AUGMENTED
COHORT_0235,ANDHRA_DC_04,CRL_A,CRIMINAL_APPEAL,2024,Pleadings / Issues,4,113.5,119,119,SYNTHETIC_AUGMENTED
COHORT_0236,ANDHRA_DC_04,CRL_A,CRIMINAL_APPEAL,2024,Summons / Appearance,2,66.0,56,56,SYNTHETIC_AUGMENTED
COHORT_0237,ANDHRA_DC_04,CS,CPC_GENERAL,2018,Evidence / Argument,1,306,306,306,SYNTHETIC_AUGMENTED
COHORT_0238,ANDHRA_DC_04,CS,CPC_GENERAL,2018,Filing / Registration,1,23,23,23,SYNTHETIC_AUGMENTED
COHORT_0239,ANDHRA_DC_04,CS,CPC_GENERAL,2018,Summons / Appearance,1,121,121,121,SYNTHETIC_AUGMENTED
COHORT_0240,ANDHRA_DC_04,CS,CPC_GENERAL,2020,Evidence / Argument,10,153.0,170,208,SYNTHETIC_AUGMENTED
COHORT_0241,ANDHRA_DC_04,CS,CPC_GENERAL,2020,Filing / Registration,1,18,18,18,SYNTHETIC_AUGMENTED
COHORT_0242,ANDHRA_DC_04,CS,CPC_GENERAL,2020,Pleadings / Issues,4,100.0,101,101,SYNTHETIC_AUGMENTED
COHORT_0243,ANDHRA_DC_04,CS,CPC_GENERAL,2020,Summons / Appearance,8,134.5,204,252,SYNTHETIC_AUGMENTED
COHORT_0244,ANDHRA_DC_04,CS,CPC_GENERAL,2022,Evidence / Argument,6,166.0,187,280,SYNTHETIC_AUGMENTED
COHORT_0245,ANDHRA_DC_04,CS,CPC_GENERAL,2022,Filing / Registration,2,17.0,16,16,SYNTHETIC_AUGMENTED
COHORT_0246,ANDHRA_DC_04,CS,CPC_GENERAL,2022,Final Arguments / Judgment,6,120.5,122,165,SYNTHETIC_AUGMENTED
COHORT_0247,ANDHRA_DC_04,CS,CPC_GENERAL,2022,Pleadings / Issues,12,104.5,267,302,SYNTHETIC_AUGMENTED
COHORT_0248,ANDHRA_DC_04,CS,CPC_GENERAL,2022,Summons / Appearance,7,91,99,158,SYNTHETIC_AUGMENTED
COHORT_0249,ANDHRA_DC_04,CS,CPC_GENERAL,2024,Evidence / Argument,1,95,95,95,SYNTHETIC_AUGMENTED
COHORT_0250,ANDHRA_DC_04,CS,CPC_GENERAL,2024,Final Arguments / Judgment,2,72.5,54,54,SYNTHETIC_AUGMENTED
COHORT_0251,ANDHRA_DC_04,CS,CPC_GENERAL,2024,Summons / Appearance,5,61,101,101,SYNTHETIC_AUGMENTED
COHORT_0252,ANDHRA_DC_04,MACA,MOTOR_ACCIDENT,2018,Evidence / Argument,1,366,366,366,SYNTHETIC_AUGMENTED
COHORT_0253,ANDHRA_DC_04,MACA,MOTOR_ACCIDENT,2018,Summons / Appearance,1,73,73,73,SYNTHETIC_AUGMENTED
COHORT_0254,ANDHRA_DC_04,MACA,MOTOR_ACCIDENT,2020,Evidence / Argument,2,232.5,148,148,SYNTHETIC_AUGMENTED
COHORT_0255,ANDHRA_DC_04,MACA,MOTOR_ACCIDENT,2020,Summons / Appearance,1,34,34,34,SYNTHETIC_AUGMENTED
COHORT_0256,ANDHRA_DC_04,MACA,MOTOR_ACCIDENT,2022,Evidence / Argument,2,154.5,139,139,SYNTHETIC_AUGMENTED
COHORT_0257,ANDHRA_DC_04,MACA,MOTOR_ACCIDENT,2022,Filing / Registration,1,13,13,13,SYNTHETIC_AUGMENTED
COHORT_0258,ANDHRA_DC_04,MACA,MOTOR_ACCIDENT,2022,Final Arguments / Judgment,2,86.5,79,79,SYNTHETIC_AUGMENTED
COHORT_0259,ANDHRA_DC_04,MACA,MOTOR_ACCIDENT,2022,Pleadings / Issues,1,138,138,138,SYNTHETIC_AUGMENTED
COHORT_0260,ANDHRA_DC_04,MACA,MOTOR_ACCIDENT,2022,Summons / Appearance,1,79,79,79,SYNTHETIC_AUGMENTED
COHORT_0261,ANDHRA_DC_04,MACA,MOTOR_ACCIDENT,2024,Evidence / Argument,2,121.0,85,85,SYNTHETIC_AUGMENTED
COHORT_0262,ANDHRA_DC_04,MACA,MOTOR_ACCIDENT,2024,Pleadings / Issues,1,75,75,75,SYNTHETIC_AUGMENTED
COHORT_0263,ANDHRA_DC_04,WP_C,WRIT_GENERAL,2018,Evidence / Argument,2,134.5,133,133,SYNTHETIC_AUGMENTED
COHORT_0264,ANDHRA_DC_04,WP_C,WRIT_GENERAL,2018,Final Arguments / Judgment,1,41,41,41,SYNTHETIC_AUGMENTED
COHORT_0265,ANDHRA_DC_04,WP_C,WRIT_GENERAL,2018,Summons / Appearance,2,167.5,140,140,SYNTHETIC_AUGMENTED
COHORT_0266,ANDHRA_DC_04,WP_C,WRIT_GENERAL,2020,Evidence / Argument,1,173,173,173,SYNTHETIC_AUGMENTED
COHORT_0267,ANDHRA_DC_04,WP_C,WRIT_GENERAL,2020,Filing / Registration,2,23.0,18,18,SYNTHETIC_AUGMENTED
COHORT_0268,ANDHRA_DC_04,WP_C,WRIT_GENERAL,2020,Final Arguments / Judgment,3,55,55,55,SYNTHETIC_AUGMENTED
COHORT_0269,ANDHRA_DC_04,WP_C,WRIT_GENERAL,2020,Summons / Appearance,3,67,67,67,SYNTHETIC_AUGMENTED
COHORT_0270,ANDHRA_DC_04,WP_C,WRIT_GENERAL,2022,Evidence / Argument,3,196,196,196,SYNTHETIC_AUGMENTED
COHORT_0271,ANDHRA_DC_04,WP_C,WRIT_GENERAL,2022,Filing / Registration,1,19,19,19,SYNTHETIC_AUGMENTED
COHORT_0272,ANDHRA_DC_04,WP_C,WRIT_GENERAL,2022,Final Arguments / Judgment,2,122.5,54,54,SYNTHETIC_AUGMENTED
COHORT_0273,ANDHRA_DC_04,WP_C,WRIT_GENERAL,2022,Pleadings / Issues,1,101,101,101,SYNTHETIC_AUGMENTED
COHORT_0274,ANDHRA_DC_04,WP_C,WRIT_GENERAL,2022,Summons / Appearance,4,339.0,388,388,SYNTHETIC_AUGMENTED
COHORT_0275,ANDHRA_DC_04,WP_C,WRIT_GENERAL,2024,Filing / Registration,2,32.0,22,22,SYNTHETIC_AUGMENTED
COHORT_0276,ANDHRA_DC_04,WP_C,WRIT_GENERAL,2024,Final Arguments / Judgment,1,89,89,89,SYNTHETIC_AUGMENTED
COHORT_0277,ANDHRA_DC_04,WP_C,WRIT_GENERAL,2024,Summons / Appearance,2,209.0,80,80,SYNTHETIC_AUGMENTED
COHORT_0278,ANDHRA_DC_05,BA,BAIL_GENERAL,2018,Filing / Registration,1,13,13,13,SYNTHETIC_AUGMENTED
COHORT_0279,ANDHRA_DC_05,BA,BAIL_GENERAL,2018,Summons / Appearance,1,141,141,141,SYNTHETIC_AUGMENTED
COHORT_0280,ANDHRA_DC_05,BA,BAIL_GENERAL,2020,Evidence / Argument,2,306.0,173,173,SYNTHETIC_AUGMENTED
COHORT_0281,ANDHRA_DC_05,BA,BAIL_GENERAL,2020,Final Arguments / Judgment,1,209,209,209,SYNTHETIC_AUGMENTED
COHORT_0282,ANDHRA_DC_05,BA,BAIL_GENERAL,2020,Pleadings / Issues,3,90,90,90,SYNTHETIC_AUGMENTED
COHORT_0283,ANDHRA_DC_05,BA,BAIL_GENERAL,2020,Summons / Appearance,2,85.5,45,45,SYNTHETIC_AUGMENTED
COHORT_0284,ANDHRA_DC_05,BA,BAIL_GENERAL,2022,Evidence / Argument,3,149,149,149,SYNTHETIC_AUGMENTED
COHORT_0285,ANDHRA_DC_05,BA,BAIL_GENERAL,2022,Filing / Registration,2,23.0,15,15,SYNTHETIC_AUGMENTED
COHORT_0286,ANDHRA_DC_05,BA,BAIL_GENERAL,2022,Final Arguments / Judgment,4,26.0,31,31,SYNTHETIC_AUGMENTED
COHORT_0287,ANDHRA_DC_05,BA,BAIL_GENERAL,2022,Pleadings / Issues,7,118,128,154,SYNTHETIC_AUGMENTED
COHORT_0288,ANDHRA_DC_05,BA,BAIL_GENERAL,2022,Summons / Appearance,5,135,157,157,SYNTHETIC_AUGMENTED
COHORT_0289,ANDHRA_DC_05,BA,BAIL_GENERAL,2024,Evidence / Argument,3,131,131,131,SYNTHETIC_AUGMENTED
COHORT_0290,ANDHRA_DC_05,BA,BAIL_GENERAL,2024,Filing / Registration,3,19,19,19,SYNTHETIC_AUGMENTED
COHORT_0291,ANDHRA_DC_05,BA,BAIL_GENERAL,2024,Final Arguments / Judgment,4,68.0,69,69,SYNTHETIC_AUGMENTED
COHORT_0292,ANDHRA_DC_05,BA,BAIL_GENERAL,2024,Pleadings / Issues,4,95.5,99,99,SYNTHETIC_AUGMENTED
COHORT_0293,ANDHRA_DC_05,BA,BAIL_GENERAL,2024,Summons / Appearance,3,84,84,84,SYNTHETIC_AUGMENTED
COHORT_0294,ANDHRA_DC_05,CRL_A,CRIMINAL_APPEAL,2018,Evidence / Argument,1,273,273,273,SYNTHETIC_AUGMENTED
COHORT_0295,ANDHRA_DC_05,CRL_A,CRIMINAL_APPEAL,2020,Evidence / Argument,1,73,73,73,SYNTHETIC_AUGMENTED
COHORT_0296,ANDHRA_DC_05,CRL_A,CRIMINAL_APPEAL,2020,Filing / Registration,1,12,12,12,SYNTHETIC_AUGMENTED
COHORT_0297,ANDHRA_DC_05,CRL_A,CRIMINAL_APPEAL,2020,Final Arguments / Judgment,1,177,177,177,SYNTHETIC_AUGMENTED
COHORT_0298,ANDHRA_DC_05,CRL_A,CRIMINAL_APPEAL,2020,Pleadings / Issues,1,161,161,161,SYNTHETIC_AUGMENTED
COHORT_0299,ANDHRA_DC_05,CRL_A,CRIMINAL_APPEAL,2020,Summons / Appearance,1,262,262,262,SYNTHETIC_AUGMENTED
COHORT_0300,ANDHRA_DC_05,CRL_A,CRIMINAL_APPEAL,2022,Evidence / Argument,3,208,208,208,SYNTHETIC_AUGMENTED
COHORT_0301,ANDHRA_DC_05,CRL_A,CRIMINAL_APPEAL,2022,Filing / Registration,1,14,14,14,SYNTHETIC_AUGMENTED
COHORT_0302,ANDHRA_DC_05,CRL_A,CRIMINAL_APPEAL,2022,Final Arguments / Judgment,1,52,52,52,SYNTHETIC_AUGMENTED
COHORT_0303,ANDHRA_DC_05,CRL_A,CRIMINAL_APPEAL,2022,Pleadings / Issues,2,234.5,162,162,SYNTHETIC_AUGMENTED
COHORT_0304,ANDHRA_DC_05,CRL_A,CRIMINAL_APPEAL,2022,Summons / Appearance,10,104.0,271,320,SYNTHETIC_AUGMENTED
COHORT_0305,ANDHRA_DC_05,CRL_A,CRIMINAL_APPEAL,2024,Evidence / Argument,2,441.0,421,421,SYNTHETIC_AUGMENTED
COHORT_0306,ANDHRA_DC_05,CRL_A,CRIMINAL_APPEAL,2024,Filing / Registration,2,31.5,14,14,SYNTHETIC_AUGMENTED
COHORT_0307,ANDHRA_DC_05,CRL_A,CRIMINAL_APPEAL,2024,Final Arguments / Judgment,1,33,33,33,SYNTHETIC_AUGMENTED
COHORT_0308,ANDHRA_DC_05,CRL_A,CRIMINAL_APPEAL,2024,Pleadings / Issues,2,89.0,50,50,SYNTHETIC_AUGMENTED
COHORT_0309,ANDHRA_DC_05,CRL_A,CRIMINAL_APPEAL,2024,Summons / Appearance,1,69,69,69,SYNTHETIC_AUGMENTED
COHORT_0310,ANDHRA_DC_05,CS,CPC_GENERAL,2018,Final Arguments / Judgment,2,90.0,54,54,SYNTHETIC_AUGMENTED
COHORT_0311,ANDHRA_DC_05,CS,CPC_GENERAL,2018,Pleadings / Issues,1,99,99,99,SYNTHETIC_AUGMENTED
COHORT_0312,ANDHRA_DC_05,CS,CPC_GENERAL,2020,Evidence / Argument,2,220.0,215,215,SYNTHETIC_AUGMENTED
COHORT_0313,ANDHRA_DC_05,CS,CPC_GENERAL,2020,Filing / Registration,1,14,14,14,SYNTHETIC_AUGMENTED
COHORT_0314,ANDHRA_DC_05,CS,CPC_GENERAL,2020,Final Arguments / Judgment,1,105,105,105,SYNTHETIC_AUGMENTED
COHORT_0315,ANDHRA_DC_05,CS,CPC_GENERAL,2020,Pleadings / Issues,3,98,98,98,SYNTHETIC_AUGMENTED
COHORT_0316,ANDHRA_DC_05,CS,CPC_GENERAL,2020,Summons / Appearance,8,79.0,217,354,SYNTHETIC_AUGMENTED
COHORT_0317,ANDHRA_DC_05,CS,CPC_GENERAL,2022,Evidence / Argument,7,197,223,336,SYNTHETIC_AUGMENTED
COHORT_0318,ANDHRA_DC_05,CS,CPC_GENERAL,2022,Filing / Registration,2,17.0,9,9,SYNTHETIC_AUGMENTED
COHORT_0319,ANDHRA_DC_05,CS,CPC_GENERAL,2022,Final Arguments / Judgment,4,76.0,80,80,SYNTHETIC_AUGMENTED
COHORT_0320,ANDHRA_DC_05,CS,CPC_GENERAL,2022,Pleadings / Issues,8,98.0,122,202,SYNTHETIC_AUGMENTED
COHORT_0321,ANDHRA_DC_05,CS,CPC_GENERAL,2022,Summons / Appearance,13,154,191,208,SYNTHETIC_AUGMENTED
COHORT_0322,ANDHRA_DC_05,CS,CPC_GENERAL,2024,Evidence / Argument,2,258.0,71,71,SYNTHETIC_AUGMENTED
COHORT_0323,ANDHRA_DC_05,CS,CPC_GENERAL,2024,Filing / Registration,2,25.0,11,11,SYNTHETIC_AUGMENTED
COHORT_0324,ANDHRA_DC_05,CS,CPC_GENERAL,2024,Final Arguments / Judgment,1,71,71,71,SYNTHETIC_AUGMENTED
COHORT_0325,ANDHRA_DC_05,CS,CPC_GENERAL,2024,Pleadings / Issues,4,136.5,141,141,SYNTHETIC_AUGMENTED
COHORT_0326,ANDHRA_DC_05,CS,CPC_GENERAL,2024,Summons / Appearance,3,121,121,121,SYNTHETIC_AUGMENTED
COHORT_0327,ANDHRA_DC_05,MACA,MOTOR_ACCIDENT,2018,Evidence / Argument,1,126,126,126,SYNTHETIC_AUGMENTED
COHORT_0328,ANDHRA_DC_05,MACA,MOTOR_ACCIDENT,2018,Filing / Registration,1,14,14,14,SYNTHETIC_AUGMENTED
COHORT_0329,ANDHRA_DC_05,MACA,MOTOR_ACCIDENT,2020,Evidence / Argument,1,225,225,225,SYNTHETIC_AUGMENTED
COHORT_0330,ANDHRA_DC_05,MACA,MOTOR_ACCIDENT,2022,Evidence / Argument,2,232.0,223,223,SYNTHETIC_AUGMENTED
COHORT_0331,ANDHRA_DC_05,MACA,MOTOR_ACCIDENT,2022,Final Arguments / Judgment,1,40,40,40,SYNTHETIC_AUGMENTED
COHORT_0332,ANDHRA_DC_05,MACA,MOTOR_ACCIDENT,2022,Pleadings / Issues,1,106,106,106,SYNTHETIC_AUGMENTED
COHORT_0333,ANDHRA_DC_05,MACA,MOTOR_ACCIDENT,2022,Summons / Appearance,2,75.5,55,55,SYNTHETIC_AUGMENTED
COHORT_0334,ANDHRA_DC_05,MACA,MOTOR_ACCIDENT,2024,Filing / Registration,1,12,12,12,SYNTHETIC_AUGMENTED
COHORT_0335,ANDHRA_DC_05,MACA,MOTOR_ACCIDENT,2024,Pleadings / Issues,1,137,137,137,SYNTHETIC_AUGMENTED
COHORT_0336,ANDHRA_DC_05,WP_C,WRIT_GENERAL,2018,Evidence / Argument,1,147,147,147,SYNTHETIC_AUGMENTED
COHORT_0337,ANDHRA_DC_05,WP_C,WRIT_GENERAL,2018,Summons / Appearance,1,30,30,30,SYNTHETIC_AUGMENTED
COHORT_0338,ANDHRA_DC_05,WP_C,WRIT_GENERAL,2020,Evidence / Argument,2,340.5,315,315,SYNTHETIC_AUGMENTED
COHORT_0339,ANDHRA_DC_05,WP_C,WRIT_GENERAL,2020,Pleadings / Issues,4,114.0,123,123,SYNTHETIC_AUGMENTED
COHORT_0340,ANDHRA_DC_05,WP_C,WRIT_GENERAL,2020,Summons / Appearance,3,262,262,262,SYNTHETIC_AUGMENTED
COHORT_0341,ANDHRA_DC_05,WP_C,WRIT_GENERAL,2022,Evidence / Argument,1,202,202,202,SYNTHETIC_AUGMENTED
COHORT_0342,ANDHRA_DC_05,WP_C,WRIT_GENERAL,2022,Final Arguments / Judgment,1,32,32,32,SYNTHETIC_AUGMENTED
COHORT_0343,ANDHRA_DC_05,WP_C,WRIT_GENERAL,2022,Pleadings / Issues,2,149.0,109,109,SYNTHETIC_AUGMENTED
COHORT_0344,ANDHRA_DC_05,WP_C,WRIT_GENERAL,2022,Summons / Appearance,3,68,68,68,SYNTHETIC_AUGMENTED
COHORT_0345,ANDHRA_DC_05,WP_C,WRIT_GENERAL,2024,Evidence / Argument,3,136,136,136,SYNTHETIC_AUGMENTED
COHORT_0346,ANDHRA_DC_05,WP_C,WRIT_GENERAL,2024,Final Arguments / Judgment,1,65,65,65,SYNTHETIC_AUGMENTED
COHORT_0347,ANDHRA_DC_05,WP_C,WRIT_GENERAL,2024,Summons / Appearance,1,28,28,28,SYNTHETIC_AUGMENTED
COHORT_0348,ASSAM_DC_01,BA,BAIL_GENERAL,2018,Summons / Appearance,1,99,99,99,SYNTHETIC_AUGMENTED
COHORT_0349,ASSAM_DC_01,BA,BAIL_GENERAL,2020,Filing / Registration,1,22,22,22,SYNTHETIC_AUGMENTED
COHORT_0350,ASSAM_DC_01,BA,BAIL_GENERAL,2020,Final Arguments / Judgment,1,144,144,144,SYNTHETIC_AUGMENTED
COHORT_0351,ASSAM_DC_01,BA,BAIL_GENERAL,2020,Pleadings / Issues,2,81.5,61,61,SYNTHETIC_AUGMENTED
COHORT_0352,ASSAM_DC_01,BA,BAIL_GENERAL,2020,Summons / Appearance,3,147,147,147,SYNTHETIC_AUGMENTED
COHORT_0353,ASSAM_DC_01,BA,BAIL_GENERAL,2022,Evidence / Argument,1,172,172,172,SYNTHETIC_AUGMENTED
COHORT_0354,ASSAM_DC_01,BA,BAIL_GENERAL,2022,Filing / Registration,1,5,5,5,SYNTHETIC_AUGMENTED
COHORT_0355,ASSAM_DC_01,BA,BAIL_GENERAL,2022,Final Arguments / Judgment,1,64,64,64,SYNTHETIC_AUGMENTED
COHORT_0356,ASSAM_DC_01,BA,BAIL_GENERAL,2022,Pleadings / Issues,2,164.5,104,104,SYNTHETIC_AUGMENTED
COHORT_0357,ASSAM_DC_01,BA,BAIL_GENERAL,2022,Summons / Appearance,4,111.0,136,136,SYNTHETIC_AUGMENTED
COHORT_0358,ASSAM_DC_01,BA,BAIL_GENERAL,2024,Evidence / Argument,1,434,434,434,SYNTHETIC_AUGMENTED
COHORT_0359,ASSAM_DC_01,BA,BAIL_GENERAL,2024,Final Arguments / Judgment,1,86,86,86,SYNTHETIC_AUGMENTED
COHORT_0360,ASSAM_DC_01,BA,BAIL_GENERAL,2024,Pleadings / Issues,1,68,68,68,SYNTHETIC_AUGMENTED
COHORT_0361,ASSAM_DC_01,CRL_A,CRIMINAL_APPEAL,2018,Final Arguments / Judgment,1,38,38,38,SYNTHETIC_AUGMENTED
COHORT_0362,ASSAM_DC_01,CRL_A,CRIMINAL_APPEAL,2022,Evidence / Argument,3,327,327,327,SYNTHETIC_AUGMENTED
COHORT_0363,ASSAM_DC_01,CRL_A,CRIMINAL_APPEAL,2022,Final Arguments / Judgment,1,62,62,62,SYNTHETIC_AUGMENTED
COHORT_0364,ASSAM_DC_01,CRL_A,CRIMINAL_APPEAL,2022,Pleadings / Issues,2,107.0,78,78,SYNTHETIC_AUGMENTED
COHORT_0365,ASSAM_DC_01,CRL_A,CRIMINAL_APPEAL,2022,Summons / Appearance,3,308,308,308,SYNTHETIC_AUGMENTED
COHORT_0366,ASSAM_DC_01,CRL_A,CRIMINAL_APPEAL,2024,Pleadings / Issues,2,68.0,55,55,SYNTHETIC_AUGMENTED
COHORT_0367,ASSAM_DC_01,CS,CPC_GENERAL,2018,Final Arguments / Judgment,1,56,56,56,SYNTHETIC_AUGMENTED
COHORT_0368,ASSAM_DC_01,CS,CPC_GENERAL,2018,Summons / Appearance,3,62,62,62,SYNTHETIC_AUGMENTED
COHORT_0369,ASSAM_DC_01,CS,CPC_GENERAL,2020,Final Arguments / Judgment,1,101,101,101,SYNTHETIC_AUGMENTED
COHORT_0370,ASSAM_DC_01,CS,CPC_GENERAL,2020,Pleadings / Issues,1,237,237,237,SYNTHETIC_AUGMENTED
COHORT_0371,ASSAM_DC_01,CS,CPC_GENERAL,2020,Summons / Appearance,1,74,74,74,SYNTHETIC_AUGMENTED
COHORT_0372,ASSAM_DC_01,CS,CPC_GENERAL,2022,Evidence / Argument,2,179.5,160,160,SYNTHETIC_AUGMENTED
COHORT_0373,ASSAM_DC_01,CS,CPC_GENERAL,2022,Filing / Registration,1,20,20,20,SYNTHETIC_AUGMENTED
COHORT_0374,ASSAM_DC_01,CS,CPC_GENERAL,2022,Final Arguments / Judgment,2,177.0,131,131,SYNTHETIC_AUGMENTED
COHORT_0375,ASSAM_DC_01,CS,CPC_GENERAL,2022,Pleadings / Issues,2,84.0,66,66,SYNTHETIC_AUGMENTED
COHORT_0376,ASSAM_DC_01,CS,CPC_GENERAL,2022,Summons / Appearance,2,94.0,42,42,SYNTHETIC_AUGMENTED
COHORT_0377,ASSAM_DC_01,MACA,MOTOR_ACCIDENT,2022,Evidence / Argument,1,132,132,132,SYNTHETIC_AUGMENTED
COHORT_0378,ASSAM_DC_01,WP_C,WRIT_GENERAL,2020,Final Arguments / Judgment,2,54.0,46,46,SYNTHETIC_AUGMENTED
COHORT_0379,ASSAM_DC_01,WP_C,WRIT_GENERAL,2022,Evidence / Argument,2,159.0,127,127,SYNTHETIC_AUGMENTED
COHORT_0380,ASSAM_DC_01,WP_C,WRIT_GENERAL,2022,Final Arguments / Judgment,1,52,52,52,SYNTHETIC_AUGMENTED
COHORT_0381,ASSAM_DC_01,WP_C,WRIT_GENERAL,2022,Pleadings / Issues,3,136,136,136,SYNTHETIC_AUGMENTED
COHORT_0382,ASSAM_DC_01,WP_C,WRIT_GENERAL,2022,Summons / Appearance,1,222,222,222,SYNTHETIC_AUGMENTED
COHORT_0383,ASSAM_DC_02,BA,BAIL_GENERAL,2018,Evidence / Argument,1,247,247,247,SYNTHETIC_AUGMENTED
COHORT_0384,ASSAM_DC_02,BA,BAIL_GENERAL,2018,Summons / Appearance,1,188,188,188,SYNTHETIC_AUGMENTED
COHORT_0385,ASSAM_DC_02,BA,BAIL_GENERAL,2020,Filing / Registration,2,12.0,7,7,SYNTHETIC_AUGMENTED
COHORT_0386,ASSAM_DC_02,BA,BAIL_GENERAL,2020,Final Arguments / Judgment,1,64,64,64,SYNTHETIC_AUGMENTED
COHORT_0387,ASSAM_DC_02,BA,BAIL_GENERAL,2020,Pleadings / Issues,2,136.0,98,98,SYNTHETIC_AUGMENTED
COHORT_0388,ASSAM_DC_02,BA,BAIL_GENERAL,2022,Evidence / Argument,2,374.5,355,355,SYNTHETIC_AUGMENTED
COHORT_0389,ASSAM_DC_02,BA,BAIL_GENERAL,2022,Filing / Registration,2,21.0,13,13,SYNTHETIC_AUGMENTED
COHORT_0390,ASSAM_DC_02,BA,BAIL_GENERAL,2022,Final Arguments / Judgment,3,78,78,78,SYNTHETIC_AUGMENTED
COHORT_0391,ASSAM_DC_02,BA,BAIL_GENERAL,2022,Pleadings / Issues,1,83,83,83,SYNTHETIC_AUGMENTED
COHORT_0392,ASSAM_DC_02,BA,BAIL_GENERAL,2022,Summons / Appearance,4,68.5,96,96,SYNTHETIC_AUGMENTED
COHORT_0393,ASSAM_DC_02,BA,BAIL_GENERAL,2024,Evidence / Argument,4,216.5,306,306,SYNTHETIC_AUGMENTED
COHORT_0394,ASSAM_DC_02,BA,BAIL_GENERAL,2024,Summons / Appearance,3,166,166,166,SYNTHETIC_AUGMENTED
COHORT_0395,ASSAM_DC_02,CRL_A,CRIMINAL_APPEAL,2020,Pleadings / Issues,1,119,119,119,SYNTHETIC_AUGMENTED
COHORT_0396,ASSAM_DC_02,CRL_A,CRIMINAL_APPEAL,2022,Evidence / Argument,1,251,251,251,SYNTHETIC_AUGMENTED
COHORT_0397,ASSAM_DC_02,CRL_A,CRIMINAL_APPEAL,2022,Pleadings / Issues,1,77,77,77,SYNTHETIC_AUGMENTED
COHORT_0398,ASSAM_DC_02,CRL_A,CRIMINAL_APPEAL,2022,Summons / Appearance,1,192,192,192,SYNTHETIC_AUGMENTED
COHORT_0399,ASSAM_DC_02,CRL_A,CRIMINAL_APPEAL,2024,Evidence / Argument,3,233,233,233,SYNTHETIC_AUGMENTED
COHORT_0400,ASSAM_DC_02,CRL_A,CRIMINAL_APPEAL,2024,Summons / Appearance,2,52.0,44,44,SYNTHETIC_AUGMENTED
COHORT_0401,ASSAM_DC_02,CS,CPC_GENERAL,2020,Evidence / Argument,3,189,189,189,SYNTHETIC_AUGMENTED
COHORT_0402,ASSAM_DC_02,CS,CPC_GENERAL,2020,Final Arguments / Judgment,1,145,145,145,SYNTHETIC_AUGMENTED
COHORT_0403,ASSAM_DC_02,CS,CPC_GENERAL,2020,Pleadings / Issues,5,80,85,85,SYNTHETIC_AUGMENTED
COHORT_0404,ASSAM_DC_02,CS,CPC_GENERAL,2020,Summons / Appearance,3,68,68,68,SYNTHETIC_AUGMENTED
COHORT_0405,ASSAM_DC_02,CS,CPC_GENERAL,2022,Evidence / Argument,3,105,105,105,SYNTHETIC_AUGMENTED
COHORT_0406,ASSAM_DC_02,CS,CPC_GENERAL,2022,Filing / Registration,2,14.5,7,7,SYNTHETIC_AUGMENTED
COHORT_0407,ASSAM_DC_02,CS,CPC_GENERAL,2022,Summons / Appearance,1,196,196,196,SYNTHETIC_AUGMENTED
COHORT_0408,ASSAM_DC_02,CS,CPC_GENERAL,2024,Evidence / Argument,4,321.5,331,331,SYNTHETIC_AUGMENTED
COHORT_0409,ASSAM_DC_02,CS,CPC_GENERAL,2024,Filing / Registration,2,15.5,15,15,SYNTHETIC_AUGMENTED
COHORT_0410,ASSAM_DC_02,CS,CPC_GENERAL,2024,Pleadings / Issues,1,88,88,88,SYNTHETIC_AUGMENTED
COHORT_0411,ASSAM_DC_02,CS,CPC_GENERAL,2024,Summons / Appearance,1,263,263,263,SYNTHETIC_AUGMENTED
COHORT_0412,ASSAM_DC_02,MACA,MOTOR_ACCIDENT,2022,Evidence / Argument,1,279,279,279,SYNTHETIC_AUGMENTED
COHORT_0413,ASSAM_DC_02,MACA,MOTOR_ACCIDENT,2022,Pleadings / Issues,1,89,89,89,SYNTHETIC_AUGMENTED
COHORT_0414,ASSAM_DC_02,MACA,MOTOR_ACCIDENT,2022,Summons / Appearance,1,44,44,44,SYNTHETIC_AUGMENTED
COHORT_0415,ASSAM_DC_02,WP_C,WRIT_GENERAL,2020,Evidence / Argument,1,406,406,406,SYNTHETIC_AUGMENTED
COHORT_0416,ASSAM_DC_02,WP_C,WRIT_GENERAL,2022,Summons / Appearance,1,181,181,181,SYNTHETIC_AUGMENTED
COHORT_0417,ASSAM_DC_02,WP_C,WRIT_GENERAL,2024,Evidence / Argument,1,348,348,348,SYNTHETIC_AUGMENTED
COHORT_0418,ASSAM_DC_02,WP_C,WRIT_GENERAL,2024,Pleadings / Issues,3,88,88,88,SYNTHETIC_AUGMENTED
COHORT_0419,ASSAM_DC_03,BA,BAIL_GENERAL,2018,Final Arguments / Judgment,1,151,151,151,SYNTHETIC_AUGMENTED
COHORT_0420,ASSAM_DC_03,BA,BAIL_GENERAL,2020,Evidence / Argument,1,120,120,120,SYNTHETIC_AUGMENTED
COHORT_0421,ASSAM_DC_03,BA,BAIL_GENERAL,2020,Final Arguments / Judgment,1,118,118,118,SYNTHETIC_AUGMENTED
COHORT_0422,ASSAM_DC_03,BA,BAIL_GENERAL,2022,Evidence / Argument,1,212,212,212,SYNTHETIC_AUGMENTED
COHORT_0423,ASSAM_DC_03,BA,BAIL_GENERAL,2022,Filing / Registration,1,8,8,8,SYNTHETIC_AUGMENTED
COHORT_0424,ASSAM_DC_03,BA,BAIL_GENERAL,2022,Final Arguments / Judgment,1,158,158,158,SYNTHETIC_AUGMENTED
COHORT_0425,ASSAM_DC_03,BA,BAIL_GENERAL,2022,Pleadings / Issues,1,128,128,128,SYNTHETIC_AUGMENTED
COHORT_0426,ASSAM_DC_03,BA,BAIL_GENERAL,2022,Summons / Appearance,4,180.0,195,195,SYNTHETIC_AUGMENTED
COHORT_0427,ASSAM_DC_03,BA,BAIL_GENERAL,2024,Evidence / Argument,1,66,66,66,SYNTHETIC_AUGMENTED
COHORT_0428,ASSAM_DC_03,BA,BAIL_GENERAL,2024,Filing / Registration,1,17,17,17,SYNTHETIC_AUGMENTED
COHORT_0429,ASSAM_DC_03,BA,BAIL_GENERAL,2024,Pleadings / Issues,1,244,244,244,SYNTHETIC_AUGMENTED
COHORT_0430,ASSAM_DC_03,CRL_A,CRIMINAL_APPEAL,2020,Evidence / Argument,1,416,416,416,SYNTHETIC_AUGMENTED
COHORT_0431,ASSAM_DC_03,CRL_A,CRIMINAL_APPEAL,2020,Summons / Appearance,2,60.0,55,55,SYNTHETIC_AUGMENTED
COHORT_0432,ASSAM_DC_03,CRL_A,CRIMINAL_APPEAL,2022,Pleadings / Issues,1,76,76,76,SYNTHETIC_AUGMENTED
COHORT_0433,ASSAM_DC_03,CRL_A,CRIMINAL_APPEAL,2024,Evidence / Argument,1,272,272,272,SYNTHETIC_AUGMENTED
COHORT_0434,ASSAM_DC_03,CRL_A,CRIMINAL_APPEAL,2024,Pleadings / Issues,1,80,80,80,SYNTHETIC_AUGMENTED
COHORT_0435,ASSAM_DC_03,CRL_A,CRIMINAL_APPEAL,2024,Summons / Appearance,1,159,159,159,SYNTHETIC_AUGMENTED
COHORT_0436,ASSAM_DC_03,CS,CPC_GENERAL,2018,Pleadings / Issues,1,62,62,62,SYNTHETIC_AUGMENTED
COHORT_0437,ASSAM_DC_03,CS,CPC_GENERAL,2020,Pleadings / Issues,1,49,49,49,SYNTHETIC_AUGMENTED
COHORT_0438,ASSAM_DC_03,CS,CPC_GENERAL,2020,Summons / Appearance,3,159,159,159,SYNTHETIC_AUGMENTED
COHORT_0439,ASSAM_DC_03,CS,CPC_GENERAL,2022,Evidence / Argument,2,153.5,143,143,SYNTHETIC_AUGMENTED
COHORT_0440,ASSAM_DC_03,CS,CPC_GENERAL,2022,Final Arguments / Judgment,3,90,90,90,SYNTHETIC_AUGMENTED
COHORT_0441,ASSAM_DC_03,CS,CPC_GENERAL,2022,Pleadings / Issues,4,144.0,168,168,SYNTHETIC_AUGMENTED
COHORT_0442,ASSAM_DC_03,CS,CPC_GENERAL,2022,Summons / Appearance,2,235.0,211,211,SYNTHETIC_AUGMENTED
COHORT_0443,ASSAM_DC_03,CS,CPC_GENERAL,2024,Evidence / Argument,3,214,214,214,SYNTHETIC_AUGMENTED
COHORT_0444,ASSAM_DC_03,CS,CPC_GENERAL,2024,Final Arguments / Judgment,1,56,56,56,SYNTHETIC_AUGMENTED
COHORT_0445,ASSAM_DC_03,CS,CPC_GENERAL,2024,Summons / Appearance,1,88,88,88,SYNTHETIC_AUGMENTED
COHORT_0446,ASSAM_DC_03,MACA,MOTOR_ACCIDENT,2022,Filing / Registration,1,14,14,14,SYNTHETIC_AUGMENTED
COHORT_0447,ASSAM_DC_03,MACA,MOTOR_ACCIDENT,2022,Pleadings / Issues,1,93,93,93,SYNTHETIC_AUGMENTED
COHORT_0448,ASSAM_DC_03,MACA,MOTOR_ACCIDENT,2022,Summons / Appearance,2,120.0,99,99,SYNTHETIC_AUGMENTED
COHORT_0449,ASSAM_DC_03,MACA,MOTOR_ACCIDENT,2024,Evidence / Argument,1,122,122,122,SYNTHETIC_AUGMENTED
COHORT_0450,ASSAM_DC_03,WP_C,WRIT_GENERAL,2018,Pleadings / Issues,1,137,137,137,SYNTHETIC_AUGMENTED
COHORT_0451,ASSAM_DC_03,WP_C,WRIT_GENERAL,2020,Final Arguments / Judgment,1,100,100,100,SYNTHETIC_AUGMENTED
COHORT_0452,ASSAM_DC_03,WP_C,WRIT_GENERAL,2020,Summons / Appearance,1,84,84,84,SYNTHETIC_AUGMENTED
COHORT_0453,ASSAM_DC_03,WP_C,WRIT_GENERAL,2022,Evidence / Argument,1,212,212,212,SYNTHETIC_AUGMENTED
COHORT_0454,ASSAM_DC_03,WP_C,WRIT_GENERAL,2022,Filing / Registration,1,16,16,16,SYNTHETIC_AUGMENTED
COHORT_0455,ASSAM_DC_03,WP_C,WRIT_GENERAL,2022,Pleadings / Issues,1,153,153,153,SYNTHETIC_AUGMENTED
COHORT_0456,ASSAM_DC_03,WP_C,WRIT_GENERAL,2022,Summons / Appearance,2,61.5,43,43,SYNTHETIC_AUGMENTED
COHORT_0457,ASSAM_DC_03,WP_C,WRIT_GENERAL,2024,Pleadings / Issues,1,243,243,243,SYNTHETIC_AUGMENTED
COHORT_0458,ASSAM_DC_03,WP_C,WRIT_GENERAL,2024,Summons / Appearance,1,52,52,52,SYNTHETIC_AUGMENTED
COHORT_0459,ASSAM_DC_04,BA,BAIL_GENERAL,2018,Evidence / Argument,1,147,147,147,SYNTHETIC_AUGMENTED
COHORT_0460,ASSAM_DC_04,BA,BAIL_GENERAL,2020,Evidence / Argument,1,130,130,130,SYNTHETIC_AUGMENTED
COHORT_0461,ASSAM_DC_04,BA,BAIL_GENERAL,2020,Pleadings / Issues,2,132.5,111,111,SYNTHETIC_AUGMENTED
COHORT_0462,ASSAM_DC_04,BA,BAIL_GENERAL,2020,Summons / Appearance,3,71,71,71,SYNTHETIC_AUGMENTED
COHORT_0463,ASSAM_DC_04,BA,BAIL_GENERAL,2022,Evidence / Argument,5,124,236,236,SYNTHETIC_AUGMENTED
COHORT_0464,ASSAM_DC_04,BA,BAIL_GENERAL,2022,Final Arguments / Judgment,1,63,63,63,SYNTHETIC_AUGMENTED
COHORT_0465,ASSAM_DC_04,BA,BAIL_GENERAL,2022,Pleadings / Issues,1,110,110,110,SYNTHETIC_AUGMENTED
COHORT_0466,ASSAM_DC_04,BA,BAIL_GENERAL,2022,Summons / Appearance,3,66,66,66,SYNTHETIC_AUGMENTED
COHORT_0467,ASSAM_DC_04,BA,BAIL_GENERAL,2024,Evidence / Argument,1,125,125,125,SYNTHETIC_AUGMENTED
COHORT_0468,ASSAM_DC_04,BA,BAIL_GENERAL,2024,Filing / Registration,2,10.5,5,5,SYNTHETIC_AUGMENTED
COHORT_0469,ASSAM_DC_04,BA,BAIL_GENERAL,2024,Pleadings / Issues,2,158.0,85,85,SYNTHETIC_AUGMENTED
COHORT_0470,ASSAM_DC_04,CRL_A,CRIMINAL_APPEAL,2018,Pleadings / Issues,1,84,84,84,SYNTHETIC_AUGMENTED
COHORT_0471,ASSAM_DC_04,CRL_A,CRIMINAL_APPEAL,2018,Summons / Appearance,1,164,164,164,SYNTHETIC_AUGMENTED
COHORT_0472,ASSAM_DC_04,CRL_A,CRIMINAL_APPEAL,2020,Filing / Registration,1,8,8,8,SYNTHETIC_AUGMENTED
COHORT_0473,ASSAM_DC_04,CRL_A,CRIMINAL_APPEAL,2020,Summons / Appearance,1,24,24,24,SYNTHETIC_AUGMENTED
COHORT_0474,ASSAM_DC_04,CRL_A,CRIMINAL_APPEAL,2022,Evidence / Argument,2,206.0,136,136,SYNTHETIC_AUGMENTED
COHORT_0475,ASSAM_DC_04,CRL_A,CRIMINAL_APPEAL,2022,Filing / Registration,1,36,36,36,SYNTHETIC_AUGMENTED
COHORT_0476,ASSAM_DC_04,CRL_A,CRIMINAL_APPEAL,2022,Final Arguments / Judgment,2,129.0,67,67,SYNTHETIC_AUGMENTED
COHORT_0477,ASSAM_DC_04,CRL_A,CRIMINAL_APPEAL,2022,Pleadings / Issues,1,149,149,149,SYNTHETIC_AUGMENTED
COHORT_0478,ASSAM_DC_04,CRL_A,CRIMINAL_APPEAL,2022,Summons / Appearance,4,120.5,179,179,SYNTHETIC_AUGMENTED
COHORT_0479,ASSAM_DC_04,CRL_A,CRIMINAL_APPEAL,2024,Filing / Registration,1,9,9,9,SYNTHETIC_AUGMENTED
COHORT_0480,ASSAM_DC_04,CRL_A,CRIMINAL_APPEAL,2024,Final Arguments / Judgment,2,83.5,73,73,SYNTHETIC_AUGMENTED
COHORT_0481,ASSAM_DC_04,CRL_A,CRIMINAL_APPEAL,2024,Summons / Appearance,1,98,98,98,SYNTHETIC_AUGMENTED
COHORT_0482,ASSAM_DC_04,CS,CPC_GENERAL,2018,Evidence / Argument,1,477,477,477,SYNTHETIC_AUGMENTED
COHORT_0483,ASSAM_DC_04,CS,CPC_GENERAL,2020,Evidence / Argument,1,172,172,172,SYNTHETIC_AUGMENTED
COHORT_0484,ASSAM_DC_04,CS,CPC_GENERAL,2020,Summons / Appearance,2,355.0,355,355,SYNTHETIC_AUGMENTED
COHORT_0485,ASSAM_DC_04,CS,CPC_GENERAL,2022,Evidence / Argument,1,36,36,36,SYNTHETIC_AUGMENTED
COHORT_0486,ASSAM_DC_04,CS,CPC_GENERAL,2022,Final Arguments / Judgment,1,39,39,39,SYNTHETIC_AUGMENTED
COHORT_0487,ASSAM_DC_04,CS,CPC_GENERAL,2022,Pleadings / Issues,2,96.0,82,82,SYNTHETIC_AUGMENTED
COHORT_0488,ASSAM_DC_04,CS,CPC_GENERAL,2022,Summons / Appearance,3,154,154,154,SYNTHETIC_AUGMENTED
COHORT_0489,ASSAM_DC_04,CS,CPC_GENERAL,2024,Filing / Registration,1,11,11,11,SYNTHETIC_AUGMENTED
COHORT_0490,ASSAM_DC_04,CS,CPC_GENERAL,2024,Summons / Appearance,2,64.0,59,59,SYNTHETIC_AUGMENTED
COHORT_0491,ASSAM_DC_04,MACA,MOTOR_ACCIDENT,2020,Summons / Appearance,1,160,160,160,SYNTHETIC_AUGMENTED
COHORT_0492,ASSAM_DC_04,MACA,MOTOR_ACCIDENT,2022,Summons / Appearance,2,63.0,62,62,SYNTHETIC_AUGMENTED
COHORT_0493,ASSAM_DC_04,WP_C,WRIT_GENERAL,2018,Summons / Appearance,1,36,36,36,SYNTHETIC_AUGMENTED
COHORT_0494,ASSAM_DC_04,WP_C,WRIT_GENERAL,2020,Final Arguments / Judgment,1,47,47,47,SYNTHETIC_AUGMENTED
COHORT_0495,ASSAM_DC_04,WP_C,WRIT_GENERAL,2020,Pleadings / Issues,1,59,59,59,SYNTHETIC_AUGMENTED
COHORT_0496,ASSAM_DC_04,WP_C,WRIT_GENERAL,2022,Final Arguments / Judgment,1,64,64,64,SYNTHETIC_AUGMENTED
COHORT_0497,ASSAM_DC_04,WP_C,WRIT_GENERAL,2022,Pleadings / Issues,1,57,57,57,SYNTHETIC_AUGMENTED
COHORT_0498,ASSAM_DC_04,WP_C,WRIT_GENERAL,2022,Summons / Appearance,2,188.5,63,63,SYNTHETIC_AUGMENTED
COHORT_0499,ASSAM_DC_04,WP_C,WRIT_GENERAL,2024,Evidence / Argument,2,160.5,150,150,SYNTHETIC_AUGMENTED
COHORT_0500,ASSAM_DC_04,WP_C,WRIT_GENERAL,2024,Filing / Registration,2,6.0,6,6,SYNTHETIC_AUGMENTED
COHORT_0501,ASSAM_DC_04,WP_C,WRIT_GENERAL,2024,Pleadings / Issues,1,65,65,65,SYNTHETIC_AUGMENTED
COHORT_0502,ASSAM_DC_05,BA,BAIL_GENERAL,2018,Evidence / Argument,1,153,153,153,SYNTHETIC_AUGMENTED
COHORT_0503,ASSAM_DC_05,BA,BAIL_GENERAL,2020,Evidence / Argument,1,350,350,350,SYNTHETIC_AUGMENTED
COHORT_0504,ASSAM_DC_05,BA,BAIL_GENERAL,2020,Filing / Registration,2,12.0,8,8,SYNTHETIC_AUGMENTED
COHORT_0505,ASSAM_DC_05,BA,BAIL_GENERAL,2020,Pleadings / Issues,1,170,170,170,SYNTHETIC_AUGMENTED
COHORT_0506,ASSAM_DC_05,BA,BAIL_GENERAL,2020,Summons / Appearance,3,151,151,151,SYNTHETIC_AUGMENTED
COHORT_0507,ASSAM_DC_05,BA,BAIL_GENERAL,2022,Filing / Registration,2,23.0,14,14,SYNTHETIC_AUGMENTED
COHORT_0508,ASSAM_DC_05,BA,BAIL_GENERAL,2022,Final Arguments / Judgment,2,76.0,57,57,SYNTHETIC_AUGMENTED
COHORT_0509,ASSAM_DC_05,BA,BAIL_GENERAL,2022,Pleadings / Issues,2,111.5,97,97,SYNTHETIC_AUGMENTED
COHORT_0510,ASSAM_DC_05,BA,BAIL_GENERAL,2022,Summons / Appearance,5,155,216,216,SYNTHETIC_AUGMENTED
COHORT_0511,ASSAM_DC_05,BA,BAIL_GENERAL,2024,Evidence / Argument,2,160.0,94,94,SYNTHETIC_AUGMENTED
COHORT_0512,ASSAM_DC_05,BA,BAIL_GENERAL,2024,Pleadings / Issues,1,132,132,132,SYNTHETIC_AUGMENTED
COHORT_0513,ASSAM_DC_05,BA,BAIL_GENERAL,2024,Summons / Appearance,2,230.0,69,69,SYNTHETIC_AUGMENTED
COHORT_0514,ASSAM_DC_05,CRL_A,CRIMINAL_APPEAL,2018,Evidence / Argument,1,323,323,323,SYNTHETIC_AUGMENTED
COHORT_0515,ASSAM_DC_05,CRL_A,CRIMINAL_APPEAL,2020,Final Arguments / Judgment,1,89,89,89,SYNTHETIC_AUGMENTED
COHORT_0516,ASSAM_DC_05,CRL_A,CRIMINAL_APPEAL,2020,Pleadings / Issues,1,176,176,176,SYNTHETIC_AUGMENTED
COHORT_0517,ASSAM_DC_05,CRL_A,CRIMINAL_APPEAL,2020,Summons / Appearance,3,244,244,244,SYNTHETIC_AUGMENTED
COHORT_0518,ASSAM_DC_05,CRL_A,CRIMINAL_APPEAL,2022,Evidence / Argument,1,224,224,224,SYNTHETIC_AUGMENTED
COHORT_0519,ASSAM_DC_05,CRL_A,CRIMINAL_APPEAL,2022,Summons / Appearance,4,267.0,313,313,SYNTHETIC_AUGMENTED
COHORT_0520,ASSAM_DC_05,CRL_A,CRIMINAL_APPEAL,2024,Summons / Appearance,1,231,231,231,SYNTHETIC_AUGMENTED
COHORT_0521,ASSAM_DC_05,CS,CPC_GENERAL,2020,Filing / Registration,1,5,5,5,SYNTHETIC_AUGMENTED
COHORT_0522,ASSAM_DC_05,CS,CPC_GENERAL,2020,Summons / Appearance,1,190,190,190,SYNTHETIC_AUGMENTED
COHORT_0523,ASSAM_DC_05,CS,CPC_GENERAL,2022,Evidence / Argument,2,298.0,294,294,SYNTHETIC_AUGMENTED
COHORT_0524,ASSAM_DC_05,CS,CPC_GENERAL,2022,Filing / Registration,1,25,25,25,SYNTHETIC_AUGMENTED
COHORT_0525,ASSAM_DC_05,CS,CPC_GENERAL,2022,Final Arguments / Judgment,1,52,52,52,SYNTHETIC_AUGMENTED
COHORT_0526,ASSAM_DC_05,CS,CPC_GENERAL,2022,Pleadings / Issues,2,83.0,67,67,SYNTHETIC_AUGMENTED
COHORT_0527,ASSAM_DC_05,CS,CPC_GENERAL,2022,Summons / Appearance,4,121.0,164,164,SYNTHETIC_AUGMENTED
COHORT_0528,ASSAM_DC_05,CS,CPC_GENERAL,2024,Evidence / Argument,3,123,123,123,SYNTHETIC_AUGMENTED
COHORT_0529,ASSAM_DC_05,CS,CPC_GENERAL,2024,Final Arguments / Judgment,1,50,50,50,SYNTHETIC_AUGMENTED
COHORT_0530,ASSAM_DC_05,CS,CPC_GENERAL,2024,Summons / Appearance,1,37,37,37,SYNTHETIC_AUGMENTED
COHORT_0531,ASSAM_DC_05,MACA,MOTOR_ACCIDENT,2022,Final Arguments / Judgment,1,33,33,33,SYNTHETIC_AUGMENTED
COHORT_0532,ASSAM_DC_05,MACA,MOTOR_ACCIDENT,2022,Pleadings / Issues,1,63,63,63,SYNTHETIC_AUGMENTED
COHORT_0533,ASSAM_DC_05,MACA,MOTOR_ACCIDENT,2022,Summons / Appearance,1,183,183,183,SYNTHETIC_AUGMENTED
COHORT_0534,ASSAM_DC_05,WP_C,WRIT_GENERAL,2018,Pleadings / Issues,1,98,98,98,SYNTHETIC_AUGMENTED
COHORT_0535,ASSAM_DC_05,WP_C,WRIT_GENERAL,2018,Summons / Appearance,1,260,260,260,SYNTHETIC_AUGMENTED
COHORT_0536,ASSAM_DC_05,WP_C,WRIT_GENERAL,2020,Evidence / Argument,3,205,205,205,SYNTHETIC_AUGMENTED
COHORT_0537,ASSAM_DC_05,WP_C,WRIT_GENERAL,2020,Filing / Registration,1,19,19,19,SYNTHETIC_AUGMENTED
COHORT_0538,ASSAM_DC_05,WP_C,WRIT_GENERAL,2020,Final Arguments / Judgment,1,67,67,67,SYNTHETIC_AUGMENTED
COHORT_0539,ASSAM_DC_05,WP_C,WRIT_GENERAL,2020,Summons / Appearance,2,203.5,124,124,SYNTHETIC_AUGMENTED
COHORT_0540,ASSAM_DC_05,WP_C,WRIT_GENERAL,2022,Evidence / Argument,3,207,207,207,SYNTHETIC_AUGMENTED
COHORT_0541,ASSAM_DC_05,WP_C,WRIT_GENERAL,2022,Final Arguments / Judgment,2,77.5,62,62,SYNTHETIC_AUGMENTED
COHORT_0542,ASSAM_DC_05,WP_C,WRIT_GENERAL,2022,Pleadings / Issues,1,98,98,98,SYNTHETIC_AUGMENTED
COHORT_0543,ASSAM_DC_05,WP_C,WRIT_GENERAL,2022,Summons / Appearance,4,240.0,369,369,SYNTHETIC_AUGMENTED
COHORT_0544,ASSAM_DC_05,WP_C,WRIT_GENERAL,2024,Filing / Registration,1,13,13,13,SYNTHETIC_AUGMENTED
COHORT_0545,BIHAR_DC_01,BA,BAIL_GENERAL,2020,Summons / Appearance,1,82,82,82,SYNTHETIC_AUGMENTED
COHORT_0546,BIHAR_DC_01,BA,BAIL_GENERAL,2022,Evidence / Argument,2,129.0,116,116,SYNTHETIC_AUGMENTED
COHORT_0547,BIHAR_DC_01,BA,BAIL_GENERAL,2022,Filing / Registration,1,22,22,22,SYNTHETIC_AUGMENTED
COHORT_0548,BIHAR_DC_01,BA,BAIL_GENERAL,2022,Pleadings / Issues,1,266,266,266,SYNTHETIC_AUGMENTED
COHORT_0549,BIHAR_DC_01,BA,BAIL_GENERAL,2022,Summons / Appearance,2,124.0,44,44,SYNTHETIC_AUGMENTED
COHORT_0550,BIHAR_DC_01,BA,BAIL_GENERAL,2024,Evidence / Argument,1,526,526,526,SYNTHETIC_AUGMENTED
COHORT_0551,BIHAR_DC_01,BA,BAIL_GENERAL,2024,Pleadings / Issues,1,127,127,127,SYNTHETIC_AUGMENTED
COHORT_0552,BIHAR_DC_01,CRL_A,CRIMINAL_APPEAL,2020,Evidence / Argument,1,209,209,209,SYNTHETIC_AUGMENTED
COHORT_0553,BIHAR_DC_01,CRL_A,CRIMINAL_APPEAL,2022,Evidence / Argument,2,138.5,97,97,SYNTHETIC_AUGMENTED
COHORT_0554,BIHAR_DC_01,CRL_A,CRIMINAL_APPEAL,2022,Filing / Registration,2,18.0,11,11,SYNTHETIC_AUGMENTED
COHORT_0555,BIHAR_DC_01,CRL_A,CRIMINAL_APPEAL,2022,Pleadings / Issues,1,102,102,102,SYNTHETIC_AUGMENTED
COHORT_0556,BIHAR_DC_01,CRL_A,CRIMINAL_APPEAL,2022,Summons / Appearance,2,81.0,67,67,SYNTHETIC_AUGMENTED
COHORT_0557,BIHAR_DC_01,CRL_A,CRIMINAL_APPEAL,2024,Final Arguments / Judgment,1,72,72,72,SYNTHETIC_AUGMENTED
COHORT_0558,BIHAR_DC_01,CRL_A,CRIMINAL_APPEAL,2024,Summons / Appearance,1,388,388,388,SYNTHETIC_AUGMENTED
COHORT_0559,BIHAR_DC_01,CS,CPC_GENERAL,2018,Final Arguments / Judgment,1,83,83,83,SYNTHETIC_AUGMENTED
COHORT_0560,BIHAR_DC_01,CS,CPC_GENERAL,2020,Filing / Registration,1,49,49,49,SYNTHETIC_AUGMENTED
COHORT_0561,BIHAR_DC_01,CS,CPC_GENERAL,2020,Final Arguments / Judgment,1,133,133,133,SYNTHETIC_AUGMENTED
COHORT_0562,BIHAR_DC_01,CS,CPC_GENERAL,2020,Summons / Appearance,2,240.0,82,82,SYNTHETIC_AUGMENTED
COHORT_0563,BIHAR_DC_01,CS,CPC_GENERAL,2022,Evidence / Argument,1,168,168,168,SYNTHETIC_AUGMENTED
COHORT_0564,BIHAR_DC_01,CS,CPC_GENERAL,2022,Filing / Registration,1,18,18,18,SYNTHETIC_AUGMENTED
COHORT_0565,BIHAR_DC_01,CS,CPC_GENERAL,2022,Final Arguments / Judgment,2,72.0,63,63,SYNTHETIC_AUGMENTED
COHORT_0566,BIHAR_DC_01,CS,CPC_GENERAL,2022,Pleadings / Issues,4,116.5,125,125,SYNTHETIC_AUGMENTED
COHORT_0567,BIHAR_DC_01,CS,CPC_GENERAL,2022,Summons / Appearance,1,122,122,122,SYNTHETIC_AUGMENTED
COHORT_0568,BIHAR_DC_01,CS,CPC_GENERAL,2024,Evidence / Argument,2,166.5,111,111,SYNTHETIC_AUGMENTED
COHORT_0569,BIHAR_DC_01,MACA,MOTOR_ACCIDENT,2018,Final Arguments / Judgment,1,93,93,93,SYNTHETIC_AUGMENTED
COHORT_0570,BIHAR_DC_01,MACA,MOTOR_ACCIDENT,2020,Final Arguments / Judgment,1,122,122,122,SYNTHETIC_AUGMENTED
COHORT_0571,BIHAR_DC_01,MACA,MOTOR_ACCIDENT,2022,Evidence / Argument,2,132.0,119,119,SYNTHETIC_AUGMENTED
COHORT_0572,BIHAR_DC_01,MACA,MOTOR_ACCIDENT,2022,Pleadings / Issues,1,126,126,126,SYNTHETIC_AUGMENTED
COHORT_0573,BIHAR_DC_01,MACA,MOTOR_ACCIDENT,2024,Pleadings / Issues,1,187,187,187,SYNTHETIC_AUGMENTED
COHORT_0574,BIHAR_DC_01,MACA,MOTOR_ACCIDENT,2024,Summons / Appearance,1,72,72,72,SYNTHETIC_AUGMENTED
COHORT_0575,BIHAR_DC_01,WP_C,WRIT_GENERAL,2018,Filing / Registration,1,18,18,18,SYNTHETIC_AUGMENTED
COHORT_0576,BIHAR_DC_01,WP_C,WRIT_GENERAL,2020,Summons / Appearance,1,368,368,368,SYNTHETIC_AUGMENTED
COHORT_0577,BIHAR_DC_01,WP_C,WRIT_GENERAL,2022,Filing / Registration,1,11,11,11,SYNTHETIC_AUGMENTED
COHORT_0578,BIHAR_DC_01,WP_C,WRIT_GENERAL,2022,Pleadings / Issues,2,96.0,84,84,SYNTHETIC_AUGMENTED
COHORT_0579,BIHAR_DC_01,WP_C,WRIT_GENERAL,2022,Summons / Appearance,3,54,54,54,SYNTHETIC_AUGMENTED
COHORT_0580,BIHAR_DC_01,WP_C,WRIT_GENERAL,2024,Evidence / Argument,1,174,174,174,SYNTHETIC_AUGMENTED
COHORT_0581,BIHAR_DC_01,WP_C,WRIT_GENERAL,2024,Summons / Appearance,2,366.5,344,344,SYNTHETIC_AUGMENTED
COHORT_0582,BIHAR_DC_02,BA,BAIL_GENERAL,2018,Filing / Registration,1,21,21,21,SYNTHETIC_AUGMENTED
COHORT_0583,BIHAR_DC_02,BA,BAIL_GENERAL,2018,Summons / Appearance,1,286,286,286,SYNTHETIC_AUGMENTED
COHORT_0584,BIHAR_DC_02,BA,BAIL_GENERAL,2020,Evidence / Argument,1,230,230,230,SYNTHETIC_AUGMENTED
COHORT_0585,BIHAR_DC_02,BA,BAIL_GENERAL,2020,Filing / Registration,1,13,13,13,SYNTHETIC_AUGMENTED
COHORT_0586,BIHAR_DC_02,BA,BAIL_GENERAL,2020,Summons / Appearance,5,121,167,167,SYNTHETIC_AUGMENTED
COHORT_0587,BIHAR_DC_02,BA,BAIL_GENERAL,2022,Final Arguments / Judgment,1,147,147,147,SYNTHETIC_AUGMENTED
COHORT_0588,BIHAR_DC_02,BA,BAIL_GENERAL,2022,Pleadings / Issues,1,126,126,126,SYNTHETIC_AUGMENTED
COHORT_0589,BIHAR_DC_02,BA,BAIL_GENERAL,2022,Summons / Appearance,2,234.5,225,225,SYNTHETIC_AUGMENTED
COHORT_0590,BIHAR_DC_02,BA,BAIL_GENERAL,2024,Pleadings / Issues,2,222.5,138,138,SYNTHETIC_AUGMENTED
COHORT_0591,BIHAR_DC_02,BA,BAIL_GENERAL,2024,Summons / Appearance,2,159.0,113,113,SYNTHETIC_AUGMENTED
COHORT_0592,BIHAR_DC_02,CRL_A,CRIMINAL_APPEAL,2020,Final Arguments / Judgment,1,184,184,184,SYNTHETIC_AUGMENTED
COHORT_0593,BIHAR_DC_02,CRL_A,CRIMINAL_APPEAL,2022,Evidence / Argument,2,279.5,228,228,SYNTHETIC_AUGMENTED
COHORT_0594,BIHAR_DC_02,CRL_A,CRIMINAL_APPEAL,2022,Filing / Registration,1,13,13,13,SYNTHETIC_AUGMENTED
COHORT_0595,BIHAR_DC_02,CRL_A,CRIMINAL_APPEAL,2022,Pleadings / Issues,2,209.0,151,151,SYNTHETIC_AUGMENTED
COHORT_0596,BIHAR_DC_02,CRL_A,CRIMINAL_APPEAL,2024,Evidence / Argument,1,292,292,292,SYNTHETIC_AUGMENTED
COHORT_0597,BIHAR_DC_02,CRL_A,CRIMINAL_APPEAL,2024,Final Arguments / Judgment,1,69,69,69,SYNTHETIC_AUGMENTED
COHORT_0598,BIHAR_DC_02,CS,CPC_GENERAL,2018,Summons / Appearance,3,82,82,82,SYNTHETIC_AUGMENTED
COHORT_0599,BIHAR_DC_02,CS,CPC_GENERAL,2020,Pleadings / Issues,1,75,75,75,SYNTHETIC_AUGMENTED
COHORT_0600,BIHAR_DC_02,CS,CPC_GENERAL,2022,Evidence / Argument,2,194.5,181,181,SYNTHETIC_AUGMENTED
COHORT_0601,BIHAR_DC_02,CS,CPC_GENERAL,2022,Summons / Appearance,3,96,96,96,SYNTHETIC_AUGMENTED
COHORT_0602,BIHAR_DC_02,CS,CPC_GENERAL,2024,Summons / Appearance,2,161.5,81,81,SYNTHETIC_AUGMENTED
COHORT_0603,BIHAR_DC_02,MACA,MOTOR_ACCIDENT,2020,Evidence / Argument,1,407,407,407,SYNTHETIC_AUGMENTED
COHORT_0604,BIHAR_DC_02,MACA,MOTOR_ACCIDENT,2020,Summons / Appearance,1,197,197,197,SYNTHETIC_AUGMENTED
COHORT_0605,BIHAR_DC_02,MACA,MOTOR_ACCIDENT,2022,Summons / Appearance,1,92,92,92,SYNTHETIC_AUGMENTED
COHORT_0606,BIHAR_DC_02,WP_C,WRIT_GENERAL,2018,Evidence / Argument,1,73,73,73,SYNTHETIC_AUGMENTED
COHORT_0607,BIHAR_DC_02,WP_C,WRIT_GENERAL,2020,Final Arguments / Judgment,1,58,58,58,SYNTHETIC_AUGMENTED
COHORT_0608,BIHAR_DC_02,WP_C,WRIT_GENERAL,2020,Summons / Appearance,1,400,400,400,SYNTHETIC_AUGMENTED
COHORT_0609,BIHAR_DC_02,WP_C,WRIT_GENERAL,2022,Evidence / Argument,1,303,303,303,SYNTHETIC_AUGMENTED
COHORT_0610,BIHAR_DC_02,WP_C,WRIT_GENERAL,2022,Filing / Registration,2,8.5,5,5,SYNTHETIC_AUGMENTED
COHORT_0611,BIHAR_DC_02,WP_C,WRIT_GENERAL,2022,Summons / Appearance,3,95,95,95,SYNTHETIC_AUGMENTED
COHORT_0612,BIHAR_DC_02,WP_C,WRIT_GENERAL,2024,Evidence / Argument,2,192.5,182,182,SYNTHETIC_AUGMENTED
COHORT_0613,BIHAR_DC_02,WP_C,WRIT_GENERAL,2024,Filing / Registration,1,17,17,17,SYNTHETIC_AUGMENTED
COHORT_0614,BIHAR_DC_02,WP_C,WRIT_GENERAL,2024,Summons / Appearance,1,66,66,66,SYNTHETIC_AUGMENTED
COHORT_0615,BIHAR_DC_03,BA,BAIL_GENERAL,2018,Evidence / Argument,1,83,83,83,SYNTHETIC_AUGMENTED
COHORT_0616,BIHAR_DC_03,BA,BAIL_GENERAL,2018,Pleadings / Issues,1,140,140,140,SYNTHETIC_AUGMENTED
COHORT_0617,BIHAR_DC_03,BA,BAIL_GENERAL,2020,Evidence / Argument,3,165,165,165,SYNTHETIC_AUGMENTED
COHORT_0618,BIHAR_DC_03,BA,BAIL_GENERAL,2020,Summons / Appearance,1,76,76,76,SYNTHETIC_AUGMENTED
COHORT_0619,BIHAR_DC_03,BA,BAIL_GENERAL,2022,Evidence / Argument,1,326,326,326,SYNTHETIC_AUGMENTED
COHORT_0620,BIHAR_DC_03,BA,BAIL_GENERAL,2022,Filing / Registration,1,16,16,16,SYNTHETIC_AUGMENTED
COHORT_0621,BIHAR_DC_03,BA,BAIL_GENERAL,2022,Final Arguments / Judgment,1,79,79,79,SYNTHETIC_AUGMENTED
COHORT_0622,BIHAR_DC_03,BA,BAIL_GENERAL,2022,Pleadings / Issues,1,159,159,159,SYNTHETIC_AUGMENTED
COHORT_0623,BIHAR_DC_03,BA,BAIL_GENERAL,2022,Summons / Appearance,3,164,164,164,SYNTHETIC_AUGMENTED
COHORT_0624,BIHAR_DC_03,BA,BAIL_GENERAL,2024,Evidence / Argument,1,208,208,208,SYNTHETIC_AUGMENTED
COHORT_0625,BIHAR_DC_03,BA,BAIL_GENERAL,2024,Summons / Appearance,1,68,68,68,SYNTHETIC_AUGMENTED
COHORT_0626,BIHAR_DC_03,CRL_A,CRIMINAL_APPEAL,2018,Pleadings / Issues,2,148.5,78,78,SYNTHETIC_AUGMENTED
COHORT_0627,BIHAR_DC_03,CRL_A,CRIMINAL_APPEAL,2018,Summons / Appearance,2,64.0,60,60,SYNTHETIC_AUGMENTED
COHORT_0628,BIHAR_DC_03,CRL_A,CRIMINAL_APPEAL,2020,Evidence / Argument,1,363,363,363,SYNTHETIC_AUGMENTED
COHORT_0629,BIHAR_DC_03,CRL_A,CRIMINAL_APPEAL,2020,Filing / Registration,1,15,15,15,SYNTHETIC_AUGMENTED
COHORT_0630,BIHAR_DC_03,CRL_A,CRIMINAL_APPEAL,2020,Pleadings / Issues,1,40,40,40,SYNTHETIC_AUGMENTED
COHORT_0631,BIHAR_DC_03,CRL_A,CRIMINAL_APPEAL,2020,Summons / Appearance,1,225,225,225,SYNTHETIC_AUGMENTED
COHORT_0632,BIHAR_DC_03,CRL_A,CRIMINAL_APPEAL,2022,Filing / Registration,1,45,45,45,SYNTHETIC_AUGMENTED
COHORT_0633,BIHAR_DC_03,CRL_A,CRIMINAL_APPEAL,2022,Final Arguments / Judgment,2,31.5,29,29,SYNTHETIC_AUGMENTED
COHORT_0634,BIHAR_DC_03,CRL_A,CRIMINAL_APPEAL,2022,Pleadings / Issues,1,133,133,133,SYNTHETIC_AUGMENTED
COHORT_0635,BIHAR_DC_03,CRL_A,CRIMINAL_APPEAL,2022,Summons / Appearance,2,229.5,206,206,SYNTHETIC_AUGMENTED
COHORT_0636,BIHAR_DC_03,CRL_A,CRIMINAL_APPEAL,2024,Evidence / Argument,2,261.0,145,145,SYNTHETIC_AUGMENTED
COHORT_0637,BIHAR_DC_03,CS,CPC_GENERAL,2018,Summons / Appearance,1,171,171,171,SYNTHETIC_AUGMENTED
COHORT_0638,BIHAR_DC_03,CS,CPC_GENERAL,2020,Evidence / Argument,4,247.5,392,392,SYNTHETIC_AUGMENTED
COHORT_0639,BIHAR_DC_03,CS,CPC_GENERAL,2020,Pleadings / Issues,2,108.0,101,101,SYNTHETIC_AUGMENTED
COHORT_0640,BIHAR_DC_03,CS,CPC_GENERAL,2020,Summons / Appearance,1,32,32,32,SYNTHETIC_AUGMENTED
COHORT_0641,BIHAR_DC_03,CS,CPC_GENERAL,2022,Final Arguments / Judgment,1,84,84,84,SYNTHETIC_AUGMENTED
COHORT_0642,BIHAR_DC_03,CS,CPC_GENERAL,2022,Summons / Appearance,3,68,68,68,SYNTHETIC_AUGMENTED
COHORT_0643,BIHAR_DC_03,CS,CPC_GENERAL,2024,Evidence / Argument,1,197,197,197,SYNTHETIC_AUGMENTED
COHORT_0644,BIHAR_DC_03,CS,CPC_GENERAL,2024,Final Arguments / Judgment,1,75,75,75,SYNTHETIC_AUGMENTED
COHORT_0645,BIHAR_DC_03,CS,CPC_GENERAL,2024,Pleadings / Issues,1,107,107,107,SYNTHETIC_AUGMENTED
COHORT_0646,BIHAR_DC_03,CS,CPC_GENERAL,2024,Summons / Appearance,1,130,130,130,SYNTHETIC_AUGMENTED
COHORT_0647,BIHAR_DC_03,MACA,MOTOR_ACCIDENT,2018,Evidence / Argument,1,145,145,145,SYNTHETIC_AUGMENTED
COHORT_0648,BIHAR_DC_03,MACA,MOTOR_ACCIDENT,2020,Pleadings / Issues,1,72,72,72,SYNTHETIC_AUGMENTED
COHORT_0649,BIHAR_DC_03,MACA,MOTOR_ACCIDENT,2022,Filing / Registration,1,51,51,51,SYNTHETIC_AUGMENTED
COHORT_0650,BIHAR_DC_03,MACA,MOTOR_ACCIDENT,2022,Final Arguments / Judgment,1,42,42,42,SYNTHETIC_AUGMENTED
COHORT_0651,BIHAR_DC_03,MACA,MOTOR_ACCIDENT,2022,Pleadings / Issues,1,222,222,222,SYNTHETIC_AUGMENTED
COHORT_0652,BIHAR_DC_03,MACA,MOTOR_ACCIDENT,2024,Pleadings / Issues,1,214,214,214,SYNTHETIC_AUGMENTED
COHORT_0653,BIHAR_DC_03,WP_C,WRIT_GENERAL,2020,Evidence / Argument,2,109.5,74,74,SYNTHETIC_AUGMENTED
COHORT_0654,BIHAR_DC_03,WP_C,WRIT_GENERAL,2020,Pleadings / Issues,1,66,66,66,SYNTHETIC_AUGMENTED
COHORT_0655,BIHAR_DC_03,WP_C,WRIT_GENERAL,2020,Summons / Appearance,1,218,218,218,SYNTHETIC_AUGMENTED
COHORT_0656,BIHAR_DC_03,WP_C,WRIT_GENERAL,2022,Final Arguments / Judgment,2,56.0,46,46,SYNTHETIC_AUGMENTED
COHORT_0657,BIHAR_DC_03,WP_C,WRIT_GENERAL,2022,Summons / Appearance,2,101.5,41,41,SYNTHETIC_AUGMENTED
COHORT_0658,BIHAR_DC_03,WP_C,WRIT_GENERAL,2024,Summons / Appearance,3,170,170,170,SYNTHETIC_AUGMENTED
COHORT_0659,BIHAR_DC_04,BA,BAIL_GENERAL,2018,Pleadings / Issues,1,88,88,88,SYNTHETIC_AUGMENTED
COHORT_0660,BIHAR_DC_04,BA,BAIL_GENERAL,2020,Filing / Registration,1,23,23,23,SYNTHETIC_AUGMENTED
COHORT_0661,BIHAR_DC_04,BA,BAIL_GENERAL,2020,Final Arguments / Judgment,1,20,20,20,SYNTHETIC_AUGMENTED
COHORT_0662,BIHAR_DC_04,BA,BAIL_GENERAL,2020,Summons / Appearance,3,57,57,57,SYNTHETIC_AUGMENTED
COHORT_0663,BIHAR_DC_04,BA,BAIL_GENERAL,2022,Evidence / Argument,4,215.0,225,225,SYNTHETIC_AUGMENTED
COHORT_0664,BIHAR_DC_04,BA,BAIL_GENERAL,2022,Pleadings / Issues,1,26,26,26,SYNTHETIC_AUGMENTED
COHORT_0665,BIHAR_DC_04,BA,BAIL_GENERAL,2022,Summons / Appearance,3,67,67,67,SYNTHETIC_AUGMENTED
COHORT_0666,BIHAR_DC_04,BA,BAIL_GENERAL,2024,Evidence / Argument,1,167,167,167,SYNTHETIC_AUGMENTED
COHORT_0667,BIHAR_DC_04,BA,BAIL_GENERAL,2024,Filing / Registration,1,12,12,12,SYNTHETIC_AUGMENTED
COHORT_0668,BIHAR_DC_04,BA,BAIL_GENERAL,2024,Pleadings / Issues,1,82,82,82,SYNTHETIC_AUGMENTED
COHORT_0669,BIHAR_DC_04,BA,BAIL_GENERAL,2024,Summons / Appearance,2,115.5,96,96,SYNTHETIC_AUGMENTED
COHORT_0670,BIHAR_DC_04,CRL_A,CRIMINAL_APPEAL,2018,Filing / Registration,1,13,13,13,SYNTHETIC_AUGMENTED
COHORT_0671,BIHAR_DC_04,CRL_A,CRIMINAL_APPEAL,2018,Pleadings / Issues,1,136,136,136,SYNTHETIC_AUGMENTED
COHORT_0672,BIHAR_DC_04,CRL_A,CRIMINAL_APPEAL,2020,Summons / Appearance,2,60.0,50,50,SYNTHETIC_AUGMENTED
COHORT_0673,BIHAR_DC_04,CRL_A,CRIMINAL_APPEAL,2022,Evidence / Argument,1,472,472,472,SYNTHETIC_AUGMENTED
COHORT_0674,BIHAR_DC_04,CRL_A,CRIMINAL_APPEAL,2022,Pleadings / Issues,1,78,78,78,SYNTHETIC_AUGMENTED
COHORT_0675,BIHAR_DC_04,CRL_A,CRIMINAL_APPEAL,2022,Summons / Appearance,3,280,280,280,SYNTHETIC_AUGMENTED
COHORT_0676,BIHAR_DC_04,CRL_A,CRIMINAL_APPEAL,2024,Evidence / Argument,2,194.5,146,146,SYNTHETIC_AUGMENTED
COHORT_0677,BIHAR_DC_04,CRL_A,CRIMINAL_APPEAL,2024,Filing / Registration,1,11,11,11,SYNTHETIC_AUGMENTED
COHORT_0678,BIHAR_DC_04,CRL_A,CRIMINAL_APPEAL,2024,Pleadings / Issues,1,59,59,59,SYNTHETIC_AUGMENTED
COHORT_0679,BIHAR_DC_04,CRL_A,CRIMINAL_APPEAL,2024,Summons / Appearance,2,114.0,59,59,SYNTHETIC_AUGMENTED
COHORT_0680,BIHAR_DC_04,CS,CPC_GENERAL,2018,Summons / Appearance,1,213,213,213,SYNTHETIC_AUGMENTED
COHORT_0681,BIHAR_DC_04,CS,CPC_GENERAL,2020,Evidence / Argument,1,192,192,192,SYNTHETIC_AUGMENTED
COHORT_0682,BIHAR_DC_04,CS,CPC_GENERAL,2020,Summons / Appearance,1,67,67,67,SYNTHETIC_AUGMENTED
COHORT_0683,BIHAR_DC_04,CS,CPC_GENERAL,2022,Pleadings / Issues,2,65.0,64,64,SYNTHETIC_AUGMENTED
COHORT_0684,BIHAR_DC_04,CS,CPC_GENERAL,2024,Pleadings / Issues,2,166.5,41,41,SYNTHETIC_AUGMENTED
COHORT_0685,BIHAR_DC_04,CS,CPC_GENERAL,2024,Summons / Appearance,2,173.5,63,63,SYNTHETIC_AUGMENTED
COHORT_0686,BIHAR_DC_04,MACA,MOTOR_ACCIDENT,2018,Pleadings / Issues,1,174,174,174,SYNTHETIC_AUGMENTED
COHORT_0687,BIHAR_DC_04,MACA,MOTOR_ACCIDENT,2020,Summons / Appearance,2,124.5,87,87,SYNTHETIC_AUGMENTED
COHORT_0688,BIHAR_DC_04,MACA,MOTOR_ACCIDENT,2022,Final Arguments / Judgment,1,54,54,54,SYNTHETIC_AUGMENTED
COHORT_0689,BIHAR_DC_04,WP_C,WRIT_GENERAL,2018,Pleadings / Issues,1,136,136,136,SYNTHETIC_AUGMENTED
COHORT_0690,BIHAR_DC_04,WP_C,WRIT_GENERAL,2020,Evidence / Argument,1,192,192,192,SYNTHETIC_AUGMENTED
COHORT_0691,BIHAR_DC_04,WP_C,WRIT_GENERAL,2020,Summons / Appearance,2,54.5,54,54,SYNTHETIC_AUGMENTED
COHORT_0692,BIHAR_DC_04,WP_C,WRIT_GENERAL,2022,Evidence / Argument,1,234,234,234,SYNTHETIC_AUGMENTED
COHORT_0693,BIHAR_DC_04,WP_C,WRIT_GENERAL,2022,Pleadings / Issues,1,107,107,107,SYNTHETIC_AUGMENTED
COHORT_0694,BIHAR_DC_04,WP_C,WRIT_GENERAL,2022,Summons / Appearance,3,66,66,66,SYNTHETIC_AUGMENTED
COHORT_0695,BIHAR_DC_04,WP_C,WRIT_GENERAL,2024,Evidence / Argument,1,319,319,319,SYNTHETIC_AUGMENTED
COHORT_0696,BIHAR_DC_04,WP_C,WRIT_GENERAL,2024,Filing / Registration,1,50,50,50,SYNTHETIC_AUGMENTED
COHORT_0697,BIHAR_DC_04,WP_C,WRIT_GENERAL,2024,Final Arguments / Judgment,1,190,190,190,SYNTHETIC_AUGMENTED
COHORT_0698,BIHAR_DC_05,BA,BAIL_GENERAL,2018,Pleadings / Issues,1,123,123,123,SYNTHETIC_AUGMENTED
COHORT_0699,BIHAR_DC_05,BA,BAIL_GENERAL,2022,Evidence / Argument,2,219.0,170,170,SYNTHETIC_AUGMENTED
COHORT_0700,BIHAR_DC_05,BA,BAIL_GENERAL,2022,Pleadings / Issues,3,62,62,62,SYNTHETIC_AUGMENTED
COHORT_0701,BIHAR_DC_05,BA,BAIL_GENERAL,2022,Summons / Appearance,2,115.0,59,59,SYNTHETIC_AUGMENTED
COHORT_0702,BIHAR_DC_05,BA,BAIL_GENERAL,2024,Evidence / Argument,2,169.5,116,116,SYNTHETIC_AUGMENTED
COHORT_0703,BIHAR_DC_05,BA,BAIL_GENERAL,2024,Filing / Registration,1,18,18,18,SYNTHETIC_AUGMENTED
COHORT_0704,BIHAR_DC_05,BA,BAIL_GENERAL,2024,Pleadings / Issues,1,152,152,152,SYNTHETIC_AUGMENTED
COHORT_0705,BIHAR_DC_05,BA,BAIL_GENERAL,2024,Summons / Appearance,3,70,70,70,SYNTHETIC_AUGMENTED
COHORT_0706,BIHAR_DC_05,CRL_A,CRIMINAL_APPEAL,2020,Final Arguments / Judgment,1,84,84,84,SYNTHETIC_AUGMENTED
COHORT_0707,BIHAR_DC_05,CRL_A,CRIMINAL_APPEAL,2020,Pleadings / Issues,1,92,92,92,SYNTHETIC_AUGMENTED
COHORT_0708,BIHAR_DC_05,CRL_A,CRIMINAL_APPEAL,2020,Summons / Appearance,1,40,40,40,SYNTHETIC_AUGMENTED
COHORT_0709,BIHAR_DC_05,CRL_A,CRIMINAL_APPEAL,2022,Evidence / Argument,2,434.0,424,424,SYNTHETIC_AUGMENTED
COHORT_0710,BIHAR_DC_05,CRL_A,CRIMINAL_APPEAL,2022,Filing / Registration,2,22.5,18,18,SYNTHETIC_AUGMENTED
COHORT_0711,BIHAR_DC_05,CRL_A,CRIMINAL_APPEAL,2022,Final Arguments / Judgment,1,45,45,45,SYNTHETIC_AUGMENTED
COHORT_0712,BIHAR_DC_05,CRL_A,CRIMINAL_APPEAL,2022,Summons / Appearance,3,150,150,150,SYNTHETIC_AUGMENTED
COHORT_0713,BIHAR_DC_05,CRL_A,CRIMINAL_APPEAL,2024,Evidence / Argument,1,437,437,437,SYNTHETIC_AUGMENTED
COHORT_0714,BIHAR_DC_05,CRL_A,CRIMINAL_APPEAL,2024,Final Arguments / Judgment,1,28,28,28,SYNTHETIC_AUGMENTED
COHORT_0715,BIHAR_DC_05,CRL_A,CRIMINAL_APPEAL,2024,Summons / Appearance,2,188.5,99,99,SYNTHETIC_AUGMENTED
COHORT_0716,BIHAR_DC_05,CS,CPC_GENERAL,2018,Evidence / Argument,1,62,62,62,SYNTHETIC_AUGMENTED
COHORT_0717,BIHAR_DC_05,CS,CPC_GENERAL,2018,Pleadings / Issues,1,111,111,111,SYNTHETIC_AUGMENTED
COHORT_0718,BIHAR_DC_05,CS,CPC_GENERAL,2018,Summons / Appearance,2,202.5,68,68,SYNTHETIC_AUGMENTED
COHORT_0719,BIHAR_DC_05,CS,CPC_GENERAL,2020,Evidence / Argument,2,158.0,116,116,SYNTHETIC_AUGMENTED
COHORT_0720,BIHAR_DC_05,CS,CPC_GENERAL,2020,Pleadings / Issues,1,202,202,202,SYNTHETIC_AUGMENTED
COHORT_0721,BIHAR_DC_05,CS,CPC_GENERAL,2020,Summons / Appearance,1,68,68,68,SYNTHETIC_AUGMENTED
COHORT_0722,BIHAR_DC_05,CS,CPC_GENERAL,2022,Evidence / Argument,1,157,157,157,SYNTHETIC_AUGMENTED
COHORT_0723,BIHAR_DC_05,CS,CPC_GENERAL,2022,Final Arguments / Judgment,2,87.5,79,79,SYNTHETIC_AUGMENTED
COHORT_0724,BIHAR_DC_05,CS,CPC_GENERAL,2022,Pleadings / Issues,1,58,58,58,SYNTHETIC_AUGMENTED
COHORT_0725,BIHAR_DC_05,CS,CPC_GENERAL,2024,Evidence / Argument,1,114,114,114,SYNTHETIC_AUGMENTED
COHORT_0726,BIHAR_DC_05,CS,CPC_GENERAL,2024,Filing / Registration,1,25,25,25,SYNTHETIC_AUGMENTED
COHORT_0727,BIHAR_DC_05,CS,CPC_GENERAL,2024,Final Arguments / Judgment,1,42,42,42,SYNTHETIC_AUGMENTED
COHORT_0728,BIHAR_DC_05,CS,CPC_GENERAL,2024,Summons / Appearance,4,122.0,184,184,SYNTHETIC_AUGMENTED
COHORT_0729,BIHAR_DC_05,MACA,MOTOR_ACCIDENT,2022,Pleadings / Issues,1,118,118,118,SYNTHETIC_AUGMENTED
COHORT_0730,BIHAR_DC_05,MACA,MOTOR_ACCIDENT,2022,Summons / Appearance,2,285.0,254,254,SYNTHETIC_AUGMENTED
COHORT_0731,BIHAR_DC_05,WP_C,WRIT_GENERAL,2020,Evidence / Argument,1,200,200,200,SYNTHETIC_AUGMENTED
COHORT_0732,BIHAR_DC_05,WP_C,WRIT_GENERAL,2020,Filing / Registration,1,7,7,7,SYNTHETIC_AUGMENTED
COHORT_0733,BIHAR_DC_05,WP_C,WRIT_GENERAL,2022,Evidence / Argument,3,104,104,104,SYNTHETIC_AUGMENTED
COHORT_0734,BIHAR_DC_05,WP_C,WRIT_GENERAL,2022,Filing / Registration,1,33,33,33,SYNTHETIC_AUGMENTED
COHORT_0735,BIHAR_DC_05,WP_C,WRIT_GENERAL,2022,Pleadings / Issues,1,106,106,106,SYNTHETIC_AUGMENTED
COHORT_0736,BIHAR_DC_05,WP_C,WRIT_GENERAL,2022,Summons / Appearance,1,80,80,80,SYNTHETIC_AUGMENTED
COHORT_0737,CHHATT_DC_01,BA,BAIL_GENERAL,2018,Summons / Appearance,1,39,39,39,SYNTHETIC_AUGMENTED
COHORT_0738,CHHATT_DC_01,BA,BAIL_GENERAL,2020,Pleadings / Issues,1,80,80,80,SYNTHETIC_AUGMENTED
COHORT_0739,CHHATT_DC_01,BA,BAIL_GENERAL,2022,Evidence / Argument,3,275,275,275,SYNTHETIC_AUGMENTED
COHORT_0740,CHHATT_DC_01,BA,BAIL_GENERAL,2022,Final Arguments / Judgment,2,72.5,62,62,SYNTHETIC_AUGMENTED
COHORT_0741,CHHATT_DC_01,BA,BAIL_GENERAL,2022,Pleadings / Issues,3,64,64,64,SYNTHETIC_AUGMENTED
COHORT_0742,CHHATT_DC_01,BA,BAIL_GENERAL,2022,Summons / Appearance,5,81,85,85,SYNTHETIC_AUGMENTED
COHORT_0743,CHHATT_DC_01,BA,BAIL_GENERAL,2024,Evidence / Argument,2,195.5,34,34,SYNTHETIC_AUGMENTED
COHORT_0744,CHHATT_DC_01,BA,BAIL_GENERAL,2024,Pleadings / Issues,1,101,101,101,SYNTHETIC_AUGMENTED
COHORT_0745,CHHATT_DC_01,BA,BAIL_GENERAL,2024,Summons / Appearance,1,64,64,64,SYNTHETIC_AUGMENTED
COHORT_0746,CHHATT_DC_01,CRL_A,CRIMINAL_APPEAL,2018,Pleadings / Issues,1,334,334,334,SYNTHETIC_AUGMENTED
COHORT_0747,CHHATT_DC_01,CRL_A,CRIMINAL_APPEAL,2020,Final Arguments / Judgment,1,40,40,40,SYNTHETIC_AUGMENTED
COHORT_0748,CHHATT_DC_01,CRL_A,CRIMINAL_APPEAL,2022,Evidence / Argument,2,201.5,153,153,SYNTHETIC_AUGMENTED
COHORT_0749,CHHATT_DC_01,CRL_A,CRIMINAL_APPEAL,2022,Filing / Registration,1,35,35,35,SYNTHETIC_AUGMENTED
COHORT_0750,CHHATT_DC_01,CRL_A,CRIMINAL_APPEAL,2022,Final Arguments / Judgment,2,73.0,54,54,SYNTHETIC_AUGMENTED
COHORT_0751,CHHATT_DC_01,CRL_A,CRIMINAL_APPEAL,2022,Summons / Appearance,2,200.5,106,106,SYNTHETIC_AUGMENTED
COHORT_0752,CHHATT_DC_01,CS,CPC_GENERAL,2018,Final Arguments / Judgment,1,61,61,61,SYNTHETIC_AUGMENTED
COHORT_0753,CHHATT_DC_01,CS,CPC_GENERAL,2020,Evidence / Argument,4,215.0,250,250,SYNTHETIC_AUGMENTED
COHORT_0754,CHHATT_DC_01,CS,CPC_GENERAL,2020,Summons / Appearance,2,282.0,199,199,SYNTHETIC_AUGMENTED
COHORT_0755,CHHATT_DC_01,CS,CPC_GENERAL,2022,Evidence / Argument,2,191.0,167,167,SYNTHETIC_AUGMENTED
COHORT_0756,CHHATT_DC_01,CS,CPC_GENERAL,2022,Pleadings / Issues,2,133.5,126,126,SYNTHETIC_AUGMENTED
COHORT_0757,CHHATT_DC_01,CS,CPC_GENERAL,2022,Summons / Appearance,2,148.0,115,115,SYNTHETIC_AUGMENTED
COHORT_0758,CHHATT_DC_01,CS,CPC_GENERAL,2024,Evidence / Argument,2,113.5,26,26,SYNTHETIC_AUGMENTED
COHORT_0759,CHHATT_DC_01,CS,CPC_GENERAL,2024,Final Arguments / Judgment,1,54,54,54,SYNTHETIC_AUGMENTED
COHORT_0760,CHHATT_DC_01,CS,CPC_GENERAL,2024,Summons / Appearance,4,159.5,218,218,SYNTHETIC_AUGMENTED
COHORT_0761,CHHATT_DC_01,MACA,MOTOR_ACCIDENT,2018,Evidence / Argument,1,415,415,415,SYNTHETIC_AUGMENTED
COHORT_0762,CHHATT_DC_01,MACA,MOTOR_ACCIDENT,2018,Pleadings / Issues,1,159,159,159,SYNTHETIC_AUGMENTED
COHORT_0763,CHHATT_DC_01,MACA,MOTOR_ACCIDENT,2020,Summons / Appearance,1,20,20,20,SYNTHETIC_AUGMENTED
COHORT_0764,CHHATT_DC_01,MACA,MOTOR_ACCIDENT,2022,Summons / Appearance,2,55.5,44,44,SYNTHETIC_AUGMENTED
COHORT_0765,CHHATT_DC_01,MACA,MOTOR_ACCIDENT,2024,Pleadings / Issues,1,70,70,70,SYNTHETIC_AUGMENTED
COHORT_0766,CHHATT_DC_01,MACA,MOTOR_ACCIDENT,2024,Summons / Appearance,1,316,316,316,SYNTHETIC_AUGMENTED
COHORT_0767,CHHATT_DC_01,WP_C,WRIT_GENERAL,2018,Evidence / Argument,2,112.0,77,77,SYNTHETIC_AUGMENTED
COHORT_0768,CHHATT_DC_01,WP_C,WRIT_GENERAL,2018,Final Arguments / Judgment,2,65.5,54,54,SYNTHETIC_AUGMENTED
COHORT_0769,CHHATT_DC_01,WP_C,WRIT_GENERAL,2018,Summons / Appearance,1,278,278,278,SYNTHETIC_AUGMENTED
COHORT_0770,CHHATT_DC_01,WP_C,WRIT_GENERAL,2020,Final Arguments / Judgment,1,73,73,73,SYNTHETIC_AUGMENTED
COHORT_0771,CHHATT_DC_01,WP_C,WRIT_GENERAL,2020,Pleadings / Issues,1,86,86,86,SYNTHETIC_AUGMENTED
COHORT_0772,CHHATT_DC_01,WP_C,WRIT_GENERAL,2020,Summons / Appearance,1,78,78,78,SYNTHETIC_AUGMENTED
COHORT_0773,CHHATT_DC_01,WP_C,WRIT_GENERAL,2022,Evidence / Argument,1,233,233,233,SYNTHETIC_AUGMENTED
COHORT_0774,CHHATT_DC_02,BA,BAIL_GENERAL,2018,Summons / Appearance,1,401,401,401,SYNTHETIC_AUGMENTED
COHORT_0775,CHHATT_DC_02,BA,BAIL_GENERAL,2022,Evidence / Argument,2,257.5,143,143,SYNTHETIC_AUGMENTED
COHORT_0776,CHHATT_DC_02,BA,BAIL_GENERAL,2022,Pleadings / Issues,3,100,100,100,SYNTHETIC_AUGMENTED
COHORT_0777,CHHATT_DC_02,BA,BAIL_GENERAL,2022,Summons / Appearance,1,68,68,68,SYNTHETIC_AUGMENTED
COHORT_0778,CHHATT_DC_02,BA,BAIL_GENERAL,2024,Filing / Registration,1,13,13,13,SYNTHETIC_AUGMENTED
COHORT_0779,CHHATT_DC_02,BA,BAIL_GENERAL,2024,Final Arguments / Judgment,1,39,39,39,SYNTHETIC_AUGMENTED
COHORT_0780,CHHATT_DC_02,BA,BAIL_GENERAL,2024,Pleadings / Issues,1,105,105,105,SYNTHETIC_AUGMENTED
COHORT_0781,CHHATT_DC_02,BA,BAIL_GENERAL,2024,Summons / Appearance,2,71.5,69,69,SYNTHETIC_AUGMENTED
COHORT_0782,CHHATT_DC_02,CRL_A,CRIMINAL_APPEAL,2018,Pleadings / Issues,1,76,76,76,SYNTHETIC_AUGMENTED
COHORT_0783,CHHATT_DC_02,CRL_A,CRIMINAL_APPEAL,2018,Summons / Appearance,1,128,128,128,SYNTHETIC_AUGMENTED
COHORT_0784,CHHATT_DC_02,CRL_A,CRIMINAL_APPEAL,2022,Evidence / Argument,1,109,109,109,SYNTHETIC_AUGMENTED
COHORT_0785,CHHATT_DC_02,CRL_A,CRIMINAL_APPEAL,2022,Filing / Registration,2,10.5,10,10,SYNTHETIC_AUGMENTED
COHORT_0786,CHHATT_DC_02,CRL_A,CRIMINAL_APPEAL,2022,Pleadings / Issues,1,285,285,285,SYNTHETIC_AUGMENTED
COHORT_0787,CHHATT_DC_02,CRL_A,CRIMINAL_APPEAL,2022,Summons / Appearance,1,116,116,116,SYNTHETIC_AUGMENTED
COHORT_0788,CHHATT_DC_02,CRL_A,CRIMINAL_APPEAL,2024,Evidence / Argument,1,145,145,145,SYNTHETIC_AUGMENTED
COHORT_0789,CHHATT_DC_02,CRL_A,CRIMINAL_APPEAL,2024,Summons / Appearance,1,86,86,86,SYNTHETIC_AUGMENTED
COHORT_0790,CHHATT_DC_02,CS,CPC_GENERAL,2018,Evidence / Argument,3,149,149,149,SYNTHETIC_AUGMENTED
COHORT_0791,CHHATT_DC_02,CS,CPC_GENERAL,2020,Final Arguments / Judgment,1,73,73,73,SYNTHETIC_AUGMENTED
COHORT_0792,CHHATT_DC_02,CS,CPC_GENERAL,2020,Summons / Appearance,2,150.5,67,67,SYNTHETIC_AUGMENTED
COHORT_0793,CHHATT_DC_02,CS,CPC_GENERAL,2022,Evidence / Argument,5,170,183,183,SYNTHETIC_AUGMENTED
COHORT_0794,CHHATT_DC_02,CS,CPC_GENERAL,2022,Final Arguments / Judgment,1,49,49,49,SYNTHETIC_AUGMENTED
COHORT_0795,CHHATT_DC_02,CS,CPC_GENERAL,2022,Pleadings / Issues,5,108,167,167,SYNTHETIC_AUGMENTED
COHORT_0796,CHHATT_DC_02,CS,CPC_GENERAL,2022,Summons / Appearance,5,121,125,125,SYNTHETIC_AUGMENTED
COHORT_0797,CHHATT_DC_02,CS,CPC_GENERAL,2024,Evidence / Argument,1,157,157,157,SYNTHETIC_AUGMENTED
COHORT_0798,CHHATT_DC_02,CS,CPC_GENERAL,2024,Filing / Registration,1,11,11,11,SYNTHETIC_AUGMENTED
COHORT_0799,CHHATT_DC_02,CS,CPC_GENERAL,2024,Pleadings / Issues,1,101,101,101,SYNTHETIC_AUGMENTED
COHORT_0800,CHHATT_DC_02,CS,CPC_GENERAL,2024,Summons / Appearance,2,223.5,128,128,SYNTHETIC_AUGMENTED
COHORT_0801,CHHATT_DC_02,MACA,MOTOR_ACCIDENT,2022,Summons / Appearance,1,14,14,14,SYNTHETIC_AUGMENTED
COHORT_0802,CHHATT_DC_02,MACA,MOTOR_ACCIDENT,2024,Summons / Appearance,1,338,338,338,SYNTHETIC_AUGMENTED
COHORT_0803,CHHATT_DC_02,WP_C,WRIT_GENERAL,2020,Evidence / Argument,1,336,336,336,SYNTHETIC_AUGMENTED
COHORT_0804,CHHATT_DC_02,WP_C,WRIT_GENERAL,2020,Final Arguments / Judgment,1,61,61,61,SYNTHETIC_AUGMENTED
COHORT_0805,CHHATT_DC_02,WP_C,WRIT_GENERAL,2022,Evidence / Argument,2,256.0,135,135,SYNTHETIC_AUGMENTED
COHORT_0806,CHHATT_DC_02,WP_C,WRIT_GENERAL,2022,Pleadings / Issues,2,120.5,98,98,SYNTHETIC_AUGMENTED
COHORT_0807,CHHATT_DC_02,WP_C,WRIT_GENERAL,2022,Summons / Appearance,2,182.0,117,117,SYNTHETIC_AUGMENTED
COHORT_0808,CHHATT_DC_02,WP_C,WRIT_GENERAL,2024,Filing / Registration,1,48,48,48,SYNTHETIC_AUGMENTED
COHORT_0809,CHHATT_DC_02,WP_C,WRIT_GENERAL,2024,Final Arguments / Judgment,2,55.5,16,16,SYNTHETIC_AUGMENTED
COHORT_0810,CHHATT_DC_02,WP_C,WRIT_GENERAL,2024,Summons / Appearance,1,115,115,115,SYNTHETIC_AUGMENTED
COHORT_0811,CHHATT_DC_03,BA,BAIL_GENERAL,2018,Pleadings / Issues,1,161,161,161,SYNTHETIC_AUGMENTED
COHORT_0812,CHHATT_DC_03,BA,BAIL_GENERAL,2018,Summons / Appearance,1,47,47,47,SYNTHETIC_AUGMENTED
COHORT_0813,CHHATT_DC_03,BA,BAIL_GENERAL,2020,Filing / Registration,1,19,19,19,SYNTHETIC_AUGMENTED
COHORT_0814,CHHATT_DC_03,BA,BAIL_GENERAL,2020,Final Arguments / Judgment,1,67,67,67,SYNTHETIC_AUGMENTED
COHORT_0815,CHHATT_DC_03,BA,BAIL_GENERAL,2020,Pleadings / Issues,3,66,66,66,SYNTHETIC_AUGMENTED
COHORT_0816,CHHATT_DC_03,BA,BAIL_GENERAL,2020,Summons / Appearance,1,303,303,303,SYNTHETIC_AUGMENTED
COHORT_0817,CHHATT_DC_03,BA,BAIL_GENERAL,2022,Evidence / Argument,2,329.5,276,276,SYNTHETIC_AUGMENTED
COHORT_0818,CHHATT_DC_03,BA,BAIL_GENERAL,2022,Final Arguments / Judgment,2,65.5,63,63,SYNTHETIC_AUGMENTED
COHORT_0819,CHHATT_DC_03,BA,BAIL_GENERAL,2022,Pleadings / Issues,2,121.0,111,111,SYNTHETIC_AUGMENTED
COHORT_0820,CHHATT_DC_03,BA,BAIL_GENERAL,2022,Summons / Appearance,3,316,316,316,SYNTHETIC_AUGMENTED
COHORT_0821,CHHATT_DC_03,BA,BAIL_GENERAL,2024,Pleadings / Issues,1,75,75,75,SYNTHETIC_AUGMENTED
COHORT_0822,CHHATT_DC_03,BA,BAIL_GENERAL,2024,Summons / Appearance,1,158,158,158,SYNTHETIC_AUGMENTED
COHORT_0823,CHHATT_DC_03,CRL_A,CRIMINAL_APPEAL,2020,Evidence / Argument,1,206,206,206,SYNTHETIC_AUGMENTED
COHORT_0824,CHHATT_DC_03,CRL_A,CRIMINAL_APPEAL,2020,Final Arguments / Judgment,2,56.0,54,54,SYNTHETIC_AUGMENTED
COHORT_0825,CHHATT_DC_03,CRL_A,CRIMINAL_APPEAL,2020,Summons / Appearance,3,51,51,51,SYNTHETIC_AUGMENTED
COHORT_0826,CHHATT_DC_03,CRL_A,CRIMINAL_APPEAL,2022,Evidence / Argument,1,185,185,185,SYNTHETIC_AUGMENTED
COHORT_0827,CHHATT_DC_03,CRL_A,CRIMINAL_APPEAL,2022,Pleadings / Issues,1,31,31,31,SYNTHETIC_AUGMENTED
COHORT_0828,CHHATT_DC_03,CRL_A,CRIMINAL_APPEAL,2022,Summons / Appearance,5,54,54,54,SYNTHETIC_AUGMENTED
COHORT_0829,CHHATT_DC_03,CRL_A,CRIMINAL_APPEAL,2024,Filing / Registration,1,40,40,40,SYNTHETIC_AUGMENTED
COHORT_0830,CHHATT_DC_03,CRL_A,CRIMINAL_APPEAL,2024,Pleadings / Issues,1,92,92,92,SYNTHETIC_AUGMENTED
COHORT_0831,CHHATT_DC_03,CRL_A,CRIMINAL_APPEAL,2024,Summons / Appearance,3,78,78,78,SYNTHETIC_AUGMENTED
COHORT_0832,CHHATT_DC_03,CS,CPC_GENERAL,2018,Pleadings / Issues,1,117,117,117,SYNTHETIC_AUGMENTED
COHORT_0833,CHHATT_DC_03,CS,CPC_GENERAL,2018,Summons / Appearance,1,282,282,282,SYNTHETIC_AUGMENTED
COHORT_0834,CHHATT_DC_03,CS,CPC_GENERAL,2020,Pleadings / Issues,1,24,24,24,SYNTHETIC_AUGMENTED
COHORT_0835,CHHATT_DC_03,CS,CPC_GENERAL,2020,Summons / Appearance,4,179.0,227,227,SYNTHETIC_AUGMENTED
COHORT_0836,CHHATT_DC_03,CS,CPC_GENERAL,2022,Evidence / Argument,3,224,224,224,SYNTHETIC_AUGMENTED
COHORT_0837,CHHATT_DC_03,CS,CPC_GENERAL,2022,Final Arguments / Judgment,2,71.0,70,70,SYNTHETIC_AUGMENTED
COHORT_0838,CHHATT_DC_03,CS,CPC_GENERAL,2022,Pleadings / Issues,2,165.5,140,140,SYNTHETIC_AUGMENTED
COHORT_0839,CHHATT_DC_03,CS,CPC_GENERAL,2022,Summons / Appearance,5,88,179,179,SYNTHETIC_AUGMENTED
COHORT_0840,CHHATT_DC_03,CS,CPC_GENERAL,2024,Evidence / Argument,2,200.0,176,176,SYNTHETIC_AUGMENTED
COHORT_0841,CHHATT_DC_03,CS,CPC_GENERAL,2024,Final Arguments / Judgment,2,68.5,68,68,SYNTHETIC_AUGMENTED
COHORT_0842,CHHATT_DC_03,CS,CPC_GENERAL,2024,Pleadings / Issues,1,60,60,60,SYNTHETIC_AUGMENTED
COHORT_0843,CHHATT_DC_03,CS,CPC_GENERAL,2024,Summons / Appearance,2,284.5,160,160,SYNTHETIC_AUGMENTED
COHORT_0844,CHHATT_DC_03,MACA,MOTOR_ACCIDENT,2020,Filing / Registration,1,33,33,33,SYNTHETIC_AUGMENTED
COHORT_0845,CHHATT_DC_03,MACA,MOTOR_ACCIDENT,2020,Summons / Appearance,1,68,68,68,SYNTHETIC_AUGMENTED
COHORT_0846,CHHATT_DC_03,MACA,MOTOR_ACCIDENT,2022,Evidence / Argument,1,154,154,154,SYNTHETIC_AUGMENTED
COHORT_0847,CHHATT_DC_03,MACA,MOTOR_ACCIDENT,2022,Final Arguments / Judgment,1,46,46,46,SYNTHETIC_AUGMENTED
COHORT_0848,CHHATT_DC_03,MACA,MOTOR_ACCIDENT,2022,Pleadings / Issues,1,84,84,84,SYNTHETIC_AUGMENTED
COHORT_0849,CHHATT_DC_03,MACA,MOTOR_ACCIDENT,2024,Pleadings / Issues,1,102,102,102,SYNTHETIC_AUGMENTED
COHORT_0850,CHHATT_DC_03,WP_C,WRIT_GENERAL,2018,Evidence / Argument,1,150,150,150,SYNTHETIC_AUGMENTED
COHORT_0851,CHHATT_DC_03,WP_C,WRIT_GENERAL,2018,Summons / Appearance,1,252,252,252,SYNTHETIC_AUGMENTED
COHORT_0852,CHHATT_DC_03,WP_C,WRIT_GENERAL,2020,Evidence / Argument,1,144,144,144,SYNTHETIC_AUGMENTED
COHORT_0853,CHHATT_DC_03,WP_C,WRIT_GENERAL,2020,Final Arguments / Judgment,1,63,63,63,SYNTHETIC_AUGMENTED
COHORT_0854,CHHATT_DC_03,WP_C,WRIT_GENERAL,2020,Pleadings / Issues,1,71,71,71,SYNTHETIC_AUGMENTED
COHORT_0855,CHHATT_DC_03,WP_C,WRIT_GENERAL,2022,Evidence / Argument,3,261,261,261,SYNTHETIC_AUGMENTED
COHORT_0856,CHHATT_DC_03,WP_C,WRIT_GENERAL,2022,Final Arguments / Judgment,1,85,85,85,SYNTHETIC_AUGMENTED
COHORT_0857,CHHATT_DC_03,WP_C,WRIT_GENERAL,2022,Pleadings / Issues,2,95.5,82,82,SYNTHETIC_AUGMENTED
COHORT_0858,CHHATT_DC_03,WP_C,WRIT_GENERAL,2022,Summons / Appearance,2,53.0,47,47,SYNTHETIC_AUGMENTED
COHORT_0859,CHHATT_DC_03,WP_C,WRIT_GENERAL,2024,Pleadings / Issues,1,135,135,135,SYNTHETIC_AUGMENTED
COHORT_0860,CHHATT_DC_03,WP_C,WRIT_GENERAL,2024,Summons / Appearance,1,299,299,299,SYNTHETIC_AUGMENTED
COHORT_0861,CHHATT_DC_04,BA,BAIL_GENERAL,2020,Evidence / Argument,1,187,187,187,SYNTHETIC_AUGMENTED
COHORT_0862,CHHATT_DC_04,BA,BAIL_GENERAL,2020,Summons / Appearance,2,156.0,112,112,SYNTHETIC_AUGMENTED
COHORT_0863,CHHATT_DC_04,BA,BAIL_GENERAL,2022,Filing / Registration,1,23,23,23,SYNTHETIC_AUGMENTED
COHORT_0864,CHHATT_DC_04,BA,BAIL_GENERAL,2022,Pleadings / Issues,2,106.0,96,96,SYNTHETIC_AUGMENTED
COHORT_0865,CHHATT_DC_04,BA,BAIL_GENERAL,2022,Summons / Appearance,2,235.0,206,206,SYNTHETIC_AUGMENTED
COHORT_0866,CHHATT_DC_04,BA,BAIL_GENERAL,2024,Evidence / Argument,1,202,202,202,SYNTHETIC_AUGMENTED
COHORT_0867,CHHATT_DC_04,BA,BAIL_GENERAL,2024,Summons / Appearance,1,219,219,219,SYNTHETIC_AUGMENTED
COHORT_0868,CHHATT_DC_04,CRL_A,CRIMINAL_APPEAL,2020,Evidence / Argument,1,52,52,52,SYNTHETIC_AUGMENTED
COHORT_0869,CHHATT_DC_04,CRL_A,CRIMINAL_APPEAL,2020,Final Arguments / Judgment,1,156,156,156,SYNTHETIC_AUGMENTED
COHORT_0870,CHHATT_DC_04,CRL_A,CRIMINAL_APPEAL,2020,Summons / Appearance,1,53,53,53,SYNTHETIC_AUGMENTED
COHORT_0871,CHHATT_DC_04,CRL_A,CRIMINAL_APPEAL,2022,Evidence / Argument,1,363,363,363,SYNTHETIC_AUGMENTED
COHORT_0872,CHHATT_DC_04,CRL_A,CRIMINAL_APPEAL,2022,Summons / Appearance,1,344,344,344,SYNTHETIC_AUGMENTED
COHORT_0873,CHHATT_DC_04,CRL_A,CRIMINAL_APPEAL,2024,Evidence / Argument,1,80,80,80,SYNTHETIC_AUGMENTED
COHORT_0874,CHHATT_DC_04,CRL_A,CRIMINAL_APPEAL,2024,Filing / Registration,1,31,31,31,SYNTHETIC_AUGMENTED
COHORT_0875,CHHATT_DC_04,CS,CPC_GENERAL,2018,Summons / Appearance,2,185.0,50,50,SYNTHETIC_AUGMENTED
COHORT_0876,CHHATT_DC_04,CS,CPC_GENERAL,2020,Summons / Appearance,2,196.5,43,43,SYNTHETIC_AUGMENTED
COHORT_0877,CHHATT_DC_04,CS,CPC_GENERAL,2022,Evidence / Argument,3,164,164,164,SYNTHETIC_AUGMENTED
COHORT_0878,CHHATT_DC_04,CS,CPC_GENERAL,2022,Filing / Registration,1,10,10,10,SYNTHETIC_AUGMENTED
COHORT_0879,CHHATT_DC_04,CS,CPC_GENERAL,2022,Final Arguments / Judgment,1,49,49,49,SYNTHETIC_AUGMENTED
COHORT_0880,CHHATT_DC_04,CS,CPC_GENERAL,2022,Pleadings / Issues,2,186.0,158,158,SYNTHETIC_AUGMENTED
COHORT_0881,CHHATT_DC_04,CS,CPC_GENERAL,2022,Summons / Appearance,3,84,84,84,SYNTHETIC_AUGMENTED
COHORT_0882,CHHATT_DC_04,CS,CPC_GENERAL,2024,Summons / Appearance,2,105.5,56,56,SYNTHETIC_AUGMENTED
COHORT_0883,CHHATT_DC_04,MACA,MOTOR_ACCIDENT,2020,Evidence / Argument,1,173,173,173,SYNTHETIC_AUGMENTED
COHORT_0884,CHHATT_DC_04,WP_C,WRIT_GENERAL,2018,Evidence / Argument,1,116,116,116,SYNTHETIC_AUGMENTED
COHORT_0885,CHHATT_DC_04,WP_C,WRIT_GENERAL,2022,Evidence / Argument,1,479,479,479,SYNTHETIC_AUGMENTED
COHORT_0886,CHHATT_DC_04,WP_C,WRIT_GENERAL,2022,Pleadings / Issues,1,299,299,299,SYNTHETIC_AUGMENTED
COHORT_0887,CHHATT_DC_05,BA,BAIL_GENERAL,2018,Summons / Appearance,1,89,89,89,SYNTHETIC_AUGMENTED
COHORT_0888,CHHATT_DC_05,BA,BAIL_GENERAL,2020,Evidence / Argument,1,97,97,97,SYNTHETIC_AUGMENTED
COHORT_0889,CHHATT_DC_05,BA,BAIL_GENERAL,2020,Summons / Appearance,2,64.5,56,56,SYNTHETIC_AUGMENTED
COHORT_0890,CHHATT_DC_05,BA,BAIL_GENERAL,2022,Evidence / Argument,1,73,73,73,SYNTHETIC_AUGMENTED
COHORT_0891,CHHATT_DC_05,BA,BAIL_GENERAL,2022,Filing / Registration,1,6,6,6,SYNTHETIC_AUGMENTED
COHORT_0892,CHHATT_DC_05,BA,BAIL_GENERAL,2022,Summons / Appearance,2,149.0,91,91,SYNTHETIC_AUGMENTED
COHORT_0893,CHHATT_DC_05,BA,BAIL_GENERAL,2024,Evidence / Argument,2,423.5,360,360,SYNTHETIC_AUGMENTED
COHORT_0894,CHHATT_DC_05,BA,BAIL_GENERAL,2024,Final Arguments / Judgment,1,101,101,101,SYNTHETIC_AUGMENTED
COHORT_0895,CHHATT_DC_05,BA,BAIL_GENERAL,2024,Pleadings / Issues,2,121.0,83,83,SYNTHETIC_AUGMENTED
COHORT_0896,CHHATT_DC_05,CRL_A,CRIMINAL_APPEAL,2018,Evidence / Argument,1,335,335,335,SYNTHETIC_AUGMENTED
COHORT_0897,CHHATT_DC_05,CRL_A,CRIMINAL_APPEAL,2018,Pleadings / Issues,1,106,106,106,SYNTHETIC_AUGMENTED
COHORT_0898,CHHATT_DC_05,CRL_A,CRIMINAL_APPEAL,2020,Evidence / Argument,2,199.5,41,41,SYNTHETIC_AUGMENTED
COHORT_0899,CHHATT_DC_05,CRL_A,CRIMINAL_APPEAL,2020,Final Arguments / Judgment,1,88,88,88,SYNTHETIC_AUGMENTED
COHORT_0900,CHHATT_DC_05,CRL_A,CRIMINAL_APPEAL,2022,Filing / Registration,1,16,16,16,SYNTHETIC_AUGMENTED
COHORT_0901,CHHATT_DC_05,CRL_A,CRIMINAL_APPEAL,2022,Final Arguments / Judgment,1,71,71,71,SYNTHETIC_AUGMENTED
COHORT_0902,CHHATT_DC_05,CRL_A,CRIMINAL_APPEAL,2024,Final Arguments / Judgment,1,62,62,62,SYNTHETIC_AUGMENTED
COHORT_0903,CHHATT_DC_05,CRL_A,CRIMINAL_APPEAL,2024,Pleadings / Issues,1,88,88,88,SYNTHETIC_AUGMENTED
COHORT_0904,CHHATT_DC_05,CRL_A,CRIMINAL_APPEAL,2024,Summons / Appearance,2,92.0,44,44,SYNTHETIC_AUGMENTED
COHORT_0905,CHHATT_DC_05,CS,CPC_GENERAL,2018,Evidence / Argument,1,315,315,315,SYNTHETIC_AUGMENTED
COHORT_0906,CHHATT_DC_05,CS,CPC_GENERAL,2018,Filing / Registration,2,13.5,5,5,SYNTHETIC_AUGMENTED
COHORT_0907,CHHATT_DC_05,CS,CPC_GENERAL,2020,Evidence / Argument,1,222,222,222,SYNTHETIC_AUGMENTED
COHORT_0908,CHHATT_DC_05,CS,CPC_GENERAL,2020,Filing / Registration,1,21,21,21,SYNTHETIC_AUGMENTED
COHORT_0909,CHHATT_DC_05,CS,CPC_GENERAL,2020,Pleadings / Issues,2,170.0,35,35,SYNTHETIC_AUGMENTED
COHORT_0910,CHHATT_DC_05,CS,CPC_GENERAL,2020,Summons / Appearance,1,62,62,62,SYNTHETIC_AUGMENTED
COHORT_0911,CHHATT_DC_05,CS,CPC_GENERAL,2022,Evidence / Argument,1,331,331,331,SYNTHETIC_AUGMENTED
COHORT_0912,CHHATT_DC_05,CS,CPC_GENERAL,2022,Final Arguments / Judgment,1,15,15,15,SYNTHETIC_AUGMENTED
COHORT_0913,CHHATT_DC_05,CS,CPC_GENERAL,2022,Pleadings / Issues,1,79,79,79,SYNTHETIC_AUGMENTED
COHORT_0914,CHHATT_DC_05,CS,CPC_GENERAL,2022,Summons / Appearance,1,62,62,62,SYNTHETIC_AUGMENTED
COHORT_0915,CHHATT_DC_05,CS,CPC_GENERAL,2024,Evidence / Argument,2,358.0,313,313,SYNTHETIC_AUGMENTED
COHORT_0916,CHHATT_DC_05,CS,CPC_GENERAL,2024,Summons / Appearance,2,218.0,178,178,SYNTHETIC_AUGMENTED
COHORT_0917,CHHATT_DC_05,MACA,MOTOR_ACCIDENT,2018,Summons / Appearance,1,90,90,90,SYNTHETIC_AUGMENTED
COHORT_0918,CHHATT_DC_05,MACA,MOTOR_ACCIDENT,2020,Summons / Appearance,1,10,10,10,SYNTHETIC_AUGMENTED
COHORT_0919,CHHATT_DC_05,MACA,MOTOR_ACCIDENT,2022,Evidence / Argument,1,183,183,183,SYNTHETIC_AUGMENTED
COHORT_0920,CHHATT_DC_05,MACA,MOTOR_ACCIDENT,2022,Summons / Appearance,1,81,81,81,SYNTHETIC_AUGMENTED
COHORT_0921,CHHATT_DC_05,MACA,MOTOR_ACCIDENT,2024,Evidence / Argument,1,193,193,193,SYNTHETIC_AUGMENTED
COHORT_0922,CHHATT_DC_05,MACA,MOTOR_ACCIDENT,2024,Summons / Appearance,1,139,139,139,SYNTHETIC_AUGMENTED
COHORT_0923,CHHATT_DC_05,WP_C,WRIT_GENERAL,2018,Pleadings / Issues,1,120,120,120,SYNTHETIC_AUGMENTED
COHORT_0924,CHHATT_DC_05,WP_C,WRIT_GENERAL,2018,Summons / Appearance,1,368,368,368,SYNTHETIC_AUGMENTED
COHORT_0925,CHHATT_DC_05,WP_C,WRIT_GENERAL,2020,Summons / Appearance,1,170,170,170,SYNTHETIC_AUGMENTED
COHORT_0926,CHHATT_DC_05,WP_C,WRIT_GENERAL,2022,Evidence / Argument,3,217,217,217,SYNTHETIC_AUGMENTED
COHORT_0927,CHHATT_DC_05,WP_C,WRIT_GENERAL,2022,Final Arguments / Judgment,1,104,104,104,SYNTHETIC_AUGMENTED
COHORT_0928,CHHATT_DC_05,WP_C,WRIT_GENERAL,2024,Summons / Appearance,2,206.5,127,127,SYNTHETIC_AUGMENTED
COHORT_0929,DELHI_DC_01,BA,BAIL_GENERAL,2018,Evidence / Argument,1,380,380,380,SYNTHETIC_AUGMENTED
COHORT_0930,DELHI_DC_01,BA,BAIL_GENERAL,2018,Final Arguments / Judgment,1,186,186,186,SYNTHETIC_AUGMENTED
COHORT_0931,DELHI_DC_01,BA,BAIL_GENERAL,2018,Pleadings / Issues,1,138,138,138,SYNTHETIC_AUGMENTED
COHORT_0932,DELHI_DC_01,BA,BAIL_GENERAL,2018,Summons / Appearance,1,297,297,297,SYNTHETIC_AUGMENTED
COHORT_0933,DELHI_DC_01,BA,BAIL_GENERAL,2020,Evidence / Argument,2,315.5,216,216,SYNTHETIC_AUGMENTED
COHORT_0934,DELHI_DC_01,BA,BAIL_GENERAL,2020,Pleadings / Issues,1,66,66,66,SYNTHETIC_AUGMENTED
COHORT_0935,DELHI_DC_01,BA,BAIL_GENERAL,2020,Summons / Appearance,1,66,66,66,SYNTHETIC_AUGMENTED
COHORT_0936,DELHI_DC_01,BA,BAIL_GENERAL,2022,Evidence / Argument,3,250,250,250,SYNTHETIC_AUGMENTED
COHORT_0937,DELHI_DC_01,BA,BAIL_GENERAL,2022,Filing / Registration,3,14,14,14,SYNTHETIC_AUGMENTED
COHORT_0938,DELHI_DC_01,BA,BAIL_GENERAL,2022,Final Arguments / Judgment,1,135,135,135,SYNTHETIC_AUGMENTED
COHORT_0939,DELHI_DC_01,BA,BAIL_GENERAL,2022,Pleadings / Issues,4,113.0,138,138,SYNTHETIC_AUGMENTED
COHORT_0940,DELHI_DC_01,BA,BAIL_GENERAL,2022,Summons / Appearance,11,106,139,194,SYNTHETIC_AUGMENTED
COHORT_0941,DELHI_DC_01,BA,BAIL_GENERAL,2024,Filing / Registration,1,15,15,15,SYNTHETIC_AUGMENTED
COHORT_0942,DELHI_DC_01,BA,BAIL_GENERAL,2024,Final Arguments / Judgment,3,75,75,75,SYNTHETIC_AUGMENTED
COHORT_0943,DELHI_DC_01,BA,BAIL_GENERAL,2024,Pleadings / Issues,5,142,158,158,SYNTHETIC_AUGMENTED
COHORT_0944,DELHI_DC_01,BA,BAIL_GENERAL,2024,Summons / Appearance,7,140,164,168,SYNTHETIC_AUGMENTED
COHORT_0945,DELHI_DC_01,CRL_A,CRIMINAL_APPEAL,2018,Evidence / Argument,2,95.5,75,75,SYNTHETIC_AUGMENTED
COHORT_0946,DELHI_DC_01,CRL_A,CRIMINAL_APPEAL,2018,Pleadings / Issues,1,60,60,60,SYNTHETIC_AUGMENTED
COHORT_0947,DELHI_DC_01,CRL_A,CRIMINAL_APPEAL,2020,Evidence / Argument,1,183,183,183,SYNTHETIC_AUGMENTED
COHORT_0948,DELHI_DC_01,CRL_A,CRIMINAL_APPEAL,2020,Filing / Registration,1,13,13,13,SYNTHETIC_AUGMENTED
COHORT_0949,DELHI_DC_01,CRL_A,CRIMINAL_APPEAL,2020,Pleadings / Issues,2,111.5,102,102,SYNTHETIC_AUGMENTED
COHORT_0950,DELHI_DC_01,CRL_A,CRIMINAL_APPEAL,2020,Summons / Appearance,3,139,139,139,SYNTHETIC_AUGMENTED
COHORT_0951,DELHI_DC_01,CRL_A,CRIMINAL_APPEAL,2022,Evidence / Argument,4,200.5,229,229,SYNTHETIC_AUGMENTED
COHORT_0952,DELHI_DC_01,CRL_A,CRIMINAL_APPEAL,2022,Final Arguments / Judgment,1,84,84,84,SYNTHETIC_AUGMENTED
COHORT_0953,DELHI_DC_01,CRL_A,CRIMINAL_APPEAL,2022,Pleadings / Issues,3,114,114,114,SYNTHETIC_AUGMENTED
COHORT_0954,DELHI_DC_01,CRL_A,CRIMINAL_APPEAL,2022,Summons / Appearance,3,80,80,80,SYNTHETIC_AUGMENTED
COHORT_0955,DELHI_DC_01,CRL_A,CRIMINAL_APPEAL,2024,Pleadings / Issues,3,139,139,139,SYNTHETIC_AUGMENTED
COHORT_0956,DELHI_DC_01,CRL_A,CRIMINAL_APPEAL,2024,Summons / Appearance,2,175.0,71,71,SYNTHETIC_AUGMENTED
COHORT_0957,DELHI_DC_01,CS,CPC_GENERAL,2018,Final Arguments / Judgment,1,51,51,51,SYNTHETIC_AUGMENTED
COHORT_0958,DELHI_DC_01,CS,CPC_GENERAL,2018,Summons / Appearance,2,109.5,38,38,SYNTHETIC_AUGMENTED
COHORT_0959,DELHI_DC_01,CS,CPC_GENERAL,2020,Evidence / Argument,1,139,139,139,SYNTHETIC_AUGMENTED
COHORT_0960,DELHI_DC_01,CS,CPC_GENERAL,2020,Final Arguments / Judgment,2,48.5,40,40,SYNTHETIC_AUGMENTED
COHORT_0961,DELHI_DC_01,CS,CPC_GENERAL,2020,Pleadings / Issues,2,117.5,95,95,SYNTHETIC_AUGMENTED
COHORT_0962,DELHI_DC_01,CS,CPC_GENERAL,2020,Summons / Appearance,4,111.0,148,148,SYNTHETIC_AUGMENTED
COHORT_0963,DELHI_DC_01,CS,CPC_GENERAL,2022,Evidence / Argument,6,166.0,177,219,SYNTHETIC_AUGMENTED
COHORT_0964,DELHI_DC_01,CS,CPC_GENERAL,2022,Filing / Registration,2,13.5,13,13,SYNTHETIC_AUGMENTED
COHORT_0965,DELHI_DC_01,CS,CPC_GENERAL,2022,Final Arguments / Judgment,1,51,51,51,SYNTHETIC_AUGMENTED
COHORT_0966,DELHI_DC_01,CS,CPC_GENERAL,2022,Pleadings / Issues,5,116,151,151,SYNTHETIC_AUGMENTED
COHORT_0967,DELHI_DC_01,CS,CPC_GENERAL,2022,Summons / Appearance,6,119.5,143,225,SYNTHETIC_AUGMENTED
COHORT_0968,DELHI_DC_01,CS,CPC_GENERAL,2024,Evidence / Argument,2,132.5,125,125,SYNTHETIC_AUGMENTED
COHORT_0969,DELHI_DC_01,CS,CPC_GENERAL,2024,Filing / Registration,1,11,11,11,SYNTHETIC_AUGMENTED
COHORT_0970,DELHI_DC_01,CS,CPC_GENERAL,2024,Final Arguments / Judgment,2,36.5,31,31,SYNTHETIC_AUGMENTED
COHORT_0971,DELHI_DC_01,CS,CPC_GENERAL,2024,Pleadings / Issues,2,83.5,69,69,SYNTHETIC_AUGMENTED
COHORT_0972,DELHI_DC_01,CS,CPC_GENERAL,2024,Summons / Appearance,7,62,89,127,SYNTHETIC_AUGMENTED
COHORT_0973,DELHI_DC_01,MACA,MOTOR_ACCIDENT,2018,Summons / Appearance,1,411,411,411,SYNTHETIC_AUGMENTED
COHORT_0974,DELHI_DC_01,MACA,MOTOR_ACCIDENT,2020,Evidence / Argument,1,390,390,390,SYNTHETIC_AUGMENTED
COHORT_0975,DELHI_DC_01,MACA,MOTOR_ACCIDENT,2020,Summons / Appearance,3,348,348,348,SYNTHETIC_AUGMENTED
COHORT_0976,DELHI_DC_01,MACA,MOTOR_ACCIDENT,2022,Filing / Registration,1,5,5,5,SYNTHETIC_AUGMENTED
COHORT_0977,DELHI_DC_01,MACA,MOTOR_ACCIDENT,2022,Final Arguments / Judgment,1,68,68,68,SYNTHETIC_AUGMENTED
COHORT_0978,DELHI_DC_01,MACA,MOTOR_ACCIDENT,2022,Pleadings / Issues,2,106.0,66,66,SYNTHETIC_AUGMENTED
COHORT_0979,DELHI_DC_01,MACA,MOTOR_ACCIDENT,2022,Summons / Appearance,1,127,127,127,SYNTHETIC_AUGMENTED
COHORT_0980,DELHI_DC_01,MACA,MOTOR_ACCIDENT,2024,Summons / Appearance,2,118.0,91,91,SYNTHETIC_AUGMENTED
COHORT_0981,DELHI_DC_01,WP_C,WRIT_GENERAL,2018,Evidence / Argument,1,281,281,281,SYNTHETIC_AUGMENTED
COHORT_0982,DELHI_DC_01,WP_C,WRIT_GENERAL,2018,Filing / Registration,1,11,11,11,SYNTHETIC_AUGMENTED
COHORT_0983,DELHI_DC_01,WP_C,WRIT_GENERAL,2018,Pleadings / Issues,1,193,193,193,SYNTHETIC_AUGMENTED
COHORT_0984,DELHI_DC_01,WP_C,WRIT_GENERAL,2020,Evidence / Argument,1,64,64,64,SYNTHETIC_AUGMENTED
COHORT_0985,DELHI_DC_01,WP_C,WRIT_GENERAL,2020,Final Arguments / Judgment,3,51,51,51,SYNTHETIC_AUGMENTED
COHORT_0986,DELHI_DC_01,WP_C,WRIT_GENERAL,2020,Pleadings / Issues,2,99.0,98,98,SYNTHETIC_AUGMENTED
COHORT_0987,DELHI_DC_01,WP_C,WRIT_GENERAL,2020,Summons / Appearance,3,328,328,328,SYNTHETIC_AUGMENTED
COHORT_0988,DELHI_DC_01,WP_C,WRIT_GENERAL,2022,Filing / Registration,2,18.5,11,11,SYNTHETIC_AUGMENTED
COHORT_0989,DELHI_DC_01,WP_C,WRIT_GENERAL,2022,Final Arguments / Judgment,1,29,29,29,SYNTHETIC_AUGMENTED
COHORT_0990,DELHI_DC_01,WP_C,WRIT_GENERAL,2022,Summons / Appearance,5,124,155,155,SYNTHETIC_AUGMENTED
COHORT_0991,DELHI_DC_01,WP_C,WRIT_GENERAL,2024,Evidence / Argument,1,166,166,166,SYNTHETIC_AUGMENTED
COHORT_0992,DELHI_DC_01,WP_C,WRIT_GENERAL,2024,Pleadings / Issues,1,93,93,93,SYNTHETIC_AUGMENTED
COHORT_0993,DELHI_DC_01,WP_C,WRIT_GENERAL,2024,Summons / Appearance,2,145.5,75,75,SYNTHETIC_AUGMENTED
COHORT_0994,DELHI_DC_02,BA,BAIL_GENERAL,2018,Pleadings / Issues,1,58,58,58,SYNTHETIC_AUGMENTED
COHORT_0995,DELHI_DC_02,BA,BAIL_GENERAL,2018,Summons / Appearance,1,205,205,205,SYNTHETIC_AUGMENTED
COHORT_0996,DELHI_DC_02,BA,BAIL_GENERAL,2020,Evidence / Argument,2,288.0,269,269,SYNTHETIC_AUGMENTED
COHORT_0997,DELHI_DC_02,BA,BAIL_GENERAL,2020,Filing / Registration,1,29,29,29,SYNTHETIC_AUGMENTED
COHORT_0998,DELHI_DC_02,BA,BAIL_GENERAL,2020,Final Arguments / Judgment,1,61,61,61,SYNTHETIC_AUGMENTED
COHORT_0999,DELHI_DC_02,BA,BAIL_GENERAL,2020,Pleadings / Issues,1,92,92,92,SYNTHETIC_AUGMENTED
COHORT_1000,DELHI_DC_02,BA,BAIL_GENERAL,2020,Summons / Appearance,1,35,35,35,SYNTHETIC_AUGMENTED
COHORT_1001,DELHI_DC_02,BA,BAIL_GENERAL,2022,Evidence / Argument,8,143.5,188,214,SYNTHETIC_AUGMENTED
COHORT_1002,DELHI_DC_02,BA,BAIL_GENERAL,2022,Filing / Registration,2,31.5,16,16,SYNTHETIC_AUGMENTED
COHORT_1003,DELHI_DC_02,BA,BAIL_GENERAL,2022,Final Arguments / Judgment,2,62.5,48,48,SYNTHETIC_AUGMENTED
COHORT_1004,DELHI_DC_02,BA,BAIL_GENERAL,2022,Pleadings / Issues,2,115.0,90,90,SYNTHETIC_AUGMENTED
COHORT_1005,DELHI_DC_02,BA,BAIL_GENERAL,2022,Summons / Appearance,7,202,263,295,SYNTHETIC_AUGMENTED
COHORT_1006,DELHI_DC_02,BA,BAIL_GENERAL,2024,Evidence / Argument,2,207.0,205,205,SYNTHETIC_AUGMENTED
COHORT_1007,DELHI_DC_02,BA,BAIL_GENERAL,2024,Pleadings / Issues,3,87,87,87,SYNTHETIC_AUGMENTED
COHORT_1008,DELHI_DC_02,BA,BAIL_GENERAL,2024,Summons / Appearance,6,161.5,236,313,SYNTHETIC_AUGMENTED
COHORT_1009,DELHI_DC_02,CRL_A,CRIMINAL_APPEAL,2018,Filing / Registration,1,31,31,31,SYNTHETIC_AUGMENTED
COHORT_1010,DELHI_DC_02,CRL_A,CRIMINAL_APPEAL,2018,Final Arguments / Judgment,1,49,49,49,SYNTHETIC_AUGMENTED
COHORT_1011,DELHI_DC_02,CRL_A,CRIMINAL_APPEAL,2018,Pleadings / Issues,1,149,149,149,SYNTHETIC_AUGMENTED
COHORT_1012,DELHI_DC_02,CRL_A,CRIMINAL_APPEAL,2018,Summons / Appearance,3,90,90,90,SYNTHETIC_AUGMENTED
COHORT_1013,DELHI_DC_02,CRL_A,CRIMINAL_APPEAL,2020,Filing / Registration,3,13,13,13,SYNTHETIC_AUGMENTED
COHORT_1014,DELHI_DC_02,CRL_A,CRIMINAL_APPEAL,2020,Pleadings / Issues,2,65.5,51,51,SYNTHETIC_AUGMENTED
COHORT_1015,DELHI_DC_02,CRL_A,CRIMINAL_APPEAL,2020,Summons / Appearance,2,202.0,47,47,SYNTHETIC_AUGMENTED
COHORT_1016,DELHI_DC_02,CRL_A,CRIMINAL_APPEAL,2022,Evidence / Argument,4,250.5,292,292,SYNTHETIC_AUGMENTED
COHORT_1017,DELHI_DC_02,CRL_A,CRIMINAL_APPEAL,2022,Filing / Registration,3,19,19,19,SYNTHETIC_AUGMENTED
COHORT_1018,DELHI_DC_02,CRL_A,CRIMINAL_APPEAL,2022,Final Arguments / Judgment,1,44,44,44,SYNTHETIC_AUGMENTED
COHORT_1019,DELHI_DC_02,CRL_A,CRIMINAL_APPEAL,2022,Pleadings / Issues,4,91.0,100,100,SYNTHETIC_AUGMENTED
COHORT_1020,DELHI_DC_02,CRL_A,CRIMINAL_APPEAL,2022,Summons / Appearance,4,184.5,229,229,SYNTHETIC_AUGMENTED
COHORT_1021,DELHI_DC_02,CRL_A,CRIMINAL_APPEAL,2024,Evidence / Argument,1,56,56,56,SYNTHETIC_AUGMENTED
COHORT_1022,DELHI_DC_02,CRL_A,CRIMINAL_APPEAL,2024,Filing / Registration,1,14,14,14,SYNTHETIC_AUGMENTED
COHORT_1023,DELHI_DC_02,CRL_A,CRIMINAL_APPEAL,2024,Final Arguments / Judgment,2,48.0,42,42,SYNTHETIC_AUGMENTED
COHORT_1024,DELHI_DC_02,CRL_A,CRIMINAL_APPEAL,2024,Pleadings / Issues,2,65.0,37,37,SYNTHETIC_AUGMENTED
COHORT_1025,DELHI_DC_02,CRL_A,CRIMINAL_APPEAL,2024,Summons / Appearance,2,97.0,31,31,SYNTHETIC_AUGMENTED
COHORT_1026,DELHI_DC_02,CS,CPC_GENERAL,2018,Evidence / Argument,1,243,243,243,SYNTHETIC_AUGMENTED
COHORT_1027,DELHI_DC_02,CS,CPC_GENERAL,2018,Final Arguments / Judgment,1,21,21,21,SYNTHETIC_AUGMENTED
COHORT_1028,DELHI_DC_02,CS,CPC_GENERAL,2018,Summons / Appearance,2,291.5,259,259,SYNTHETIC_AUGMENTED
COHORT_1029,DELHI_DC_02,CS,CPC_GENERAL,2020,Evidence / Argument,5,197,210,210,SYNTHETIC_AUGMENTED
COHORT_1030,DELHI_DC_02,CS,CPC_GENERAL,2020,Filing / Registration,1,17,17,17,SYNTHETIC_AUGMENTED
COHORT_1031,DELHI_DC_02,CS,CPC_GENERAL,2020,Summons / Appearance,6,75.0,75,80,SYNTHETIC_AUGMENTED
COHORT_1032,DELHI_DC_02,CS,CPC_GENERAL,2022,Evidence / Argument,7,221,252,261,SYNTHETIC_AUGMENTED
COHORT_1033,DELHI_DC_02,CS,CPC_GENERAL,2022,Final Arguments / Judgment,5,73,106,106,SYNTHETIC_AUGMENTED
COHORT_1034,DELHI_DC_02,CS,CPC_GENERAL,2022,Pleadings / Issues,2,52.5,26,26,SYNTHETIC_AUGMENTED
COHORT_1035,DELHI_DC_02,CS,CPC_GENERAL,2022,Summons / Appearance,5,75,110,110,SYNTHETIC_AUGMENTED
COHORT_1036,DELHI_DC_02,CS,CPC_GENERAL,2024,Evidence / Argument,3,123,123,123,SYNTHETIC_AUGMENTED
COHORT_1037,DELHI_DC_02,CS,CPC_GENERAL,2024,Summons / Appearance,6,135.5,203,233,SYNTHETIC_AUGMENTED
COHORT_1038,DELHI_DC_02,MACA,MOTOR_ACCIDENT,2020,Evidence / Argument,2,148.0,141,141,SYNTHETIC_AUGMENTED
COHORT_1039,DELHI_DC_02,MACA,MOTOR_ACCIDENT,2022,Evidence / Argument,1,278,278,278,SYNTHETIC_AUGMENTED
COHORT_1040,DELHI_DC_02,MACA,MOTOR_ACCIDENT,2024,Evidence / Argument,2,138.5,82,82,SYNTHETIC_AUGMENTED
COHORT_1041,DELHI_DC_02,MACA,MOTOR_ACCIDENT,2024,Pleadings / Issues,1,39,39,39,SYNTHETIC_AUGMENTED
COHORT_1042,DELHI_DC_02,MACA,MOTOR_ACCIDENT,2024,Summons / Appearance,1,43,43,43,SYNTHETIC_AUGMENTED
COHORT_1043,DELHI_DC_02,WP_C,WRIT_GENERAL,2018,Summons / Appearance,1,159,159,159,SYNTHETIC_AUGMENTED
COHORT_1044,DELHI_DC_02,WP_C,WRIT_GENERAL,2020,Evidence / Argument,3,193,193,193,SYNTHETIC_AUGMENTED
COHORT_1045,DELHI_DC_02,WP_C,WRIT_GENERAL,2020,Filing / Registration,3,11,11,11,SYNTHETIC_AUGMENTED
COHORT_1046,DELHI_DC_02,WP_C,WRIT_GENERAL,2020,Final Arguments / Judgment,1,47,47,47,SYNTHETIC_AUGMENTED
COHORT_1047,DELHI_DC_02,WP_C,WRIT_GENERAL,2020,Pleadings / Issues,3,60,60,60,SYNTHETIC_AUGMENTED
COHORT_1048,DELHI_DC_02,WP_C,WRIT_GENERAL,2020,Summons / Appearance,2,104.0,75,75,SYNTHETIC_AUGMENTED
COHORT_1049,DELHI_DC_02,WP_C,WRIT_GENERAL,2022,Evidence / Argument,1,58,58,58,SYNTHETIC_AUGMENTED
COHORT_1050,DELHI_DC_02,WP_C,WRIT_GENERAL,2022,Filing / Registration,4,18.0,19,19,SYNTHETIC_AUGMENTED
COHORT_1051,DELHI_DC_02,WP_C,WRIT_GENERAL,2022,Pleadings / Issues,3,131,131,131,SYNTHETIC_AUGMENTED
COHORT_1052,DELHI_DC_02,WP_C,WRIT_GENERAL,2022,Summons / Appearance,5,161,164,164,SYNTHETIC_AUGMENTED
COHORT_1053,DELHI_DC_02,WP_C,WRIT_GENERAL,2024,Evidence / Argument,3,231,231,231,SYNTHETIC_AUGMENTED
COHORT_1054,DELHI_DC_02,WP_C,WRIT_GENERAL,2024,Filing / Registration,1,8,8,8,SYNTHETIC_AUGMENTED
COHORT_1055,DELHI_DC_02,WP_C,WRIT_GENERAL,2024,Final Arguments / Judgment,1,180,180,180,SYNTHETIC_AUGMENTED
COHORT_1056,DELHI_DC_02,WP_C,WRIT_GENERAL,2024,Pleadings / Issues,1,148,148,148,SYNTHETIC_AUGMENTED
COHORT_1057,DELHI_DC_02,WP_C,WRIT_GENERAL,2024,Summons / Appearance,2,144.5,104,104,SYNTHETIC_AUGMENTED
COHORT_1058,DELHI_DC_03,BA,BAIL_GENERAL,2018,Final Arguments / Judgment,1,92,92,92,SYNTHETIC_AUGMENTED
COHORT_1059,DELHI_DC_03,BA,BAIL_GENERAL,2018,Pleadings / Issues,1,163,163,163,SYNTHETIC_AUGMENTED
COHORT_1060,DELHI_DC_03,BA,BAIL_GENERAL,2018,Summons / Appearance,3,55,55,55,SYNTHETIC_AUGMENTED
COHORT_1061,DELHI_DC_03,BA,BAIL_GENERAL,2020,Evidence / Argument,2,408.0,376,376,SYNTHETIC_AUGMENTED
COHORT_1062,DELHI_DC_03,BA,BAIL_GENERAL,2020,Pleadings / Issues,2,138.0,64,64,SYNTHETIC_AUGMENTED
COHORT_1063,DELHI_DC_03,BA,BAIL_GENERAL,2020,Summons / Appearance,4,203.0,215,215,SYNTHETIC_AUGMENTED
COHORT_1064,DELHI_DC_03,BA,BAIL_GENERAL,2022,Evidence / Argument,5,185,237,237,SYNTHETIC_AUGMENTED
COHORT_1065,DELHI_DC_03,BA,BAIL_GENERAL,2022,Filing / Registration,6,22.5,23,35,SYNTHETIC_AUGMENTED
COHORT_1066,DELHI_DC_03,BA,BAIL_GENERAL,2022,Final Arguments / Judgment,2,120.0,114,114,SYNTHETIC_AUGMENTED
COHORT_1067,DELHI_DC_03,BA,BAIL_GENERAL,2022,Pleadings / Issues,1,74,74,74,SYNTHETIC_AUGMENTED
COHORT_1068,DELHI_DC_03,BA,BAIL_GENERAL,2022,Summons / Appearance,7,91,213,248,SYNTHETIC_AUGMENTED
COHORT_1069,DELHI_DC_03,BA,BAIL_GENERAL,2024,Evidence / Argument,3,243,243,243,SYNTHETIC_AUGMENTED
COHORT_1070,DELHI_DC_03,BA,BAIL_GENERAL,2024,Pleadings / Issues,4,112.0,129,129,SYNTHETIC_AUGMENTED
COHORT_1071,DELHI_DC_03,BA,BAIL_GENERAL,2024,Summons / Appearance,6,151.5,162,191,SYNTHETIC_AUGMENTED
COHORT_1072,DELHI_DC_03,CRL_A,CRIMINAL_APPEAL,2018,Summons / Appearance,1,313,313,313,SYNTHETIC_AUGMENTED
COHORT_1073,DELHI_DC_03,CRL_A,CRIMINAL_APPEAL,2020,Evidence / Argument,1,160,160,160,SYNTHETIC_AUGMENTED
COHORT_1074,DELHI_DC_03,CRL_A,CRIMINAL_APPEAL,2020,Filing / Registration,1,43,43,43,SYNTHETIC_AUGMENTED
COHORT_1075,DELHI_DC_03,CRL_A,CRIMINAL_APPEAL,2020,Final Arguments / Judgment,1,79,79,79,SYNTHETIC_AUGMENTED
COHORT_1076,DELHI_DC_03,CRL_A,CRIMINAL_APPEAL,2020,Pleadings / Issues,3,114,114,114,SYNTHETIC_AUGMENTED
COHORT_1077,DELHI_DC_03,CRL_A,CRIMINAL_APPEAL,2022,Evidence / Argument,3,223,223,223,SYNTHETIC_AUGMENTED
COHORT_1078,DELHI_DC_03,CRL_A,CRIMINAL_APPEAL,2022,Pleadings / Issues,2,96.5,87,87,SYNTHETIC_AUGMENTED
COHORT_1079,DELHI_DC_03,CRL_A,CRIMINAL_APPEAL,2022,Summons / Appearance,1,70,70,70,SYNTHETIC_AUGMENTED
COHORT_1080,DELHI_DC_03,CRL_A,CRIMINAL_APPEAL,2024,Filing / Registration,1,15,15,15,SYNTHETIC_AUGMENTED
COHORT_1081,DELHI_DC_03,CRL_A,CRIMINAL_APPEAL,2024,Pleadings / Issues,1,83,83,83,SYNTHETIC_AUGMENTED
COHORT_1082,DELHI_DC_03,CRL_A,CRIMINAL_APPEAL,2024,Summons / Appearance,2,150.0,61,61,SYNTHETIC_AUGMENTED
COHORT_1083,DELHI_DC_03,CS,CPC_GENERAL,2018,Summons / Appearance,1,400,400,400,SYNTHETIC_AUGMENTED
COHORT_1084,DELHI_DC_03,CS,CPC_GENERAL,2020,Evidence / Argument,2,268.0,139,139,SYNTHETIC_AUGMENTED
COHORT_1085,DELHI_DC_03,CS,CPC_GENERAL,2020,Final Arguments / Judgment,1,65,65,65,SYNTHETIC_AUGMENTED
COHORT_1086,DELHI_DC_03,CS,CPC_GENERAL,2020,Pleadings / Issues,2,210.0,171,171,SYNTHETIC_AUGMENTED
COHORT_1087,DELHI_DC_03,CS,CPC_GENERAL,2020,Summons / Appearance,1,348,348,348,SYNTHETIC_AUGMENTED
COHORT_1088,DELHI_DC_03,CS,CPC_GENERAL,2022,Evidence / Argument,5,159,232,232,SYNTHETIC_AUGMENTED
COHORT_1089,DELHI_DC_03,CS,CPC_GENERAL,2022,Filing / Registration,1,32,32,32,SYNTHETIC_AUGMENTED
COHORT_1090,DELHI_DC_03,CS,CPC_GENERAL,2022,Final Arguments / Judgment,5,81,85,85,SYNTHETIC_AUGMENTED
COHORT_1091,DELHI_DC_03,CS,CPC_GENERAL,2022,Pleadings / Issues,4,95.5,100,100,SYNTHETIC_AUGMENTED
COHORT_1092,DELHI_DC_03,CS,CPC_GENERAL,2022,Summons / Appearance,3,69,69,69,SYNTHETIC_AUGMENTED
COHORT_1093,DELHI_DC_03,CS,CPC_GENERAL,2024,Pleadings / Issues,1,84,84,84,SYNTHETIC_AUGMENTED
COHORT_1094,DELHI_DC_03,CS,CPC_GENERAL,2024,Summons / Appearance,2,246.5,99,99,SYNTHETIC_AUGMENTED
COHORT_1095,DELHI_DC_03,MACA,MOTOR_ACCIDENT,2018,Pleadings / Issues,2,63.0,13,13,SYNTHETIC_AUGMENTED
COHORT_1096,DELHI_DC_03,MACA,MOTOR_ACCIDENT,2020,Evidence / Argument,1,107,107,107,SYNTHETIC_AUGMENTED
COHORT_1097,DELHI_DC_03,MACA,MOTOR_ACCIDENT,2020,Summons / Appearance,2,141.0,35,35,SYNTHETIC_AUGMENTED
COHORT_1098,DELHI_DC_03,MACA,MOTOR_ACCIDENT,2022,Evidence / Argument,1,101,101,101,SYNTHETIC_AUGMENTED
COHORT_1099,DELHI_DC_03,MACA,MOTOR_ACCIDENT,2022,Filing / Registration,1,17,17,17,SYNTHETIC_AUGMENTED
COHORT_1100,DELHI_DC_03,MACA,MOTOR_ACCIDENT,2022,Summons / Appearance,1,103,103,103,SYNTHETIC_AUGMENTED
COHORT_1101,DELHI_DC_03,MACA,MOTOR_ACCIDENT,2024,Evidence / Argument,1,212,212,212,SYNTHETIC_AUGMENTED
COHORT_1102,DELHI_DC_03,MACA,MOTOR_ACCIDENT,2024,Summons / Appearance,1,259,259,259,SYNTHETIC_AUGMENTED
COHORT_1103,DELHI_DC_03,WP_C,WRIT_GENERAL,2018,Final Arguments / Judgment,1,98,98,98,SYNTHETIC_AUGMENTED
COHORT_1104,DELHI_DC_03,WP_C,WRIT_GENERAL,2020,Evidence / Argument,4,228.5,295,295,SYNTHETIC_AUGMENTED
COHORT_1105,DELHI_DC_03,WP_C,WRIT_GENERAL,2020,Filing / Registration,1,25,25,25,SYNTHETIC_AUGMENTED
COHORT_1106,DELHI_DC_03,WP_C,WRIT_GENERAL,2020,Final Arguments / Judgment,1,44,44,44,SYNTHETIC_AUGMENTED
COHORT_1107,DELHI_DC_03,WP_C,WRIT_GENERAL,2020,Pleadings / Issues,1,113,113,113,SYNTHETIC_AUGMENTED
COHORT_1108,DELHI_DC_03,WP_C,WRIT_GENERAL,2020,Summons / Appearance,2,79.0,69,69,SYNTHETIC_AUGMENTED
COHORT_1109,DELHI_DC_03,WP_C,WRIT_GENERAL,2022,Evidence / Argument,1,216,216,216,SYNTHETIC_AUGMENTED
COHORT_1110,DELHI_DC_03,WP_C,WRIT_GENERAL,2022,Final Arguments / Judgment,3,79,79,79,SYNTHETIC_AUGMENTED
COHORT_1111,DELHI_DC_03,WP_C,WRIT_GENERAL,2022,Pleadings / Issues,5,105,119,119,SYNTHETIC_AUGMENTED
COHORT_1112,DELHI_DC_03,WP_C,WRIT_GENERAL,2022,Summons / Appearance,6,159.5,164,306,SYNTHETIC_AUGMENTED
COHORT_1113,DELHI_DC_03,WP_C,WRIT_GENERAL,2024,Evidence / Argument,1,103,103,103,SYNTHETIC_AUGMENTED
COHORT_1114,DELHI_DC_03,WP_C,WRIT_GENERAL,2024,Pleadings / Issues,1,102,102,102,SYNTHETIC_AUGMENTED
COHORT_1115,DELHI_DC_03,WP_C,WRIT_GENERAL,2024,Summons / Appearance,1,313,313,313,SYNTHETIC_AUGMENTED
COHORT_1116,DELHI_DC_04,BA,BAIL_GENERAL,2018,Evidence / Argument,1,206,206,206,SYNTHETIC_AUGMENTED
COHORT_1117,DELHI_DC_04,BA,BAIL_GENERAL,2018,Pleadings / Issues,2,113.5,65,65,SYNTHETIC_AUGMENTED
COHORT_1118,DELHI_DC_04,BA,BAIL_GENERAL,2018,Summons / Appearance,1,120,120,120,SYNTHETIC_AUGMENTED
COHORT_1119,DELHI_DC_04,BA,BAIL_GENERAL,2020,Evidence / Argument,6,181.0,190,196,SYNTHETIC_AUGMENTED
COHORT_1120,DELHI_DC_04,BA,BAIL_GENERAL,2020,Filing / Registration,2,14.5,13,13,SYNTHETIC_AUGMENTED
COHORT_1121,DELHI_DC_04,BA,BAIL_GENERAL,2020,Pleadings / Issues,1,105,105,105,SYNTHETIC_AUGMENTED
COHORT_1122,DELHI_DC_04,BA,BAIL_GENERAL,2020,Summons / Appearance,3,78,78,78,SYNTHETIC_AUGMENTED
COHORT_1123,DELHI_DC_04,BA,BAIL_GENERAL,2022,Evidence / Argument,8,200.5,334,376,SYNTHETIC_AUGMENTED
COHORT_1124,DELHI_DC_04,BA,BAIL_GENERAL,2022,Final Arguments / Judgment,3,66,66,66,SYNTHETIC_AUGMENTED
COHORT_1125,DELHI_DC_04,BA,BAIL_GENERAL,2022,Pleadings / Issues,5,71,73,73,SYNTHETIC_AUGMENTED
COHORT_1126,DELHI_DC_04,BA,BAIL_GENERAL,2022,Summons / Appearance,7,69,71,123,SYNTHETIC_AUGMENTED
COHORT_1127,DELHI_DC_04,BA,BAIL_GENERAL,2024,Evidence / Argument,4,183.0,204,204,SYNTHETIC_AUGMENTED
COHORT_1128,DELHI_DC_04,BA,BAIL_GENERAL,2024,Filing / Registration,2,43.5,37,37,SYNTHETIC_AUGMENTED
COHORT_1129,DELHI_DC_04,BA,BAIL_GENERAL,2024,Final Arguments / Judgment,1,60,60,60,SYNTHETIC_AUGMENTED
COHORT_1130,DELHI_DC_04,BA,BAIL_GENERAL,2024,Pleadings / Issues,7,77,96,143,SYNTHETIC_AUGMENTED
COHORT_1131,DELHI_DC_04,BA,BAIL_GENERAL,2024,Summons / Appearance,3,214,214,214,SYNTHETIC_AUGMENTED
COHORT_1132,DELHI_DC_04,CRL_A,CRIMINAL_APPEAL,2018,Evidence / Argument,1,5,5,5,SYNTHETIC_AUGMENTED
COHORT_1133,DELHI_DC_04,CRL_A,CRIMINAL_APPEAL,2018,Pleadings / Issues,1,81,81,81,SYNTHETIC_AUGMENTED
COHORT_1134,DELHI_DC_04,CRL_A,CRIMINAL_APPEAL,2018,Summons / Appearance,3,180,180,180,SYNTHETIC_AUGMENTED
COHORT_1135,DELHI_DC_04,CRL_A,CRIMINAL_APPEAL,2020,Evidence / Argument,1,174,174,174,SYNTHETIC_AUGMENTED
COHORT_1136,DELHI_DC_04,CRL_A,CRIMINAL_APPEAL,2020,Final Arguments / Judgment,1,197,197,197,SYNTHETIC_AUGMENTED
COHORT_1137,DELHI_DC_04,CRL_A,CRIMINAL_APPEAL,2020,Summons / Appearance,7,178,194,223,SYNTHETIC_AUGMENTED
COHORT_1138,DELHI_DC_04,CRL_A,CRIMINAL_APPEAL,2022,Evidence / Argument,2,148.0,122,122,SYNTHETIC_AUGMENTED
COHORT_1139,DELHI_DC_04,CRL_A,CRIMINAL_APPEAL,2022,Filing / Registration,4,16.0,19,19,SYNTHETIC_AUGMENTED
COHORT_1140,DELHI_DC_04,CRL_A,CRIMINAL_APPEAL,2022,Final Arguments / Judgment,2,75.5,50,50,SYNTHETIC_AUGMENTED
COHORT_1141,DELHI_DC_04,CRL_A,CRIMINAL_APPEAL,2022,Pleadings / Issues,4,180.5,222,222,SYNTHETIC_AUGMENTED
COHORT_1142,DELHI_DC_04,CRL_A,CRIMINAL_APPEAL,2022,Summons / Appearance,3,305,305,305,SYNTHETIC_AUGMENTED
COHORT_1143,DELHI_DC_04,CRL_A,CRIMINAL_APPEAL,2024,Evidence / Argument,2,235.0,183,183,SYNTHETIC_AUGMENTED
COHORT_1144,DELHI_DC_04,CRL_A,CRIMINAL_APPEAL,2024,Final Arguments / Judgment,2,48.5,37,37,SYNTHETIC_AUGMENTED
COHORT_1145,DELHI_DC_04,CRL_A,CRIMINAL_APPEAL,2024,Pleadings / Issues,1,232,232,232,SYNTHETIC_AUGMENTED
COHORT_1146,DELHI_DC_04,CRL_A,CRIMINAL_APPEAL,2024,Summons / Appearance,4,269.5,288,288,SYNTHETIC_AUGMENTED
COHORT_1147,DELHI_DC_04,CS,CPC_GENERAL,2018,Summons / Appearance,2,89.5,14,14,SYNTHETIC_AUGMENTED
COHORT_1148,DELHI_DC_04,CS,CPC_GENERAL,2020,Evidence / Argument,2,422.0,363,363,SYNTHETIC_AUGMENTED
COHORT_1149,DELHI_DC_04,CS,CPC_GENERAL,2020,Filing / Registration,2,17.5,17,17,SYNTHETIC_AUGMENTED
COHORT_1150,DELHI_DC_04,CS,CPC_GENERAL,2020,Final Arguments / Judgment,2,48.5,45,45,SYNTHETIC_AUGMENTED
COHORT_1151,DELHI_DC_04,CS,CPC_GENERAL,2020,Pleadings / Issues,6,111.0,121,282,SYNTHETIC_AUGMENTED
COHORT_1152,DELHI_DC_04,CS,CPC_GENERAL,2020,Summons / Appearance,1,66,66,66,SYNTHETIC_AUGMENTED
COHORT_1153,DELHI_DC_04,CS,CPC_GENERAL,2022,Evidence / Argument,4,173.5,227,227,SYNTHETIC_AUGMENTED
COHORT_1154,DELHI_DC_04,CS,CPC_GENERAL,2022,Filing / Registration,2,16.5,15,15,SYNTHETIC_AUGMENTED
COHORT_1155,DELHI_DC_04,CS,CPC_GENERAL,2022,Final Arguments / Judgment,1,56,56,56,SYNTHETIC_AUGMENTED
COHORT_1156,DELHI_DC_04,CS,CPC_GENERAL,2022,Pleadings / Issues,7,108,108,117,SYNTHETIC_AUGMENTED
COHORT_1157,DELHI_DC_04,CS,CPC_GENERAL,2022,Summons / Appearance,7,118,167,239,SYNTHETIC_AUGMENTED
COHORT_1158,DELHI_DC_04,CS,CPC_GENERAL,2024,Evidence / Argument,4,282.5,293,293,SYNTHETIC_AUGMENTED
COHORT_1159,DELHI_DC_04,CS,CPC_GENERAL,2024,Filing / Registration,1,10,10,10,SYNTHETIC_AUGMENTED
COHORT_1160,DELHI_DC_04,CS,CPC_GENERAL,2024,Final Arguments / Judgment,1,77,77,77,SYNTHETIC_AUGMENTED
COHORT_1161,DELHI_DC_04,CS,CPC_GENERAL,2024,Pleadings / Issues,2,113.0,102,102,SYNTHETIC_AUGMENTED
COHORT_1162,DELHI_DC_04,CS,CPC_GENERAL,2024,Summons / Appearance,6,81.5,106,173,SYNTHETIC_AUGMENTED
COHORT_1163,DELHI_DC_04,MACA,MOTOR_ACCIDENT,2020,Pleadings / Issues,3,95,95,95,SYNTHETIC_AUGMENTED
COHORT_1164,DELHI_DC_04,MACA,MOTOR_ACCIDENT,2020,Summons / Appearance,1,221,221,221,SYNTHETIC_AUGMENTED
COHORT_1165,DELHI_DC_04,MACA,MOTOR_ACCIDENT,2022,Evidence / Argument,1,87,87,87,SYNTHETIC_AUGMENTED
COHORT_1166,DELHI_DC_04,MACA,MOTOR_ACCIDENT,2022,Filing / Registration,2,13.5,8,8,SYNTHETIC_AUGMENTED
COHORT_1167,DELHI_DC_04,MACA,MOTOR_ACCIDENT,2022,Summons / Appearance,1,108,108,108,SYNTHETIC_AUGMENTED
COHORT_1168,DELHI_DC_04,MACA,MOTOR_ACCIDENT,2024,Final Arguments / Judgment,1,84,84,84,SYNTHETIC_AUGMENTED
COHORT_1169,DELHI_DC_04,MACA,MOTOR_ACCIDENT,2024,Pleadings / Issues,1,109,109,109,SYNTHETIC_AUGMENTED
COHORT_1170,DELHI_DC_04,MACA,MOTOR_ACCIDENT,2024,Summons / Appearance,1,84,84,84,SYNTHETIC_AUGMENTED
COHORT_1171,DELHI_DC_04,WP_C,WRIT_GENERAL,2018,Evidence / Argument,1,138,138,138,SYNTHETIC_AUGMENTED
COHORT_1172,DELHI_DC_04,WP_C,WRIT_GENERAL,2018,Summons / Appearance,1,69,69,69,SYNTHETIC_AUGMENTED
COHORT_1173,DELHI_DC_04,WP_C,WRIT_GENERAL,2020,Evidence / Argument,2,189.0,155,155,SYNTHETIC_AUGMENTED
COHORT_1174,DELHI_DC_04,WP_C,WRIT_GENERAL,2020,Filing / Registration,1,47,47,47,SYNTHETIC_AUGMENTED
COHORT_1175,DELHI_DC_04,WP_C,WRIT_GENERAL,2020,Final Arguments / Judgment,1,70,70,70,SYNTHETIC_AUGMENTED
COHORT_1176,DELHI_DC_04,WP_C,WRIT_GENERAL,2020,Pleadings / Issues,1,69,69,69,SYNTHETIC_AUGMENTED
COHORT_1177,DELHI_DC_04,WP_C,WRIT_GENERAL,2022,Evidence / Argument,2,144.5,130,130,SYNTHETIC_AUGMENTED
COHORT_1178,DELHI_DC_04,WP_C,WRIT_GENERAL,2022,Filing / Registration,2,30.0,20,20,SYNTHETIC_AUGMENTED
COHORT_1179,DELHI_DC_04,WP_C,WRIT_GENERAL,2022,Final Arguments / Judgment,2,70.5,11,11,SYNTHETIC_AUGMENTED
COHORT_1180,DELHI_DC_04,WP_C,WRIT_GENERAL,2022,Pleadings / Issues,5,114,120,120,SYNTHETIC_AUGMENTED
COHORT_1181,DELHI_DC_04,WP_C,WRIT_GENERAL,2022,Summons / Appearance,4,148.5,229,229,SYNTHETIC_AUGMENTED
COHORT_1182,DELHI_DC_04,WP_C,WRIT_GENERAL,2024,Evidence / Argument,1,119,119,119,SYNTHETIC_AUGMENTED
COHORT_1183,DELHI_DC_04,WP_C,WRIT_GENERAL,2024,Filing / Registration,1,14,14,14,SYNTHETIC_AUGMENTED
COHORT_1184,DELHI_DC_04,WP_C,WRIT_GENERAL,2024,Final Arguments / Judgment,1,75,75,75,SYNTHETIC_AUGMENTED
COHORT_1185,DELHI_DC_04,WP_C,WRIT_GENERAL,2024,Pleadings / Issues,1,128,128,128,SYNTHETIC_AUGMENTED
COHORT_1186,DELHI_DC_04,WP_C,WRIT_GENERAL,2024,Summons / Appearance,1,46,46,46,SYNTHETIC_AUGMENTED
COHORT_1187,DELHI_DC_05,BA,BAIL_GENERAL,2018,Evidence / Argument,1,342,342,342,SYNTHETIC_AUGMENTED
COHORT_1188,DELHI_DC_05,BA,BAIL_GENERAL,2018,Final Arguments / Judgment,1,91,91,91,SYNTHETIC_AUGMENTED
COHORT_1189,DELHI_DC_05,BA,BAIL_GENERAL,2018,Pleadings / Issues,1,96,96,96,SYNTHETIC_AUGMENTED
COHORT_1190,DELHI_DC_05,BA,BAIL_GENERAL,2018,Summons / Appearance,2,38.0,32,32,SYNTHETIC_AUGMENTED
COHORT_1191,DELHI_DC_05,BA,BAIL_GENERAL,2020,Evidence / Argument,6,212.0,239,264,SYNTHETIC_AUGMENTED
COHORT_1192,DELHI_DC_05,BA,BAIL_GENERAL,2020,Filing / Registration,1,19,19,19,SYNTHETIC_AUGMENTED
COHORT_1193,DELHI_DC_05,BA,BAIL_GENERAL,2020,Final Arguments / Judgment,4,96.5,149,149,SYNTHETIC_AUGMENTED
COHORT_1194,DELHI_DC_05,BA,BAIL_GENERAL,2020,Pleadings / Issues,2,174.0,107,107,SYNTHETIC_AUGMENTED
COHORT_1195,DELHI_DC_05,BA,BAIL_GENERAL,2020,Summons / Appearance,3,121,121,121,SYNTHETIC_AUGMENTED
COHORT_1196,DELHI_DC_05,BA,BAIL_GENERAL,2022,Evidence / Argument,2,157.5,122,122,SYNTHETIC_AUGMENTED
COHORT_1197,DELHI_DC_05,BA,BAIL_GENERAL,2022,Filing / Registration,1,7,7,7,SYNTHETIC_AUGMENTED
COHORT_1198,DELHI_DC_05,BA,BAIL_GENERAL,2022,Final Arguments / Judgment,4,57.0,64,64,SYNTHETIC_AUGMENTED
COHORT_1199,DELHI_DC_05,BA,BAIL_GENERAL,2022,Pleadings / Issues,4,103.0,128,128,SYNTHETIC_AUGMENTED
COHORT_1200,DELHI_DC_05,BA,BAIL_GENERAL,2022,Summons / Appearance,7,74,145,233,SYNTHETIC_AUGMENTED
COHORT_1201,DELHI_DC_05,BA,BAIL_GENERAL,2024,Evidence / Argument,1,105,105,105,SYNTHETIC_AUGMENTED
COHORT_1202,DELHI_DC_05,BA,BAIL_GENERAL,2024,Filing / Registration,1,51,51,51,SYNTHETIC_AUGMENTED
COHORT_1203,DELHI_DC_05,BA,BAIL_GENERAL,2024,Final Arguments / Judgment,1,56,56,56,SYNTHETIC_AUGMENTED
COHORT_1204,DELHI_DC_05,BA,BAIL_GENERAL,2024,Pleadings / Issues,1,238,238,238,SYNTHETIC_AUGMENTED
COHORT_1205,DELHI_DC_05,BA,BAIL_GENERAL,2024,Summons / Appearance,2,99.5,99,99,SYNTHETIC_AUGMENTED
COHORT_1206,DELHI_DC_05,CRL_A,CRIMINAL_APPEAL,2018,Filing / Registration,1,31,31,31,SYNTHETIC_AUGMENTED
COHORT_1207,DELHI_DC_05,CRL_A,CRIMINAL_APPEAL,2018,Summons / Appearance,1,69,69,69,SYNTHETIC_AUGMENTED
COHORT_1208,DELHI_DC_05,CRL_A,CRIMINAL_APPEAL,2020,Evidence / Argument,2,423.0,416,416,SYNTHETIC_AUGMENTED
COHORT_1209,DELHI_DC_05,CRL_A,CRIMINAL_APPEAL,2020,Pleadings / Issues,1,138,138,138,SYNTHETIC_AUGMENTED
COHORT_1210,DELHI_DC_05,CRL_A,CRIMINAL_APPEAL,2020,Summons / Appearance,4,184.0,274,274,SYNTHETIC_AUGMENTED
COHORT_1211,DELHI_DC_05,CRL_A,CRIMINAL_APPEAL,2022,Evidence / Argument,4,86.0,94,94,SYNTHETIC_AUGMENTED
COHORT_1212,DELHI_DC_05,CRL_A,CRIMINAL_APPEAL,2022,Filing / Registration,2,30.5,13,13,SYNTHETIC_AUGMENTED
COHORT_1213,DELHI_DC_05,CRL_A,CRIMINAL_APPEAL,2022,Final Arguments / Judgment,1,176,176,176,SYNTHETIC_AUGMENTED
COHORT_1214,DELHI_DC_05,CRL_A,CRIMINAL_APPEAL,2022,Pleadings / Issues,1,117,117,117,SYNTHETIC_AUGMENTED
COHORT_1215,DELHI_DC_05,CRL_A,CRIMINAL_APPEAL,2022,Summons / Appearance,5,128,261,261,SYNTHETIC_AUGMENTED
COHORT_1216,DELHI_DC_05,CRL_A,CRIMINAL_APPEAL,2024,Final Arguments / Judgment,1,55,55,55,SYNTHETIC_AUGMENTED
COHORT_1217,DELHI_DC_05,CRL_A,CRIMINAL_APPEAL,2024,Summons / Appearance,1,121,121,121,SYNTHETIC_AUGMENTED
COHORT_1218,DELHI_DC_05,CS,CPC_GENERAL,2018,Filing / Registration,1,17,17,17,SYNTHETIC_AUGMENTED
COHORT_1219,DELHI_DC_05,CS,CPC_GENERAL,2020,Evidence / Argument,4,158.5,212,212,SYNTHETIC_AUGMENTED
COHORT_1220,DELHI_DC_05,CS,CPC_GENERAL,2020,Final Arguments / Judgment,1,49,49,49,SYNTHETIC_AUGMENTED
COHORT_1221,DELHI_DC_05,CS,CPC_GENERAL,2020,Pleadings / Issues,4,141.5,174,174,SYNTHETIC_AUGMENTED
COHORT_1222,DELHI_DC_05,CS,CPC_GENERAL,2020,Summons / Appearance,2,126.0,63,63,SYNTHETIC_AUGMENTED
COHORT_1223,DELHI_DC_05,CS,CPC_GENERAL,2022,Evidence / Argument,7,113,156,273,SYNTHETIC_AUGMENTED
COHORT_1224,DELHI_DC_05,CS,CPC_GENERAL,2022,Final Arguments / Judgment,1,52,52,52,SYNTHETIC_AUGMENTED
COHORT_1225,DELHI_DC_05,CS,CPC_GENERAL,2022,Pleadings / Issues,3,114,114,114,SYNTHETIC_AUGMENTED
COHORT_1226,DELHI_DC_05,CS,CPC_GENERAL,2022,Summons / Appearance,8,116.5,189,228,SYNTHETIC_AUGMENTED
COHORT_1227,DELHI_DC_05,CS,CPC_GENERAL,2024,Final Arguments / Judgment,3,29,29,29,SYNTHETIC_AUGMENTED
COHORT_1228,DELHI_DC_05,CS,CPC_GENERAL,2024,Pleadings / Issues,2,133.0,111,111,SYNTHETIC_AUGMENTED
COHORT_1229,DELHI_DC_05,CS,CPC_GENERAL,2024,Summons / Appearance,2,85.5,73,73,SYNTHETIC_AUGMENTED
COHORT_1230,DELHI_DC_05,MACA,MOTOR_ACCIDENT,2020,Summons / Appearance,2,168.5,46,46,SYNTHETIC_AUGMENTED
COHORT_1231,DELHI_DC_05,MACA,MOTOR_ACCIDENT,2022,Pleadings / Issues,1,172,172,172,SYNTHETIC_AUGMENTED
COHORT_1232,DELHI_DC_05,MACA,MOTOR_ACCIDENT,2022,Summons / Appearance,1,174,174,174,SYNTHETIC_AUGMENTED
COHORT_1233,DELHI_DC_05,MACA,MOTOR_ACCIDENT,2024,Pleadings / Issues,1,311,311,311,SYNTHETIC_AUGMENTED
COHORT_1234,DELHI_DC_05,WP_C,WRIT_GENERAL,2018,Pleadings / Issues,1,108,108,108,SYNTHETIC_AUGMENTED
COHORT_1235,DELHI_DC_05,WP_C,WRIT_GENERAL,2020,Evidence / Argument,1,224,224,224,SYNTHETIC_AUGMENTED
COHORT_1236,DELHI_DC_05,WP_C,WRIT_GENERAL,2020,Filing / Registration,2,29.5,18,18,SYNTHETIC_AUGMENTED
COHORT_1237,DELHI_DC_05,WP_C,WRIT_GENERAL,2020,Pleadings / Issues,3,77,77,77,SYNTHETIC_AUGMENTED
COHORT_1238,DELHI_DC_05,WP_C,WRIT_GENERAL,2020,Summons / Appearance,2,115.0,104,104,SYNTHETIC_AUGMENTED
COHORT_1239,DELHI_DC_05,WP_C,WRIT_GENERAL,2022,Evidence / Argument,4,290.5,329,329,SYNTHETIC_AUGMENTED
COHORT_1240,DELHI_DC_05,WP_C,WRIT_GENERAL,2022,Final Arguments / Judgment,3,59,59,59,SYNTHETIC_AUGMENTED
COHORT_1241,DELHI_DC_05,WP_C,WRIT_GENERAL,2022,Pleadings / Issues,2,101.5,80,80,SYNTHETIC_AUGMENTED
COHORT_1242,DELHI_DC_05,WP_C,WRIT_GENERAL,2022,Summons / Appearance,4,78.5,93,93,SYNTHETIC_AUGMENTED
COHORT_1243,DELHI_DC_05,WP_C,WRIT_GENERAL,2024,Evidence / Argument,6,161.0,167,240,SYNTHETIC_AUGMENTED
COHORT_1244,DELHI_DC_05,WP_C,WRIT_GENERAL,2024,Final Arguments / Judgment,3,65,65,65,SYNTHETIC_AUGMENTED
COHORT_1245,DELHI_DC_05,WP_C,WRIT_GENERAL,2024,Summons / Appearance,3,68,68,68,SYNTHETIC_AUGMENTED
COHORT_1246,GUJARA_DC_01,BA,BAIL_GENERAL,2018,Final Arguments / Judgment,1,56,56,56,SYNTHETIC_AUGMENTED
COHORT_1247,GUJARA_DC_01,BA,BAIL_GENERAL,2020,Evidence / Argument,1,60,60,60,SYNTHETIC_AUGMENTED
COHORT_1248,GUJARA_DC_01,BA,BAIL_GENERAL,2020,Summons / Appearance,2,246.0,113,113,SYNTHETIC_AUGMENTED
COHORT_1249,GUJARA_DC_01,BA,BAIL_GENERAL,2022,Evidence / Argument,1,188,188,188,SYNTHETIC_AUGMENTED
COHORT_1250,GUJARA_DC_01,BA,BAIL_GENERAL,2022,Filing / Registration,1,13,13,13,SYNTHETIC_AUGMENTED
COHORT_1251,GUJARA_DC_01,BA,BAIL_GENERAL,2022,Final Arguments / Judgment,1,87,87,87,SYNTHETIC_AUGMENTED
COHORT_1252,GUJARA_DC_01,BA,BAIL_GENERAL,2022,Pleadings / Issues,2,81.5,58,58,SYNTHETIC_AUGMENTED
COHORT_1253,GUJARA_DC_01,BA,BAIL_GENERAL,2022,Summons / Appearance,2,112.5,55,55,SYNTHETIC_AUGMENTED
COHORT_1254,GUJARA_DC_01,BA,BAIL_GENERAL,2024,Evidence / Argument,1,192,192,192,SYNTHETIC_AUGMENTED
COHORT_1255,GUJARA_DC_01,BA,BAIL_GENERAL,2024,Final Arguments / Judgment,3,200,200,200,SYNTHETIC_AUGMENTED
COHORT_1256,GUJARA_DC_01,CRL_A,CRIMINAL_APPEAL,2020,Pleadings / Issues,1,63,63,63,SYNTHETIC_AUGMENTED
COHORT_1257,GUJARA_DC_01,CRL_A,CRIMINAL_APPEAL,2022,Evidence / Argument,1,483,483,483,SYNTHETIC_AUGMENTED
COHORT_1258,GUJARA_DC_01,CRL_A,CRIMINAL_APPEAL,2022,Pleadings / Issues,1,95,95,95,SYNTHETIC_AUGMENTED
COHORT_1259,GUJARA_DC_01,CRL_A,CRIMINAL_APPEAL,2022,Summons / Appearance,3,27,27,27,SYNTHETIC_AUGMENTED
COHORT_1260,GUJARA_DC_01,CRL_A,CRIMINAL_APPEAL,2024,Evidence / Argument,1,310,310,310,SYNTHETIC_AUGMENTED
COHORT_1261,GUJARA_DC_01,CRL_A,CRIMINAL_APPEAL,2024,Final Arguments / Judgment,2,106.5,57,57,SYNTHETIC_AUGMENTED
COHORT_1262,GUJARA_DC_01,CRL_A,CRIMINAL_APPEAL,2024,Pleadings / Issues,1,115,115,115,SYNTHETIC_AUGMENTED
COHORT_1263,GUJARA_DC_01,CRL_A,CRIMINAL_APPEAL,2024,Summons / Appearance,2,93.0,69,69,SYNTHETIC_AUGMENTED
COHORT_1264,GUJARA_DC_01,CS,CPC_GENERAL,2018,Filing / Registration,1,47,47,47,SYNTHETIC_AUGMENTED
COHORT_1265,GUJARA_DC_01,CS,CPC_GENERAL,2018,Pleadings / Issues,1,67,67,67,SYNTHETIC_AUGMENTED
COHORT_1266,GUJARA_DC_01,CS,CPC_GENERAL,2020,Evidence / Argument,1,226,226,226,SYNTHETIC_AUGMENTED
COHORT_1267,GUJARA_DC_01,CS,CPC_GENERAL,2020,Final Arguments / Judgment,1,94,94,94,SYNTHETIC_AUGMENTED
COHORT_1268,GUJARA_DC_01,CS,CPC_GENERAL,2020,Pleadings / Issues,1,104,104,104,SYNTHETIC_AUGMENTED
COHORT_1269,GUJARA_DC_01,CS,CPC_GENERAL,2020,Summons / Appearance,1,387,387,387,SYNTHETIC_AUGMENTED
COHORT_1270,GUJARA_DC_01,CS,CPC_GENERAL,2022,Evidence / Argument,6,167.0,168,257,SYNTHETIC_AUGMENTED
COHORT_1271,GUJARA_DC_01,CS,CPC_GENERAL,2022,Pleadings / Issues,1,56,56,56,SYNTHETIC_AUGMENTED
COHORT_1272,GUJARA_DC_01,CS,CPC_GENERAL,2024,Filing / Registration,1,13,13,13,SYNTHETIC_AUGMENTED
COHORT_1273,GUJARA_DC_01,CS,CPC_GENERAL,2024,Pleadings / Issues,1,35,35,35,SYNTHETIC_AUGMENTED
COHORT_1274,GUJARA_DC_01,CS,CPC_GENERAL,2024,Summons / Appearance,2,95.0,71,71,SYNTHETIC_AUGMENTED
COHORT_1275,GUJARA_DC_01,MACA,MOTOR_ACCIDENT,2018,Evidence / Argument,1,88,88,88,SYNTHETIC_AUGMENTED
COHORT_1276,GUJARA_DC_01,MACA,MOTOR_ACCIDENT,2024,Summons / Appearance,1,142,142,142,SYNTHETIC_AUGMENTED
COHORT_1277,GUJARA_DC_01,WP_C,WRIT_GENERAL,2018,Summons / Appearance,1,171,171,171,SYNTHETIC_AUGMENTED
COHORT_1278,GUJARA_DC_01,WP_C,WRIT_GENERAL,2020,Filing / Registration,1,12,12,12,SYNTHETIC_AUGMENTED
COHORT_1279,GUJARA_DC_01,WP_C,WRIT_GENERAL,2020,Final Arguments / Judgment,1,181,181,181,SYNTHETIC_AUGMENTED
COHORT_1280,GUJARA_DC_01,WP_C,WRIT_GENERAL,2020,Pleadings / Issues,1,137,137,137,SYNTHETIC_AUGMENTED
COHORT_1281,GUJARA_DC_01,WP_C,WRIT_GENERAL,2022,Evidence / Argument,1,266,266,266,SYNTHETIC_AUGMENTED
COHORT_1282,GUJARA_DC_01,WP_C,WRIT_GENERAL,2022,Filing / Registration,2,12.0,6,6,SYNTHETIC_AUGMENTED
COHORT_1283,GUJARA_DC_01,WP_C,WRIT_GENERAL,2022,Pleadings / Issues,1,81,81,81,SYNTHETIC_AUGMENTED
COHORT_1284,GUJARA_DC_02,BA,BAIL_GENERAL,2018,Summons / Appearance,2,31.5,25,25,SYNTHETIC_AUGMENTED
COHORT_1285,GUJARA_DC_02,BA,BAIL_GENERAL,2020,Final Arguments / Judgment,1,172,172,172,SYNTHETIC_AUGMENTED
COHORT_1286,GUJARA_DC_02,BA,BAIL_GENERAL,2022,Evidence / Argument,3,88,88,88,SYNTHETIC_AUGMENTED
COHORT_1287,GUJARA_DC_02,BA,BAIL_GENERAL,2022,Filing / Registration,1,21,21,21,SYNTHETIC_AUGMENTED
COHORT_1288,GUJARA_DC_02,BA,BAIL_GENERAL,2022,Pleadings / Issues,2,103.0,101,101,SYNTHETIC_AUGMENTED
COHORT_1289,GUJARA_DC_02,BA,BAIL_GENERAL,2022,Summons / Appearance,3,88,88,88,SYNTHETIC_AUGMENTED
COHORT_1290,GUJARA_DC_02,BA,BAIL_GENERAL,2024,Filing / Registration,1,12,12,12,SYNTHETIC_AUGMENTED
COHORT_1291,GUJARA_DC_02,BA,BAIL_GENERAL,2024,Summons / Appearance,1,54,54,54,SYNTHETIC_AUGMENTED
COHORT_1292,GUJARA_DC_02,CRL_A,CRIMINAL_APPEAL,2020,Pleadings / Issues,1,105,105,105,SYNTHETIC_AUGMENTED
COHORT_1293,GUJARA_DC_02,CRL_A,CRIMINAL_APPEAL,2020,Summons / Appearance,1,175,175,175,SYNTHETIC_AUGMENTED
COHORT_1294,GUJARA_DC_02,CRL_A,CRIMINAL_APPEAL,2022,Evidence / Argument,1,114,114,114,SYNTHETIC_AUGMENTED
COHORT_1295,GUJARA_DC_02,CRL_A,CRIMINAL_APPEAL,2022,Filing / Registration,1,14,14,14,SYNTHETIC_AUGMENTED
COHORT_1296,GUJARA_DC_02,CRL_A,CRIMINAL_APPEAL,2022,Pleadings / Issues,1,39,39,39,SYNTHETIC_AUGMENTED
COHORT_1297,GUJARA_DC_02,CRL_A,CRIMINAL_APPEAL,2022,Summons / Appearance,2,94.5,65,65,SYNTHETIC_AUGMENTED
COHORT_1298,GUJARA_DC_02,CRL_A,CRIMINAL_APPEAL,2024,Final Arguments / Judgment,1,70,70,70,SYNTHETIC_AUGMENTED
COHORT_1299,GUJARA_DC_02,CS,CPC_GENERAL,2018,Pleadings / Issues,1,168,168,168,SYNTHETIC_AUGMENTED
COHORT_1300,GUJARA_DC_02,CS,CPC_GENERAL,2020,Final Arguments / Judgment,1,59,59,59,SYNTHETIC_AUGMENTED
COHORT_1301,GUJARA_DC_02,CS,CPC_GENERAL,2020,Summons / Appearance,1,62,62,62,SYNTHETIC_AUGMENTED
COHORT_1302,GUJARA_DC_02,CS,CPC_GENERAL,2022,Evidence / Argument,1,385,385,385,SYNTHETIC_AUGMENTED
COHORT_1303,GUJARA_DC_02,CS,CPC_GENERAL,2022,Pleadings / Issues,5,116,119,119,SYNTHETIC_AUGMENTED
COHORT_1304,GUJARA_DC_02,CS,CPC_GENERAL,2024,Final Arguments / Judgment,1,62,62,62,SYNTHETIC_AUGMENTED
COHORT_1305,GUJARA_DC_02,CS,CPC_GENERAL,2024,Summons / Appearance,1,329,329,329,SYNTHETIC_AUGMENTED
COHORT_1306,GUJARA_DC_02,MACA,MOTOR_ACCIDENT,2022,Evidence / Argument,2,290.5,149,149,SYNTHETIC_AUGMENTED
COHORT_1307,GUJARA_DC_02,MACA,MOTOR_ACCIDENT,2022,Filing / Registration,1,57,57,57,SYNTHETIC_AUGMENTED
COHORT_1308,GUJARA_DC_02,MACA,MOTOR_ACCIDENT,2022,Final Arguments / Judgment,1,154,154,154,SYNTHETIC_AUGMENTED
COHORT_1309,GUJARA_DC_02,MACA,MOTOR_ACCIDENT,2022,Summons / Appearance,1,141,141,141,SYNTHETIC_AUGMENTED
COHORT_1310,GUJARA_DC_02,WP_C,WRIT_GENERAL,2020,Evidence / Argument,1,123,123,123,SYNTHETIC_AUGMENTED
COHORT_1311,GUJARA_DC_02,WP_C,WRIT_GENERAL,2020,Pleadings / Issues,1,110,110,110,SYNTHETIC_AUGMENTED
COHORT_1312,GUJARA_DC_02,WP_C,WRIT_GENERAL,2020,Summons / Appearance,1,319,319,319,SYNTHETIC_AUGMENTED
COHORT_1313,GUJARA_DC_02,WP_C,WRIT_GENERAL,2022,Evidence / Argument,1,75,75,75,SYNTHETIC_AUGMENTED
COHORT_1314,GUJARA_DC_02,WP_C,WRIT_GENERAL,2022,Filing / Registration,1,26,26,26,SYNTHETIC_AUGMENTED
COHORT_1315,GUJARA_DC_02,WP_C,WRIT_GENERAL,2022,Final Arguments / Judgment,2,34.0,29,29,SYNTHETIC_AUGMENTED
COHORT_1316,GUJARA_DC_02,WP_C,WRIT_GENERAL,2022,Summons / Appearance,2,291.5,212,212,SYNTHETIC_AUGMENTED
COHORT_1317,GUJARA_DC_02,WP_C,WRIT_GENERAL,2024,Evidence / Argument,2,154.0,144,144,SYNTHETIC_AUGMENTED
COHORT_1318,GUJARA_DC_02,WP_C,WRIT_GENERAL,2024,Final Arguments / Judgment,1,135,135,135,SYNTHETIC_AUGMENTED
COHORT_1319,GUJARA_DC_02,WP_C,WRIT_GENERAL,2024,Pleadings / Issues,1,93,93,93,SYNTHETIC_AUGMENTED
COHORT_1320,GUJARA_DC_02,WP_C,WRIT_GENERAL,2024,Summons / Appearance,1,97,97,97,SYNTHETIC_AUGMENTED
COHORT_1321,GUJARA_DC_03,BA,BAIL_GENERAL,2018,Pleadings / Issues,1,73,73,73,SYNTHETIC_AUGMENTED
COHORT_1322,GUJARA_DC_03,BA,BAIL_GENERAL,2020,Final Arguments / Judgment,1,60,60,60,SYNTHETIC_AUGMENTED
COHORT_1323,GUJARA_DC_03,BA,BAIL_GENERAL,2020,Pleadings / Issues,2,101.0,84,84,SYNTHETIC_AUGMENTED
COHORT_1324,GUJARA_DC_03,BA,BAIL_GENERAL,2022,Evidence / Argument,2,301.5,265,265,SYNTHETIC_AUGMENTED
COHORT_1325,GUJARA_DC_03,BA,BAIL_GENERAL,2022,Summons / Appearance,5,78,123,123,SYNTHETIC_AUGMENTED
COHORT_1326,GUJARA_DC_03,BA,BAIL_GENERAL,2024,Pleadings / Issues,1,341,341,341,SYNTHETIC_AUGMENTED
COHORT_1327,GUJARA_DC_03,BA,BAIL_GENERAL,2024,Summons / Appearance,2,108.0,49,49,SYNTHETIC_AUGMENTED
COHORT_1328,GUJARA_DC_03,CRL_A,CRIMINAL_APPEAL,2020,Summons / Appearance,2,59.0,45,45,SYNTHETIC_AUGMENTED
COHORT_1329,GUJARA_DC_03,CRL_A,CRIMINAL_APPEAL,2022,Evidence / Argument,2,279.5,143,143,SYNTHETIC_AUGMENTED
COHORT_1330,GUJARA_DC_03,CRL_A,CRIMINAL_APPEAL,2022,Final Arguments / Judgment,1,112,112,112,SYNTHETIC_AUGMENTED
COHORT_1331,GUJARA_DC_03,CRL_A,CRIMINAL_APPEAL,2022,Pleadings / Issues,2,192.5,172,172,SYNTHETIC_AUGMENTED
COHORT_1332,GUJARA_DC_03,CRL_A,CRIMINAL_APPEAL,2022,Summons / Appearance,2,145.0,52,52,SYNTHETIC_AUGMENTED
COHORT_1333,GUJARA_DC_03,CRL_A,CRIMINAL_APPEAL,2024,Summons / Appearance,1,20,20,20,SYNTHETIC_AUGMENTED
COHORT_1334,GUJARA_DC_03,CS,CPC_GENERAL,2020,Filing / Registration,1,24,24,24,SYNTHETIC_AUGMENTED
COHORT_1335,GUJARA_DC_03,CS,CPC_GENERAL,2020,Final Arguments / Judgment,2,89.5,82,82,SYNTHETIC_AUGMENTED
COHORT_1336,GUJARA_DC_03,CS,CPC_GENERAL,2022,Evidence / Argument,2,316.5,183,183,SYNTHETIC_AUGMENTED
COHORT_1337,GUJARA_DC_03,CS,CPC_GENERAL,2022,Pleadings / Issues,1,184,184,184,SYNTHETIC_AUGMENTED
COHORT_1338,GUJARA_DC_03,CS,CPC_GENERAL,2022,Summons / Appearance,1,329,329,329,SYNTHETIC_AUGMENTED
COHORT_1339,GUJARA_DC_03,CS,CPC_GENERAL,2024,Evidence / Argument,2,163.5,120,120,SYNTHETIC_AUGMENTED
COHORT_1340,GUJARA_DC_03,CS,CPC_GENERAL,2024,Filing / Registration,2,10.5,5,5,SYNTHETIC_AUGMENTED
COHORT_1341,GUJARA_DC_03,CS,CPC_GENERAL,2024,Summons / Appearance,1,229,229,229,SYNTHETIC_AUGMENTED
COHORT_1342,GUJARA_DC_03,WP_C,WRIT_GENERAL,2020,Pleadings / Issues,1,133,133,133,SYNTHETIC_AUGMENTED
COHORT_1343,GUJARA_DC_03,WP_C,WRIT_GENERAL,2020,Summons / Appearance,1,76,76,76,SYNTHETIC_AUGMENTED
COHORT_1344,GUJARA_DC_03,WP_C,WRIT_GENERAL,2022,Evidence / Argument,1,147,147,147,SYNTHETIC_AUGMENTED
COHORT_1345,GUJARA_DC_03,WP_C,WRIT_GENERAL,2022,Final Arguments / Judgment,1,39,39,39,SYNTHETIC_AUGMENTED
COHORT_1346,GUJARA_DC_03,WP_C,WRIT_GENERAL,2022,Pleadings / Issues,1,94,94,94,SYNTHETIC_AUGMENTED
COHORT_1347,GUJARA_DC_03,WP_C,WRIT_GENERAL,2024,Filing / Registration,1,24,24,24,SYNTHETIC_AUGMENTED
COHORT_1348,GUJARA_DC_03,WP_C,WRIT_GENERAL,2024,Pleadings / Issues,2,78.5,64,64,SYNTHETIC_AUGMENTED
COHORT_1349,GUJARA_DC_03,WP_C,WRIT_GENERAL,2024,Summons / Appearance,1,367,367,367,SYNTHETIC_AUGMENTED
COHORT_1350,GUJARA_DC_04,BA,BAIL_GENERAL,2018,Summons / Appearance,1,357,357,357,SYNTHETIC_AUGMENTED
COHORT_1351,GUJARA_DC_04,BA,BAIL_GENERAL,2020,Pleadings / Issues,1,73,73,73,SYNTHETIC_AUGMENTED
COHORT_1352,GUJARA_DC_04,BA,BAIL_GENERAL,2020,Summons / Appearance,3,282,282,282,SYNTHETIC_AUGMENTED
COHORT_1353,GUJARA_DC_04,BA,BAIL_GENERAL,2022,Evidence / Argument,4,267.0,326,326,SYNTHETIC_AUGMENTED
COHORT_1354,GUJARA_DC_04,BA,BAIL_GENERAL,2022,Filing / Registration,1,10,10,10,SYNTHETIC_AUGMENTED
COHORT_1355,GUJARA_DC_04,BA,BAIL_GENERAL,2022,Final Arguments / Judgment,3,54,54,54,SYNTHETIC_AUGMENTED
COHORT_1356,GUJARA_DC_04,BA,BAIL_GENERAL,2022,Pleadings / Issues,3,142,142,142,SYNTHETIC_AUGMENTED
COHORT_1357,GUJARA_DC_04,BA,BAIL_GENERAL,2022,Summons / Appearance,4,172.0,187,187,SYNTHETIC_AUGMENTED
COHORT_1358,GUJARA_DC_04,BA,BAIL_GENERAL,2024,Pleadings / Issues,2,92.5,80,80,SYNTHETIC_AUGMENTED
COHORT_1359,GUJARA_DC_04,CRL_A,CRIMINAL_APPEAL,2018,Pleadings / Issues,1,66,66,66,SYNTHETIC_AUGMENTED
COHORT_1360,GUJARA_DC_04,CRL_A,CRIMINAL_APPEAL,2020,Evidence / Argument,1,40,40,40,SYNTHETIC_AUGMENTED
COHORT_1361,GUJARA_DC_04,CRL_A,CRIMINAL_APPEAL,2020,Final Arguments / Judgment,1,176,176,176,SYNTHETIC_AUGMENTED
COHORT_1362,GUJARA_DC_04,CRL_A,CRIMINAL_APPEAL,2020,Summons / Appearance,1,325,325,325,SYNTHETIC_AUGMENTED
COHORT_1363,GUJARA_DC_04,CRL_A,CRIMINAL_APPEAL,2022,Evidence / Argument,1,289,289,289,SYNTHETIC_AUGMENTED
COHORT_1364,GUJARA_DC_04,CRL_A,CRIMINAL_APPEAL,2022,Filing / Registration,1,52,52,52,SYNTHETIC_AUGMENTED
COHORT_1365,GUJARA_DC_04,CRL_A,CRIMINAL_APPEAL,2022,Final Arguments / Judgment,1,79,79,79,SYNTHETIC_AUGMENTED
COHORT_1366,GUJARA_DC_04,CRL_A,CRIMINAL_APPEAL,2022,Pleadings / Issues,3,25,25,25,SYNTHETIC_AUGMENTED
COHORT_1367,GUJARA_DC_04,CRL_A,CRIMINAL_APPEAL,2022,Summons / Appearance,1,61,61,61,SYNTHETIC_AUGMENTED
COHORT_1368,GUJARA_DC_04,CRL_A,CRIMINAL_APPEAL,2024,Evidence / Argument,2,153.0,112,112,SYNTHETIC_AUGMENTED
COHORT_1369,GUJARA_DC_04,CRL_A,CRIMINAL_APPEAL,2024,Pleadings / Issues,1,263,263,263,SYNTHETIC_AUGMENTED
COHORT_1370,GUJARA_DC_04,CRL_A,CRIMINAL_APPEAL,2024,Summons / Appearance,1,122,122,122,SYNTHETIC_AUGMENTED
COHORT_1371,GUJARA_DC_04,CS,CPC_GENERAL,2018,Evidence / Argument,1,125,125,125,SYNTHETIC_AUGMENTED
COHORT_1372,GUJARA_DC_04,CS,CPC_GENERAL,2020,Evidence / Argument,4,205.0,301,301,SYNTHETIC_AUGMENTED
COHORT_1373,GUJARA_DC_04,CS,CPC_GENERAL,2022,Summons / Appearance,2,171.0,73,73,SYNTHETIC_AUGMENTED
COHORT_1374,GUJARA_DC_04,CS,CPC_GENERAL,2024,Evidence / Argument,2,174.0,161,161,SYNTHETIC_AUGMENTED
COHORT_1375,GUJARA_DC_04,CS,CPC_GENERAL,2024,Pleadings / Issues,1,88,88,88,SYNTHETIC_AUGMENTED
COHORT_1376,GUJARA_DC_04,CS,CPC_GENERAL,2024,Summons / Appearance,1,157,157,157,SYNTHETIC_AUGMENTED
COHORT_1377,GUJARA_DC_04,MACA,MOTOR_ACCIDENT,2022,Evidence / Argument,1,223,223,223,SYNTHETIC_AUGMENTED
COHORT_1378,GUJARA_DC_04,MACA,MOTOR_ACCIDENT,2022,Summons / Appearance,1,19,19,19,SYNTHETIC_AUGMENTED
COHORT_1379,GUJARA_DC_04,WP_C,WRIT_GENERAL,2020,Evidence / Argument,1,95,95,95,SYNTHETIC_AUGMENTED
COHORT_1380,GUJARA_DC_04,WP_C,WRIT_GENERAL,2020,Summons / Appearance,1,76,76,76,SYNTHETIC_AUGMENTED
COHORT_1381,GUJARA_DC_04,WP_C,WRIT_GENERAL,2022,Evidence / Argument,1,124,124,124,SYNTHETIC_AUGMENTED
COHORT_1382,GUJARA_DC_04,WP_C,WRIT_GENERAL,2022,Filing / Registration,1,19,19,19,SYNTHETIC_AUGMENTED
COHORT_1383,GUJARA_DC_04,WP_C,WRIT_GENERAL,2022,Pleadings / Issues,1,136,136,136,SYNTHETIC_AUGMENTED
COHORT_1384,GUJARA_DC_04,WP_C,WRIT_GENERAL,2022,Summons / Appearance,4,103.0,112,112,SYNTHETIC_AUGMENTED
COHORT_1385,GUJARA_DC_04,WP_C,WRIT_GENERAL,2024,Evidence / Argument,1,165,165,165,SYNTHETIC_AUGMENTED
COHORT_1386,GUJARA_DC_04,WP_C,WRIT_GENERAL,2024,Filing / Registration,1,30,30,30,SYNTHETIC_AUGMENTED
COHORT_1387,GUJARA_DC_04,WP_C,WRIT_GENERAL,2024,Summons / Appearance,1,292,292,292,SYNTHETIC_AUGMENTED
COHORT_1388,GUJARA_DC_05,BA,BAIL_GENERAL,2018,Pleadings / Issues,1,64,64,64,SYNTHETIC_AUGMENTED
COHORT_1389,GUJARA_DC_05,BA,BAIL_GENERAL,2018,Summons / Appearance,1,201,201,201,SYNTHETIC_AUGMENTED
COHORT_1390,GUJARA_DC_05,BA,BAIL_GENERAL,2020,Final Arguments / Judgment,1,62,62,62,SYNTHETIC_AUGMENTED
COHORT_1391,GUJARA_DC_05,BA,BAIL_GENERAL,2020,Summons / Appearance,2,123.5,40,40,SYNTHETIC_AUGMENTED
COHORT_1392,GUJARA_DC_05,BA,BAIL_GENERAL,2022,Evidence / Argument,2,234.0,148,148,SYNTHETIC_AUGMENTED
COHORT_1393,GUJARA_DC_05,BA,BAIL_GENERAL,2022,Pleadings / Issues,1,210,210,210,SYNTHETIC_AUGMENTED
COHORT_1394,GUJARA_DC_05,BA,BAIL_GENERAL,2022,Summons / Appearance,4,84.5,103,103,SYNTHETIC_AUGMENTED
COHORT_1395,GUJARA_DC_05,BA,BAIL_GENERAL,2024,Evidence / Argument,2,148.5,126,126,SYNTHETIC_AUGMENTED
COHORT_1396,GUJARA_DC_05,BA,BAIL_GENERAL,2024,Final Arguments / Judgment,2,47.5,41,41,SYNTHETIC_AUGMENTED
COHORT_1397,GUJARA_DC_05,BA,BAIL_GENERAL,2024,Pleadings / Issues,1,156,156,156,SYNTHETIC_AUGMENTED
COHORT_1398,GUJARA_DC_05,BA,BAIL_GENERAL,2024,Summons / Appearance,3,342,342,342,SYNTHETIC_AUGMENTED
COHORT_1399,GUJARA_DC_05,CRL_A,CRIMINAL_APPEAL,2018,Pleadings / Issues,1,106,106,106,SYNTHETIC_AUGMENTED
COHORT_1400,GUJARA_DC_05,CRL_A,CRIMINAL_APPEAL,2020,Pleadings / Issues,1,162,162,162,SYNTHETIC_AUGMENTED
COHORT_1401,GUJARA_DC_05,CRL_A,CRIMINAL_APPEAL,2022,Filing / Registration,1,15,15,15,SYNTHETIC_AUGMENTED
COHORT_1402,GUJARA_DC_05,CRL_A,CRIMINAL_APPEAL,2022,Final Arguments / Judgment,2,47.5,30,30,SYNTHETIC_AUGMENTED
COHORT_1403,GUJARA_DC_05,CRL_A,CRIMINAL_APPEAL,2024,Evidence / Argument,4,281.5,291,291,SYNTHETIC_AUGMENTED
COHORT_1404,GUJARA_DC_05,CRL_A,CRIMINAL_APPEAL,2024,Summons / Appearance,1,142,142,142,SYNTHETIC_AUGMENTED
COHORT_1405,GUJARA_DC_05,CS,CPC_GENERAL,2018,Filing / Registration,1,17,17,17,SYNTHETIC_AUGMENTED
COHORT_1406,GUJARA_DC_05,CS,CPC_GENERAL,2020,Evidence / Argument,2,214.0,126,126,SYNTHETIC_AUGMENTED
COHORT_1407,GUJARA_DC_05,CS,CPC_GENERAL,2020,Filing / Registration,1,14,14,14,SYNTHETIC_AUGMENTED
COHORT_1408,GUJARA_DC_05,CS,CPC_GENERAL,2022,Evidence / Argument,2,117.5,88,88,SYNTHETIC_AUGMENTED
COHORT_1409,GUJARA_DC_05,CS,CPC_GENERAL,2022,Summons / Appearance,1,101,101,101,SYNTHETIC_AUGMENTED
COHORT_1410,GUJARA_DC_05,CS,CPC_GENERAL,2024,Evidence / Argument,3,279,279,279,SYNTHETIC_AUGMENTED
COHORT_1411,GUJARA_DC_05,CS,CPC_GENERAL,2024,Final Arguments / Judgment,1,89,89,89,SYNTHETIC_AUGMENTED
COHORT_1412,GUJARA_DC_05,CS,CPC_GENERAL,2024,Pleadings / Issues,1,113,113,113,SYNTHETIC_AUGMENTED
COHORT_1413,GUJARA_DC_05,MACA,MOTOR_ACCIDENT,2020,Pleadings / Issues,1,97,97,97,SYNTHETIC_AUGMENTED
COHORT_1414,GUJARA_DC_05,MACA,MOTOR_ACCIDENT,2020,Summons / Appearance,1,53,53,53,SYNTHETIC_AUGMENTED
COHORT_1415,GUJARA_DC_05,WP_C,WRIT_GENERAL,2018,Evidence / Argument,2,230.0,95,95,SYNTHETIC_AUGMENTED
COHORT_1416,GUJARA_DC_05,WP_C,WRIT_GENERAL,2018,Summons / Appearance,2,160.0,66,66,SYNTHETIC_AUGMENTED
COHORT_1417,GUJARA_DC_05,WP_C,WRIT_GENERAL,2020,Evidence / Argument,1,251,251,251,SYNTHETIC_AUGMENTED
COHORT_1418,GUJARA_DC_05,WP_C,WRIT_GENERAL,2022,Evidence / Argument,1,58,58,58,SYNTHETIC_AUGMENTED
COHORT_1419,GUJARA_DC_05,WP_C,WRIT_GENERAL,2022,Filing / Registration,1,18,18,18,SYNTHETIC_AUGMENTED
COHORT_1420,GUJARA_DC_05,WP_C,WRIT_GENERAL,2022,Final Arguments / Judgment,1,84,84,84,SYNTHETIC_AUGMENTED
COHORT_1421,GUJARA_DC_05,WP_C,WRIT_GENERAL,2022,Pleadings / Issues,1,39,39,39,SYNTHETIC_AUGMENTED
COHORT_1422,GUJARA_DC_05,WP_C,WRIT_GENERAL,2022,Summons / Appearance,3,223,223,223,SYNTHETIC_AUGMENTED
COHORT_1423,HARYAN_DC_01,BA,BAIL_GENERAL,2018,Evidence / Argument,1,168,168,168,SYNTHETIC_AUGMENTED
COHORT_1424,HARYAN_DC_01,BA,BAIL_GENERAL,2018,Final Arguments / Judgment,1,124,124,124,SYNTHETIC_AUGMENTED
COHORT_1425,HARYAN_DC_01,BA,BAIL_GENERAL,2018,Summons / Appearance,1,284,284,284,SYNTHETIC_AUGMENTED
COHORT_1426,HARYAN_DC_01,BA,BAIL_GENERAL,2020,Evidence / Argument,3,205,205,205,SYNTHETIC_AUGMENTED
COHORT_1427,HARYAN_DC_01,BA,BAIL_GENERAL,2020,Summons / Appearance,3,121,121,121,SYNTHETIC_AUGMENTED
COHORT_1428,HARYAN_DC_01,BA,BAIL_GENERAL,2022,Evidence / Argument,1,256,256,256,SYNTHETIC_AUGMENTED
COHORT_1429,HARYAN_DC_01,BA,BAIL_GENERAL,2022,Filing / Registration,1,21,21,21,SYNTHETIC_AUGMENTED
COHORT_1430,HARYAN_DC_01,BA,BAIL_GENERAL,2022,Pleadings / Issues,3,101,101,101,SYNTHETIC_AUGMENTED
COHORT_1431,HARYAN_DC_01,BA,BAIL_GENERAL,2022,Summons / Appearance,5,78,80,80,SYNTHETIC_AUGMENTED
COHORT_1432,HARYAN_DC_01,BA,BAIL_GENERAL,2024,Evidence / Argument,1,99,99,99,SYNTHETIC_AUGMENTED
COHORT_1433,HARYAN_DC_01,BA,BAIL_GENERAL,2024,Filing / Registration,1,53,53,53,SYNTHETIC_AUGMENTED
COHORT_1434,HARYAN_DC_01,CRL_A,CRIMINAL_APPEAL,2018,Pleadings / Issues,1,102,102,102,SYNTHETIC_AUGMENTED
COHORT_1435,HARYAN_DC_01,CRL_A,CRIMINAL_APPEAL,2020,Evidence / Argument,1,197,197,197,SYNTHETIC_AUGMENTED
COHORT_1436,HARYAN_DC_01,CRL_A,CRIMINAL_APPEAL,2020,Final Arguments / Judgment,1,66,66,66,SYNTHETIC_AUGMENTED
COHORT_1437,HARYAN_DC_01,CRL_A,CRIMINAL_APPEAL,2020,Pleadings / Issues,1,72,72,72,SYNTHETIC_AUGMENTED
COHORT_1438,HARYAN_DC_01,CRL_A,CRIMINAL_APPEAL,2020,Summons / Appearance,2,109.5,38,38,SYNTHETIC_AUGMENTED
COHORT_1439,HARYAN_DC_01,CRL_A,CRIMINAL_APPEAL,2022,Summons / Appearance,1,171,171,171,SYNTHETIC_AUGMENTED
COHORT_1440,HARYAN_DC_01,CRL_A,CRIMINAL_APPEAL,2024,Evidence / Argument,1,110,110,110,SYNTHETIC_AUGMENTED
COHORT_1441,HARYAN_DC_01,CRL_A,CRIMINAL_APPEAL,2024,Pleadings / Issues,1,110,110,110,SYNTHETIC_AUGMENTED
COHORT_1442,HARYAN_DC_01,CS,CPC_GENERAL,2018,Summons / Appearance,1,253,253,253,SYNTHETIC_AUGMENTED
COHORT_1443,HARYAN_DC_01,CS,CPC_GENERAL,2020,Evidence / Argument,1,143,143,143,SYNTHETIC_AUGMENTED
COHORT_1444,HARYAN_DC_01,CS,CPC_GENERAL,2020,Final Arguments / Judgment,2,54.0,35,35,SYNTHETIC_AUGMENTED
COHORT_1445,HARYAN_DC_01,CS,CPC_GENERAL,2020,Pleadings / Issues,1,58,58,58,SYNTHETIC_AUGMENTED
COHORT_1446,HARYAN_DC_01,CS,CPC_GENERAL,2020,Summons / Appearance,3,183,183,183,SYNTHETIC_AUGMENTED
COHORT_1447,HARYAN_DC_01,CS,CPC_GENERAL,2022,Evidence / Argument,2,313.5,157,157,SYNTHETIC_AUGMENTED
COHORT_1448,HARYAN_DC_01,CS,CPC_GENERAL,2022,Pleadings / Issues,3,80,80,80,SYNTHETIC_AUGMENTED
COHORT_1449,HARYAN_DC_01,CS,CPC_GENERAL,2022,Summons / Appearance,1,63,63,63,SYNTHETIC_AUGMENTED
COHORT_1450,HARYAN_DC_01,CS,CPC_GENERAL,2024,Pleadings / Issues,2,84.5,49,49,SYNTHETIC_AUGMENTED
COHORT_1451,HARYAN_DC_01,CS,CPC_GENERAL,2024,Summons / Appearance,2,305.0,222,222,SYNTHETIC_AUGMENTED
COHORT_1452,HARYAN_DC_01,MACA,MOTOR_ACCIDENT,2020,Evidence / Argument,1,139,139,139,SYNTHETIC_AUGMENTED
COHORT_1453,HARYAN_DC_01,MACA,MOTOR_ACCIDENT,2022,Summons / Appearance,2,285.0,242,242,SYNTHETIC_AUGMENTED
COHORT_1454,HARYAN_DC_01,WP_C,WRIT_GENERAL,2018,Final Arguments / Judgment,1,56,56,56,SYNTHETIC_AUGMENTED
COHORT_1455,HARYAN_DC_01,WP_C,WRIT_GENERAL,2018,Pleadings / Issues,1,117,117,117,SYNTHETIC_AUGMENTED
COHORT_1456,HARYAN_DC_01,WP_C,WRIT_GENERAL,2020,Evidence / Argument,1,382,382,382,SYNTHETIC_AUGMENTED
COHORT_1457,HARYAN_DC_01,WP_C,WRIT_GENERAL,2022,Evidence / Argument,1,441,441,441,SYNTHETIC_AUGMENTED
COHORT_1458,HARYAN_DC_01,WP_C,WRIT_GENERAL,2022,Final Arguments / Judgment,1,70,70,70,SYNTHETIC_AUGMENTED
COHORT_1459,HARYAN_DC_01,WP_C,WRIT_GENERAL,2022,Summons / Appearance,2,151.5,51,51,SYNTHETIC_AUGMENTED
COHORT_1460,HARYAN_DC_01,WP_C,WRIT_GENERAL,2024,Filing / Registration,1,38,38,38,SYNTHETIC_AUGMENTED
COHORT_1461,HARYAN_DC_01,WP_C,WRIT_GENERAL,2024,Pleadings / Issues,1,65,65,65,SYNTHETIC_AUGMENTED
COHORT_1462,HARYAN_DC_02,BA,BAIL_GENERAL,2018,Summons / Appearance,2,99.5,92,92,SYNTHETIC_AUGMENTED
COHORT_1463,HARYAN_DC_02,BA,BAIL_GENERAL,2020,Evidence / Argument,4,142.0,148,148,SYNTHETIC_AUGMENTED
COHORT_1464,HARYAN_DC_02,BA,BAIL_GENERAL,2020,Final Arguments / Judgment,2,56.0,54,54,SYNTHETIC_AUGMENTED
COHORT_1465,HARYAN_DC_02,BA,BAIL_GENERAL,2020,Pleadings / Issues,1,70,70,70,SYNTHETIC_AUGMENTED
COHORT_1466,HARYAN_DC_02,BA,BAIL_GENERAL,2022,Evidence / Argument,3,209,209,209,SYNTHETIC_AUGMENTED
COHORT_1467,HARYAN_DC_02,BA,BAIL_GENERAL,2022,Final Arguments / Judgment,1,62,62,62,SYNTHETIC_AUGMENTED
COHORT_1468,HARYAN_DC_02,BA,BAIL_GENERAL,2022,Pleadings / Issues,2,90.0,79,79,SYNTHETIC_AUGMENTED
COHORT_1469,HARYAN_DC_02,BA,BAIL_GENERAL,2022,Summons / Appearance,3,131,131,131,SYNTHETIC_AUGMENTED
COHORT_1470,HARYAN_DC_02,BA,BAIL_GENERAL,2024,Evidence / Argument,1,90,90,90,SYNTHETIC_AUGMENTED
COHORT_1471,HARYAN_DC_02,BA,BAIL_GENERAL,2024,Filing / Registration,1,11,11,11,SYNTHETIC_AUGMENTED
COHORT_1472,HARYAN_DC_02,BA,BAIL_GENERAL,2024,Pleadings / Issues,1,102,102,102,SYNTHETIC_AUGMENTED
COHORT_1473,HARYAN_DC_02,BA,BAIL_GENERAL,2024,Summons / Appearance,2,64.0,52,52,SYNTHETIC_AUGMENTED
COHORT_1474,HARYAN_DC_02,CRL_A,CRIMINAL_APPEAL,2018,Evidence / Argument,1,100,100,100,SYNTHETIC_AUGMENTED
COHORT_1475,HARYAN_DC_02,CRL_A,CRIMINAL_APPEAL,2018,Final Arguments / Judgment,1,66,66,66,SYNTHETIC_AUGMENTED
COHORT_1476,HARYAN_DC_02,CRL_A,CRIMINAL_APPEAL,2020,Final Arguments / Judgment,1,33,33,33,SYNTHETIC_AUGMENTED
COHORT_1477,HARYAN_DC_02,CRL_A,CRIMINAL_APPEAL,2022,Evidence / Argument,1,148,148,148,SYNTHETIC_AUGMENTED
COHORT_1478,HARYAN_DC_02,CRL_A,CRIMINAL_APPEAL,2022,Filing / Registration,1,18,18,18,SYNTHETIC_AUGMENTED
COHORT_1479,HARYAN_DC_02,CRL_A,CRIMINAL_APPEAL,2022,Final Arguments / Judgment,1,52,52,52,SYNTHETIC_AUGMENTED
COHORT_1480,HARYAN_DC_02,CRL_A,CRIMINAL_APPEAL,2022,Summons / Appearance,1,61,61,61,SYNTHETIC_AUGMENTED
COHORT_1481,HARYAN_DC_02,CRL_A,CRIMINAL_APPEAL,2024,Filing / Registration,1,16,16,16,SYNTHETIC_AUGMENTED
COHORT_1482,HARYAN_DC_02,CRL_A,CRIMINAL_APPEAL,2024,Summons / Appearance,1,142,142,142,SYNTHETIC_AUGMENTED
COHORT_1483,HARYAN_DC_02,CS,CPC_GENERAL,2020,Summons / Appearance,2,242.5,84,84,SYNTHETIC_AUGMENTED
COHORT_1484,HARYAN_DC_02,CS,CPC_GENERAL,2022,Evidence / Argument,4,255.5,415,415,SYNTHETIC_AUGMENTED
COHORT_1485,HARYAN_DC_02,CS,CPC_GENERAL,2022,Pleadings / Issues,1,112,112,112,SYNTHETIC_AUGMENTED
COHORT_1486,HARYAN_DC_02,CS,CPC_GENERAL,2022,Summons / Appearance,3,80,80,80,SYNTHETIC_AUGMENTED
COHORT_1487,HARYAN_DC_02,CS,CPC_GENERAL,2024,Final Arguments / Judgment,1,185,185,185,SYNTHETIC_AUGMENTED
COHORT_1488,HARYAN_DC_02,CS,CPC_GENERAL,2024,Pleadings / Issues,1,87,87,87,SYNTHETIC_AUGMENTED
COHORT_1489,HARYAN_DC_02,MACA,MOTOR_ACCIDENT,2020,Summons / Appearance,1,63,63,63,SYNTHETIC_AUGMENTED
COHORT_1490,HARYAN_DC_02,MACA,MOTOR_ACCIDENT,2022,Evidence / Argument,1,316,316,316,SYNTHETIC_AUGMENTED
COHORT_1491,HARYAN_DC_02,MACA,MOTOR_ACCIDENT,2024,Summons / Appearance,1,155,155,155,SYNTHETIC_AUGMENTED
COHORT_1492,HARYAN_DC_02,WP_C,WRIT_GENERAL,2018,Filing / Registration,2,23.5,19,19,SYNTHETIC_AUGMENTED
COHORT_1493,HARYAN_DC_02,WP_C,WRIT_GENERAL,2020,Evidence / Argument,1,92,92,92,SYNTHETIC_AUGMENTED
COHORT_1494,HARYAN_DC_02,WP_C,WRIT_GENERAL,2020,Final Arguments / Judgment,1,105,105,105,SYNTHETIC_AUGMENTED
COHORT_1495,HARYAN_DC_02,WP_C,WRIT_GENERAL,2020,Pleadings / Issues,1,65,65,65,SYNTHETIC_AUGMENTED
COHORT_1496,HARYAN_DC_02,WP_C,WRIT_GENERAL,2020,Summons / Appearance,2,214.5,130,130,SYNTHETIC_AUGMENTED
COHORT_1497,HARYAN_DC_02,WP_C,WRIT_GENERAL,2022,Evidence / Argument,1,225,225,225,SYNTHETIC_AUGMENTED
COHORT_1498,HARYAN_DC_02,WP_C,WRIT_GENERAL,2022,Final Arguments / Judgment,1,73,73,73,SYNTHETIC_AUGMENTED
COHORT_1499,HARYAN_DC_02,WP_C,WRIT_GENERAL,2022,Summons / Appearance,2,223.5,38,38,SYNTHETIC_AUGMENTED
COHORT_1500,HARYAN_DC_02,WP_C,WRIT_GENERAL,2024,Evidence / Argument,1,380,380,380,SYNTHETIC_AUGMENTED
COHORT_1501,HARYAN_DC_02,WP_C,WRIT_GENERAL,2024,Final Arguments / Judgment,1,77,77,77,SYNTHETIC_AUGMENTED
COHORT_1502,HARYAN_DC_02,WP_C,WRIT_GENERAL,2024,Summons / Appearance,1,167,167,167,SYNTHETIC_AUGMENTED
COHORT_1503,HARYAN_DC_03,BA,BAIL_GENERAL,2018,Evidence / Argument,1,272,272,272,SYNTHETIC_AUGMENTED
COHORT_1504,HARYAN_DC_03,BA,BAIL_GENERAL,2020,Pleadings / Issues,1,81,81,81,SYNTHETIC_AUGMENTED
COHORT_1505,HARYAN_DC_03,BA,BAIL_GENERAL,2020,Summons / Appearance,1,406,406,406,SYNTHETIC_AUGMENTED
COHORT_1506,HARYAN_DC_03,BA,BAIL_GENERAL,2022,Evidence / Argument,1,306,306,306,SYNTHETIC_AUGMENTED
COHORT_1507,HARYAN_DC_03,BA,BAIL_GENERAL,2022,Final Arguments / Judgment,2,78.0,73,73,SYNTHETIC_AUGMENTED
COHORT_1508,HARYAN_DC_03,BA,BAIL_GENERAL,2022,Summons / Appearance,3,92,92,92,SYNTHETIC_AUGMENTED
COHORT_1509,HARYAN_DC_03,BA,BAIL_GENERAL,2024,Pleadings / Issues,1,108,108,108,SYNTHETIC_AUGMENTED
COHORT_1510,HARYAN_DC_03,CRL_A,CRIMINAL_APPEAL,2018,Final Arguments / Judgment,1,203,203,203,SYNTHETIC_AUGMENTED
COHORT_1511,HARYAN_DC_03,CRL_A,CRIMINAL_APPEAL,2018,Pleadings / Issues,1,133,133,133,SYNTHETIC_AUGMENTED
COHORT_1512,HARYAN_DC_03,CRL_A,CRIMINAL_APPEAL,2020,Evidence / Argument,1,193,193,193,SYNTHETIC_AUGMENTED
COHORT_1513,HARYAN_DC_03,CRL_A,CRIMINAL_APPEAL,2020,Final Arguments / Judgment,1,64,64,64,SYNTHETIC_AUGMENTED
COHORT_1514,HARYAN_DC_03,CRL_A,CRIMINAL_APPEAL,2022,Evidence / Argument,1,142,142,142,SYNTHETIC_AUGMENTED
COHORT_1515,HARYAN_DC_03,CRL_A,CRIMINAL_APPEAL,2022,Filing / Registration,2,13.0,13,13,SYNTHETIC_AUGMENTED
COHORT_1516,HARYAN_DC_03,CRL_A,CRIMINAL_APPEAL,2022,Final Arguments / Judgment,1,48,48,48,SYNTHETIC_AUGMENTED
COHORT_1517,HARYAN_DC_03,CRL_A,CRIMINAL_APPEAL,2022,Pleadings / Issues,3,129,129,129,SYNTHETIC_AUGMENTED
COHORT_1518,HARYAN_DC_03,CRL_A,CRIMINAL_APPEAL,2022,Summons / Appearance,2,47.5,40,40,SYNTHETIC_AUGMENTED
COHORT_1519,HARYAN_DC_03,CRL_A,CRIMINAL_APPEAL,2024,Pleadings / Issues,1,54,54,54,SYNTHETIC_AUGMENTED
COHORT_1520,HARYAN_DC_03,CRL_A,CRIMINAL_APPEAL,2024,Summons / Appearance,1,47,47,47,SYNTHETIC_AUGMENTED
COHORT_1521,HARYAN_DC_03,CS,CPC_GENERAL,2018,Evidence / Argument,1,153,153,153,SYNTHETIC_AUGMENTED
COHORT_1522,HARYAN_DC_03,CS,CPC_GENERAL,2018,Pleadings / Issues,1,89,89,89,SYNTHETIC_AUGMENTED
COHORT_1523,HARYAN_DC_03,CS,CPC_GENERAL,2020,Evidence / Argument,1,79,79,79,SYNTHETIC_AUGMENTED
COHORT_1524,HARYAN_DC_03,CS,CPC_GENERAL,2020,Final Arguments / Judgment,1,15,15,15,SYNTHETIC_AUGMENTED
COHORT_1525,HARYAN_DC_03,CS,CPC_GENERAL,2020,Pleadings / Issues,3,106,106,106,SYNTHETIC_AUGMENTED
COHORT_1526,HARYAN_DC_03,CS,CPC_GENERAL,2020,Summons / Appearance,4,354.5,409,409,SYNTHETIC_AUGMENTED
COHORT_1527,HARYAN_DC_03,CS,CPC_GENERAL,2022,Evidence / Argument,3,184,184,184,SYNTHETIC_AUGMENTED
COHORT_1528,HARYAN_DC_03,CS,CPC_GENERAL,2022,Filing / Registration,1,11,11,11,SYNTHETIC_AUGMENTED
COHORT_1529,HARYAN_DC_03,CS,CPC_GENERAL,2022,Summons / Appearance,2,74.5,59,59,SYNTHETIC_AUGMENTED
COHORT_1530,HARYAN_DC_03,CS,CPC_GENERAL,2024,Evidence / Argument,1,394,394,394,SYNTHETIC_AUGMENTED
COHORT_1531,HARYAN_DC_03,CS,CPC_GENERAL,2024,Filing / Registration,1,18,18,18,SYNTHETIC_AUGMENTED
COHORT_1532,HARYAN_DC_03,CS,CPC_GENERAL,2024,Final Arguments / Judgment,2,96.0,80,80,SYNTHETIC_AUGMENTED
COHORT_1533,HARYAN_DC_03,CS,CPC_GENERAL,2024,Pleadings / Issues,3,143,143,143,SYNTHETIC_AUGMENTED
COHORT_1534,HARYAN_DC_03,CS,CPC_GENERAL,2024,Summons / Appearance,4,74.0,84,84,SYNTHETIC_AUGMENTED
COHORT_1535,HARYAN_DC_03,MACA,MOTOR_ACCIDENT,2020,Summons / Appearance,1,198,198,198,SYNTHETIC_AUGMENTED
COHORT_1536,HARYAN_DC_03,MACA,MOTOR_ACCIDENT,2022,Summons / Appearance,1,347,347,347,SYNTHETIC_AUGMENTED
COHORT_1537,HARYAN_DC_03,MACA,MOTOR_ACCIDENT,2024,Final Arguments / Judgment,1,62,62,62,SYNTHETIC_AUGMENTED
COHORT_1538,HARYAN_DC_03,MACA,MOTOR_ACCIDENT,2024,Summons / Appearance,1,61,61,61,SYNTHETIC_AUGMENTED
COHORT_1539,HARYAN_DC_03,WP_C,WRIT_GENERAL,2018,Filing / Registration,1,17,17,17,SYNTHETIC_AUGMENTED
COHORT_1540,HARYAN_DC_03,WP_C,WRIT_GENERAL,2018,Summons / Appearance,1,329,329,329,SYNTHETIC_AUGMENTED
COHORT_1541,HARYAN_DC_03,WP_C,WRIT_GENERAL,2022,Evidence / Argument,1,434,434,434,SYNTHETIC_AUGMENTED
COHORT_1542,HARYAN_DC_03,WP_C,WRIT_GENERAL,2022,Summons / Appearance,2,75.0,67,67,SYNTHETIC_AUGMENTED
COHORT_1543,HARYAN_DC_03,WP_C,WRIT_GENERAL,2024,Evidence / Argument,1,101,101,101,SYNTHETIC_AUGMENTED
COHORT_1544,HARYAN_DC_03,WP_C,WRIT_GENERAL,2024,Filing / Registration,1,12,12,12,SYNTHETIC_AUGMENTED
COHORT_1545,HARYAN_DC_03,WP_C,WRIT_GENERAL,2024,Summons / Appearance,1,58,58,58,SYNTHETIC_AUGMENTED
COHORT_1546,HARYAN_DC_04,BA,BAIL_GENERAL,2020,Evidence / Argument,1,94,94,94,SYNTHETIC_AUGMENTED
COHORT_1547,HARYAN_DC_04,BA,BAIL_GENERAL,2020,Pleadings / Issues,2,124.5,99,99,SYNTHETIC_AUGMENTED
COHORT_1548,HARYAN_DC_04,BA,BAIL_GENERAL,2020,Summons / Appearance,2,53.0,34,34,SYNTHETIC_AUGMENTED
COHORT_1549,HARYAN_DC_04,BA,BAIL_GENERAL,2022,Evidence / Argument,1,209,209,209,SYNTHETIC_AUGMENTED
COHORT_1550,HARYAN_DC_04,BA,BAIL_GENERAL,2022,Pleadings / Issues,2,201.0,147,147,SYNTHETIC_AUGMENTED
COHORT_1551,HARYAN_DC_04,BA,BAIL_GENERAL,2022,Summons / Appearance,3,261,261,261,SYNTHETIC_AUGMENTED
COHORT_1552,HARYAN_DC_04,BA,BAIL_GENERAL,2024,Summons / Appearance,1,165,165,165,SYNTHETIC_AUGMENTED
COHORT_1553,HARYAN_DC_04,CRL_A,CRIMINAL_APPEAL,2018,Evidence / Argument,2,96.5,79,79,SYNTHETIC_AUGMENTED
COHORT_1554,HARYAN_DC_04,CRL_A,CRIMINAL_APPEAL,2020,Evidence / Argument,2,191.5,128,128,SYNTHETIC_AUGMENTED
COHORT_1555,HARYAN_DC_04,CRL_A,CRIMINAL_APPEAL,2020,Final Arguments / Judgment,1,67,67,67,SYNTHETIC_AUGMENTED
COHORT_1556,HARYAN_DC_04,CRL_A,CRIMINAL_APPEAL,2022,Final Arguments / Judgment,2,62.5,36,36,SYNTHETIC_AUGMENTED
COHORT_1557,HARYAN_DC_04,CRL_A,CRIMINAL_APPEAL,2022,Summons / Appearance,5,73,81,81,SYNTHETIC_AUGMENTED
COHORT_1558,HARYAN_DC_04,CRL_A,CRIMINAL_APPEAL,2024,Summons / Appearance,1,316,316,316,SYNTHETIC_AUGMENTED
COHORT_1559,HARYAN_DC_04,CS,CPC_GENERAL,2018,Summons / Appearance,1,330,330,330,SYNTHETIC_AUGMENTED
COHORT_1560,HARYAN_DC_04,CS,CPC_GENERAL,2020,Pleadings / Issues,2,90.0,57,57,SYNTHETIC_AUGMENTED
COHORT_1561,HARYAN_DC_04,CS,CPC_GENERAL,2020,Summons / Appearance,1,316,316,316,SYNTHETIC_AUGMENTED
COHORT_1562,HARYAN_DC_04,CS,CPC_GENERAL,2022,Evidence / Argument,1,129,129,129,SYNTHETIC_AUGMENTED
COHORT_1563,HARYAN_DC_04,CS,CPC_GENERAL,2022,Filing / Registration,1,12,12,12,SYNTHETIC_AUGMENTED
COHORT_1564,HARYAN_DC_04,CS,CPC_GENERAL,2022,Pleadings / Issues,2,129.5,78,78,SYNTHETIC_AUGMENTED
COHORT_1565,HARYAN_DC_04,CS,CPC_GENERAL,2022,Summons / Appearance,2,258.0,128,128,SYNTHETIC_AUGMENTED
COHORT_1566,HARYAN_DC_04,CS,CPC_GENERAL,2024,Evidence / Argument,1,197,197,197,SYNTHETIC_AUGMENTED
COHORT_1567,HARYAN_DC_04,CS,CPC_GENERAL,2024,Filing / Registration,1,35,35,35,SYNTHETIC_AUGMENTED
COHORT_1568,HARYAN_DC_04,CS,CPC_GENERAL,2024,Pleadings / Issues,1,30,30,30,SYNTHETIC_AUGMENTED
COHORT_1569,HARYAN_DC_04,CS,CPC_GENERAL,2024,Summons / Appearance,2,77.5,67,67,SYNTHETIC_AUGMENTED
COHORT_1570,HARYAN_DC_04,MACA,MOTOR_ACCIDENT,2018,Evidence / Argument,1,39,39,39,SYNTHETIC_AUGMENTED
COHORT_1571,HARYAN_DC_04,MACA,MOTOR_ACCIDENT,2022,Evidence / Argument,1,38,38,38,SYNTHETIC_AUGMENTED
COHORT_1572,HARYAN_DC_04,WP_C,WRIT_GENERAL,2018,Evidence / Argument,1,224,224,224,SYNTHETIC_AUGMENTED
COHORT_1573,HARYAN_DC_04,WP_C,WRIT_GENERAL,2018,Summons / Appearance,1,146,146,146,SYNTHETIC_AUGMENTED
COHORT_1574,HARYAN_DC_04,WP_C,WRIT_GENERAL,2020,Final Arguments / Judgment,1,79,79,79,SYNTHETIC_AUGMENTED
COHORT_1575,HARYAN_DC_04,WP_C,WRIT_GENERAL,2020,Summons / Appearance,1,70,70,70,SYNTHETIC_AUGMENTED
COHORT_1576,HARYAN_DC_04,WP_C,WRIT_GENERAL,2022,Evidence / Argument,2,241.0,148,148,SYNTHETIC_AUGMENTED
COHORT_1577,HARYAN_DC_04,WP_C,WRIT_GENERAL,2022,Pleadings / Issues,2,141.0,115,115,SYNTHETIC_AUGMENTED
COHORT_1578,HARYAN_DC_04,WP_C,WRIT_GENERAL,2022,Summons / Appearance,2,63.0,21,21,SYNTHETIC_AUGMENTED
COHORT_1579,HARYAN_DC_04,WP_C,WRIT_GENERAL,2024,Filing / Registration,1,11,11,11,SYNTHETIC_AUGMENTED
COHORT_1580,HARYAN_DC_04,WP_C,WRIT_GENERAL,2024,Final Arguments / Judgment,1,214,214,214,SYNTHETIC_AUGMENTED
COHORT_1581,HARYAN_DC_04,WP_C,WRIT_GENERAL,2024,Summons / Appearance,1,72,72,72,SYNTHETIC_AUGMENTED
COHORT_1582,HARYAN_DC_05,BA,BAIL_GENERAL,2020,Evidence / Argument,1,207,207,207,SYNTHETIC_AUGMENTED
COHORT_1583,HARYAN_DC_05,BA,BAIL_GENERAL,2020,Final Arguments / Judgment,1,66,66,66,SYNTHETIC_AUGMENTED
COHORT_1584,HARYAN_DC_05,BA,BAIL_GENERAL,2020,Pleadings / Issues,1,250,250,250,SYNTHETIC_AUGMENTED
COHORT_1585,HARYAN_DC_05,BA,BAIL_GENERAL,2020,Summons / Appearance,1,224,224,224,SYNTHETIC_AUGMENTED
COHORT_1586,HARYAN_DC_05,BA,BAIL_GENERAL,2022,Evidence / Argument,1,230,230,230,SYNTHETIC_AUGMENTED
COHORT_1587,HARYAN_DC_05,BA,BAIL_GENERAL,2022,Pleadings / Issues,2,65.5,50,50,SYNTHETIC_AUGMENTED
COHORT_1588,HARYAN_DC_05,BA,BAIL_GENERAL,2022,Summons / Appearance,1,159,159,159,SYNTHETIC_AUGMENTED
COHORT_1589,HARYAN_DC_05,BA,BAIL_GENERAL,2024,Pleadings / Issues,2,104.5,80,80,SYNTHETIC_AUGMENTED
COHORT_1590,HARYAN_DC_05,BA,BAIL_GENERAL,2024,Summons / Appearance,2,182.0,53,53,SYNTHETIC_AUGMENTED
COHORT_1591,HARYAN_DC_05,CRL_A,CRIMINAL_APPEAL,2018,Pleadings / Issues,1,89,89,89,SYNTHETIC_AUGMENTED
COHORT_1592,HARYAN_DC_05,CRL_A,CRIMINAL_APPEAL,2022,Evidence / Argument,4,244.0,265,265,SYNTHETIC_AUGMENTED
COHORT_1593,HARYAN_DC_05,CRL_A,CRIMINAL_APPEAL,2022,Pleadings / Issues,2,164.0,112,112,SYNTHETIC_AUGMENTED
COHORT_1594,HARYAN_DC_05,CRL_A,CRIMINAL_APPEAL,2024,Pleadings / Issues,1,101,101,101,SYNTHETIC_AUGMENTED
COHORT_1595,HARYAN_DC_05,CS,CPC_GENERAL,2018,Evidence / Argument,1,103,103,103,SYNTHETIC_AUGMENTED
COHORT_1596,HARYAN_DC_05,CS,CPC_GENERAL,2018,Filing / Registration,1,20,20,20,SYNTHETIC_AUGMENTED
COHORT_1597,HARYAN_DC_05,CS,CPC_GENERAL,2020,Filing / Registration,1,46,46,46,SYNTHETIC_AUGMENTED
COHORT_1598,HARYAN_DC_05,CS,CPC_GENERAL,2020,Final Arguments / Judgment,1,81,81,81,SYNTHETIC_AUGMENTED
COHORT_1599,HARYAN_DC_05,CS,CPC_GENERAL,2020,Summons / Appearance,1,420,420,420,SYNTHETIC_AUGMENTED
COHORT_1600,HARYAN_DC_05,CS,CPC_GENERAL,2022,Filing / Registration,1,24,24,24,SYNTHETIC_AUGMENTED
COHORT_1601,HARYAN_DC_05,CS,CPC_GENERAL,2022,Summons / Appearance,4,121.0,163,163,SYNTHETIC_AUGMENTED
COHORT_1602,HARYAN_DC_05,CS,CPC_GENERAL,2024,Evidence / Argument,2,314.5,193,193,SYNTHETIC_AUGMENTED
COHORT_1603,HARYAN_DC_05,CS,CPC_GENERAL,2024,Final Arguments / Judgment,1,87,87,87,SYNTHETIC_AUGMENTED
COHORT_1604,HARYAN_DC_05,CS,CPC_GENERAL,2024,Pleadings / Issues,3,66,66,66,SYNTHETIC_AUGMENTED
COHORT_1605,HARYAN_DC_05,CS,CPC_GENERAL,2024,Summons / Appearance,2,166.0,100,100,SYNTHETIC_AUGMENTED
COHORT_1606,HARYAN_DC_05,MACA,MOTOR_ACCIDENT,2020,Evidence / Argument,1,241,241,241,SYNTHETIC_AUGMENTED
COHORT_1607,HARYAN_DC_05,MACA,MOTOR_ACCIDENT,2022,Pleadings / Issues,1,54,54,54,SYNTHETIC_AUGMENTED
COHORT_1608,HARYAN_DC_05,MACA,MOTOR_ACCIDENT,2024,Pleadings / Issues,1,83,83,83,SYNTHETIC_AUGMENTED
COHORT_1609,HARYAN_DC_05,WP_C,WRIT_GENERAL,2018,Final Arguments / Judgment,1,60,60,60,SYNTHETIC_AUGMENTED
COHORT_1610,HARYAN_DC_05,WP_C,WRIT_GENERAL,2020,Evidence / Argument,1,444,444,444,SYNTHETIC_AUGMENTED
COHORT_1611,HARYAN_DC_05,WP_C,WRIT_GENERAL,2020,Filing / Registration,1,45,45,45,SYNTHETIC_AUGMENTED
COHORT_1612,HARYAN_DC_05,WP_C,WRIT_GENERAL,2020,Pleadings / Issues,3,104,104,104,SYNTHETIC_AUGMENTED
COHORT_1613,HARYAN_DC_05,WP_C,WRIT_GENERAL,2022,Evidence / Argument,1,411,411,411,SYNTHETIC_AUGMENTED
COHORT_1614,HARYAN_DC_05,WP_C,WRIT_GENERAL,2022,Filing / Registration,1,33,33,33,SYNTHETIC_AUGMENTED
COHORT_1615,HARYAN_DC_05,WP_C,WRIT_GENERAL,2022,Final Arguments / Judgment,1,59,59,59,SYNTHETIC_AUGMENTED
COHORT_1616,HARYAN_DC_05,WP_C,WRIT_GENERAL,2022,Pleadings / Issues,3,53,53,53,SYNTHETIC_AUGMENTED
COHORT_1617,HARYAN_DC_05,WP_C,WRIT_GENERAL,2022,Summons / Appearance,3,151,151,151,SYNTHETIC_AUGMENTED
COHORT_1618,HARYAN_DC_05,WP_C,WRIT_GENERAL,2024,Evidence / Argument,1,311,311,311,SYNTHETIC_AUGMENTED
COHORT_1619,JHARKH_DC_01,BA,BAIL_GENERAL,2018,Final Arguments / Judgment,1,78,78,78,SYNTHETIC_AUGMENTED
COHORT_1620,JHARKH_DC_01,BA,BAIL_GENERAL,2018,Summons / Appearance,1,64,64,64,SYNTHETIC_AUGMENTED
COHORT_1621,JHARKH_DC_01,BA,BAIL_GENERAL,2020,Filing / Registration,1,33,33,33,SYNTHETIC_AUGMENTED
COHORT_1622,JHARKH_DC_01,BA,BAIL_GENERAL,2020,Final Arguments / Judgment,2,81.5,62,62,SYNTHETIC_AUGMENTED
COHORT_1623,JHARKH_DC_01,BA,BAIL_GENERAL,2020,Summons / Appearance,1,72,72,72,SYNTHETIC_AUGMENTED
COHORT_1624,JHARKH_DC_01,BA,BAIL_GENERAL,2022,Evidence / Argument,1,245,245,245,SYNTHETIC_AUGMENTED
COHORT_1625,JHARKH_DC_01,BA,BAIL_GENERAL,2022,Filing / Registration,1,14,14,14,SYNTHETIC_AUGMENTED
COHORT_1626,JHARKH_DC_01,BA,BAIL_GENERAL,2022,Final Arguments / Judgment,1,89,89,89,SYNTHETIC_AUGMENTED
COHORT_1627,JHARKH_DC_01,BA,BAIL_GENERAL,2022,Pleadings / Issues,2,114.0,84,84,SYNTHETIC_AUGMENTED
COHORT_1628,JHARKH_DC_01,BA,BAIL_GENERAL,2022,Summons / Appearance,3,66,66,66,SYNTHETIC_AUGMENTED
COHORT_1629,JHARKH_DC_01,BA,BAIL_GENERAL,2024,Evidence / Argument,2,314.0,221,221,SYNTHETIC_AUGMENTED
COHORT_1630,JHARKH_DC_01,BA,BAIL_GENERAL,2024,Final Arguments / Judgment,1,139,139,139,SYNTHETIC_AUGMENTED
COHORT_1631,JHARKH_DC_01,BA,BAIL_GENERAL,2024,Pleadings / Issues,1,122,122,122,SYNTHETIC_AUGMENTED
COHORT_1632,JHARKH_DC_01,BA,BAIL_GENERAL,2024,Summons / Appearance,2,75.5,60,60,SYNTHETIC_AUGMENTED
COHORT_1633,JHARKH_DC_01,CRL_A,CRIMINAL_APPEAL,2018,Filing / Registration,1,13,13,13,SYNTHETIC_AUGMENTED
COHORT_1634,JHARKH_DC_01,CRL_A,CRIMINAL_APPEAL,2018,Summons / Appearance,1,78,78,78,SYNTHETIC_AUGMENTED
COHORT_1635,JHARKH_DC_01,CRL_A,CRIMINAL_APPEAL,2020,Filing / Registration,1,12,12,12,SYNTHETIC_AUGMENTED
COHORT_1636,JHARKH_DC_01,CRL_A,CRIMINAL_APPEAL,2020,Summons / Appearance,1,127,127,127,SYNTHETIC_AUGMENTED
COHORT_1637,JHARKH_DC_01,CRL_A,CRIMINAL_APPEAL,2022,Evidence / Argument,2,147.0,115,115,SYNTHETIC_AUGMENTED
COHORT_1638,JHARKH_DC_01,CRL_A,CRIMINAL_APPEAL,2022,Summons / Appearance,5,83,211,211,SYNTHETIC_AUGMENTED
COHORT_1639,JHARKH_DC_01,CRL_A,CRIMINAL_APPEAL,2024,Evidence / Argument,1,143,143,143,SYNTHETIC_AUGMENTED
COHORT_1640,JHARKH_DC_01,CRL_A,CRIMINAL_APPEAL,2024,Pleadings / Issues,1,74,74,74,SYNTHETIC_AUGMENTED
COHORT_1641,JHARKH_DC_01,CS,CPC_GENERAL,2018,Filing / Registration,1,6,6,6,SYNTHETIC_AUGMENTED
COHORT_1642,JHARKH_DC_01,CS,CPC_GENERAL,2018,Summons / Appearance,1,41,41,41,SYNTHETIC_AUGMENTED
COHORT_1643,JHARKH_DC_01,CS,CPC_GENERAL,2020,Evidence / Argument,2,164.5,132,132,SYNTHETIC_AUGMENTED
COHORT_1644,JHARKH_DC_01,CS,CPC_GENERAL,2020,Summons / Appearance,2,172.5,165,165,SYNTHETIC_AUGMENTED
COHORT_1645,JHARKH_DC_01,CS,CPC_GENERAL,2022,Evidence / Argument,2,177.0,150,150,SYNTHETIC_AUGMENTED
COHORT_1646,JHARKH_DC_01,CS,CPC_GENERAL,2022,Summons / Appearance,2,69.5,60,60,SYNTHETIC_AUGMENTED
COHORT_1647,JHARKH_DC_01,CS,CPC_GENERAL,2024,Evidence / Argument,4,273.0,302,302,SYNTHETIC_AUGMENTED
COHORT_1648,JHARKH_DC_01,CS,CPC_GENERAL,2024,Filing / Registration,1,40,40,40,SYNTHETIC_AUGMENTED
COHORT_1649,JHARKH_DC_01,CS,CPC_GENERAL,2024,Pleadings / Issues,2,112.0,110,110,SYNTHETIC_AUGMENTED
COHORT_1650,JHARKH_DC_01,CS,CPC_GENERAL,2024,Summons / Appearance,1,97,97,97,SYNTHETIC_AUGMENTED
COHORT_1651,JHARKH_DC_01,MACA,MOTOR_ACCIDENT,2022,Evidence / Argument,1,49,49,49,SYNTHETIC_AUGMENTED
COHORT_1652,JHARKH_DC_01,MACA,MOTOR_ACCIDENT,2024,Summons / Appearance,1,73,73,73,SYNTHETIC_AUGMENTED
COHORT_1653,JHARKH_DC_01,WP_C,WRIT_GENERAL,2018,Pleadings / Issues,1,104,104,104,SYNTHETIC_AUGMENTED
COHORT_1654,JHARKH_DC_01,WP_C,WRIT_GENERAL,2020,Evidence / Argument,1,187,187,187,SYNTHETIC_AUGMENTED
COHORT_1655,JHARKH_DC_01,WP_C,WRIT_GENERAL,2020,Pleadings / Issues,1,107,107,107,SYNTHETIC_AUGMENTED
COHORT_1656,JHARKH_DC_01,WP_C,WRIT_GENERAL,2022,Evidence / Argument,2,197.5,173,173,SYNTHETIC_AUGMENTED
COHORT_1657,JHARKH_DC_01,WP_C,WRIT_GENERAL,2022,Filing / Registration,2,26.0,21,21,SYNTHETIC_AUGMENTED
COHORT_1658,JHARKH_DC_01,WP_C,WRIT_GENERAL,2022,Pleadings / Issues,1,87,87,87,SYNTHETIC_AUGMENTED
COHORT_1659,JHARKH_DC_01,WP_C,WRIT_GENERAL,2024,Evidence / Argument,1,117,117,117,SYNTHETIC_AUGMENTED
COHORT_1660,JHARKH_DC_01,WP_C,WRIT_GENERAL,2024,Filing / Registration,1,22,22,22,SYNTHETIC_AUGMENTED
COHORT_1661,JHARKH_DC_01,WP_C,WRIT_GENERAL,2024,Summons / Appearance,2,146.0,69,69,SYNTHETIC_AUGMENTED
COHORT_1662,JHARKH_DC_02,BA,BAIL_GENERAL,2018,Filing / Registration,1,14,14,14,SYNTHETIC_AUGMENTED
COHORT_1663,JHARKH_DC_02,BA,BAIL_GENERAL,2018,Summons / Appearance,1,48,48,48,SYNTHETIC_AUGMENTED
COHORT_1664,JHARKH_DC_02,BA,BAIL_GENERAL,2020,Evidence / Argument,2,164.0,104,104,SYNTHETIC_AUGMENTED
COHORT_1665,JHARKH_DC_02,BA,BAIL_GENERAL,2020,Filing / Registration,1,9,9,9,SYNTHETIC_AUGMENTED
COHORT_1666,JHARKH_DC_02,BA,BAIL_GENERAL,2020,Summons / Appearance,1,375,375,375,SYNTHETIC_AUGMENTED
COHORT_1667,JHARKH_DC_02,BA,BAIL_GENERAL,2022,Evidence / Argument,2,105.0,101,101,SYNTHETIC_AUGMENTED
COHORT_1668,JHARKH_DC_02,BA,BAIL_GENERAL,2022,Pleadings / Issues,3,85,85,85,SYNTHETIC_AUGMENTED
COHORT_1669,JHARKH_DC_02,BA,BAIL_GENERAL,2022,Summons / Appearance,1,68,68,68,SYNTHETIC_AUGMENTED
COHORT_1670,JHARKH_DC_02,BA,BAIL_GENERAL,2024,Evidence / Argument,1,120,120,120,SYNTHETIC_AUGMENTED
COHORT_1671,JHARKH_DC_02,BA,BAIL_GENERAL,2024,Final Arguments / Judgment,1,139,139,139,SYNTHETIC_AUGMENTED
COHORT_1672,JHARKH_DC_02,CRL_A,CRIMINAL_APPEAL,2018,Evidence / Argument,1,98,98,98,SYNTHETIC_AUGMENTED
COHORT_1673,JHARKH_DC_02,CRL_A,CRIMINAL_APPEAL,2020,Evidence / Argument,1,157,157,157,SYNTHETIC_AUGMENTED
COHORT_1674,JHARKH_DC_02,CRL_A,CRIMINAL_APPEAL,2020,Filing / Registration,1,15,15,15,SYNTHETIC_AUGMENTED
COHORT_1675,JHARKH_DC_02,CRL_A,CRIMINAL_APPEAL,2020,Summons / Appearance,2,259.0,114,114,SYNTHETIC_AUGMENTED
COHORT_1676,JHARKH_DC_02,CRL_A,CRIMINAL_APPEAL,2022,Evidence / Argument,3,191,191,191,SYNTHETIC_AUGMENTED
COHORT_1677,JHARKH_DC_02,CRL_A,CRIMINAL_APPEAL,2022,Pleadings / Issues,2,68.0,56,56,SYNTHETIC_AUGMENTED
COHORT_1678,JHARKH_DC_02,CRL_A,CRIMINAL_APPEAL,2022,Summons / Appearance,3,265,265,265,SYNTHETIC_AUGMENTED
COHORT_1679,JHARKH_DC_02,CRL_A,CRIMINAL_APPEAL,2024,Evidence / Argument,1,39,39,39,SYNTHETIC_AUGMENTED
COHORT_1680,JHARKH_DC_02,CRL_A,CRIMINAL_APPEAL,2024,Summons / Appearance,1,79,79,79,SYNTHETIC_AUGMENTED
COHORT_1681,JHARKH_DC_02,CS,CPC_GENERAL,2018,Filing / Registration,1,17,17,17,SYNTHETIC_AUGMENTED
COHORT_1682,JHARKH_DC_02,CS,CPC_GENERAL,2018,Pleadings / Issues,1,55,55,55,SYNTHETIC_AUGMENTED
COHORT_1683,JHARKH_DC_02,CS,CPC_GENERAL,2018,Summons / Appearance,1,43,43,43,SYNTHETIC_AUGMENTED
COHORT_1684,JHARKH_DC_02,CS,CPC_GENERAL,2020,Pleadings / Issues,1,147,147,147,SYNTHETIC_AUGMENTED
COHORT_1685,JHARKH_DC_02,CS,CPC_GENERAL,2020,Summons / Appearance,2,170.0,132,132,SYNTHETIC_AUGMENTED
COHORT_1686,JHARKH_DC_02,CS,CPC_GENERAL,2022,Evidence / Argument,4,186.5,223,223,SYNTHETIC_AUGMENTED
COHORT_1687,JHARKH_DC_02,CS,CPC_GENERAL,2022,Final Arguments / Judgment,1,199,199,199,SYNTHETIC_AUGMENTED
COHORT_1688,JHARKH_DC_02,CS,CPC_GENERAL,2022,Pleadings / Issues,1,103,103,103,SYNTHETIC_AUGMENTED
COHORT_1689,JHARKH_DC_02,CS,CPC_GENERAL,2022,Summons / Appearance,5,347,373,373,SYNTHETIC_AUGMENTED
COHORT_1690,JHARKH_DC_02,CS,CPC_GENERAL,2024,Evidence / Argument,2,253.5,128,128,SYNTHETIC_AUGMENTED
COHORT_1691,JHARKH_DC_02,CS,CPC_GENERAL,2024,Final Arguments / Judgment,1,129,129,129,SYNTHETIC_AUGMENTED
COHORT_1692,JHARKH_DC_02,CS,CPC_GENERAL,2024,Pleadings / Issues,2,121.5,119,119,SYNTHETIC_AUGMENTED
COHORT_1693,JHARKH_DC_02,CS,CPC_GENERAL,2024,Summons / Appearance,1,71,71,71,SYNTHETIC_AUGMENTED
COHORT_1694,JHARKH_DC_02,MACA,MOTOR_ACCIDENT,2020,Evidence / Argument,1,97,97,97,SYNTHETIC_AUGMENTED
COHORT_1695,JHARKH_DC_02,MACA,MOTOR_ACCIDENT,2020,Summons / Appearance,1,38,38,38,SYNTHETIC_AUGMENTED
COHORT_1696,JHARKH_DC_02,MACA,MOTOR_ACCIDENT,2022,Evidence / Argument,1,162,162,162,SYNTHETIC_AUGMENTED
COHORT_1697,JHARKH_DC_02,MACA,MOTOR_ACCIDENT,2024,Filing / Registration,1,14,14,14,SYNTHETIC_AUGMENTED
COHORT_1698,JHARKH_DC_02,MACA,MOTOR_ACCIDENT,2024,Summons / Appearance,1,76,76,76,SYNTHETIC_AUGMENTED
COHORT_1699,JHARKH_DC_02,WP_C,WRIT_GENERAL,2020,Final Arguments / Judgment,1,80,80,80,SYNTHETIC_AUGMENTED
COHORT_1700,JHARKH_DC_02,WP_C,WRIT_GENERAL,2022,Evidence / Argument,1,309,309,309,SYNTHETIC_AUGMENTED
COHORT_1701,JHARKH_DC_02,WP_C,WRIT_GENERAL,2022,Final Arguments / Judgment,3,78,78,78,SYNTHETIC_AUGMENTED
COHORT_1702,JHARKH_DC_02,WP_C,WRIT_GENERAL,2022,Pleadings / Issues,2,150.0,111,111,SYNTHETIC_AUGMENTED
COHORT_1703,JHARKH_DC_02,WP_C,WRIT_GENERAL,2022,Summons / Appearance,1,175,175,175,SYNTHETIC_AUGMENTED
COHORT_1704,JHARKH_DC_02,WP_C,WRIT_GENERAL,2024,Evidence / Argument,2,155.5,126,126,SYNTHETIC_AUGMENTED
COHORT_1705,JHARKH_DC_02,WP_C,WRIT_GENERAL,2024,Filing / Registration,1,26,26,26,SYNTHETIC_AUGMENTED
COHORT_1706,JHARKH_DC_02,WP_C,WRIT_GENERAL,2024,Pleadings / Issues,1,53,53,53,SYNTHETIC_AUGMENTED
COHORT_1707,JHARKH_DC_02,WP_C,WRIT_GENERAL,2024,Summons / Appearance,1,247,247,247,SYNTHETIC_AUGMENTED
COHORT_1708,JHARKH_DC_03,BA,BAIL_GENERAL,2020,Evidence / Argument,1,212,212,212,SYNTHETIC_AUGMENTED
COHORT_1709,JHARKH_DC_03,BA,BAIL_GENERAL,2020,Final Arguments / Judgment,1,46,46,46,SYNTHETIC_AUGMENTED
COHORT_1710,JHARKH_DC_03,BA,BAIL_GENERAL,2020,Summons / Appearance,1,135,135,135,SYNTHETIC_AUGMENTED
COHORT_1711,JHARKH_DC_03,BA,BAIL_GENERAL,2022,Evidence / Argument,1,159,159,159,SYNTHETIC_AUGMENTED
COHORT_1712,JHARKH_DC_03,BA,BAIL_GENERAL,2022,Filing / Registration,1,19,19,19,SYNTHETIC_AUGMENTED
COHORT_1713,JHARKH_DC_03,BA,BAIL_GENERAL,2022,Final Arguments / Judgment,4,79.0,88,88,SYNTHETIC_AUGMENTED
COHORT_1714,JHARKH_DC_03,BA,BAIL_GENERAL,2022,Pleadings / Issues,1,110,110,110,SYNTHETIC_AUGMENTED
COHORT_1715,JHARKH_DC_03,BA,BAIL_GENERAL,2022,Summons / Appearance,3,69,69,69,SYNTHETIC_AUGMENTED
COHORT_1716,JHARKH_DC_03,BA,BAIL_GENERAL,2024,Pleadings / Issues,2,51.5,33,33,SYNTHETIC_AUGMENTED
COHORT_1717,JHARKH_DC_03,BA,BAIL_GENERAL,2024,Summons / Appearance,1,77,77,77,SYNTHETIC_AUGMENTED
COHORT_1718,JHARKH_DC_03,CRL_A,CRIMINAL_APPEAL,2018,Final Arguments / Judgment,1,66,66,66,SYNTHETIC_AUGMENTED
COHORT_1719,JHARKH_DC_03,CRL_A,CRIMINAL_APPEAL,2020,Summons / Appearance,2,131.0,55,55,SYNTHETIC_AUGMENTED
COHORT_1720,JHARKH_DC_03,CRL_A,CRIMINAL_APPEAL,2022,Final Arguments / Judgment,1,53,53,53,SYNTHETIC_AUGMENTED
COHORT_1721,JHARKH_DC_03,CRL_A,CRIMINAL_APPEAL,2022,Summons / Appearance,2,96.5,68,68,SYNTHETIC_AUGMENTED
COHORT_1722,JHARKH_DC_03,CRL_A,CRIMINAL_APPEAL,2024,Evidence / Argument,2,313.0,223,223,SYNTHETIC_AUGMENTED
COHORT_1723,JHARKH_DC_03,CRL_A,CRIMINAL_APPEAL,2024,Filing / Registration,1,21,21,21,SYNTHETIC_AUGMENTED
COHORT_1724,JHARKH_DC_03,CRL_A,CRIMINAL_APPEAL,2024,Summons / Appearance,2,223.0,188,188,SYNTHETIC_AUGMENTED
COHORT_1725,JHARKH_DC_03,CS,CPC_GENERAL,2018,Filing / Registration,1,13,13,13,SYNTHETIC_AUGMENTED
COHORT_1726,JHARKH_DC_03,CS,CPC_GENERAL,2018,Summons / Appearance,1,134,134,134,SYNTHETIC_AUGMENTED
COHORT_1727,JHARKH_DC_03,CS,CPC_GENERAL,2020,Evidence / Argument,2,339.0,330,330,SYNTHETIC_AUGMENTED
COHORT_1728,JHARKH_DC_03,CS,CPC_GENERAL,2020,Final Arguments / Judgment,1,94,94,94,SYNTHETIC_AUGMENTED
COHORT_1729,JHARKH_DC_03,CS,CPC_GENERAL,2020,Summons / Appearance,5,113,153,153,SYNTHETIC_AUGMENTED
COHORT_1730,JHARKH_DC_03,CS,CPC_GENERAL,2022,Filing / Registration,1,13,13,13,SYNTHETIC_AUGMENTED
COHORT_1731,JHARKH_DC_03,CS,CPC_GENERAL,2022,Final Arguments / Judgment,1,200,200,200,SYNTHETIC_AUGMENTED
COHORT_1732,JHARKH_DC_03,CS,CPC_GENERAL,2022,Pleadings / Issues,4,90.5,92,92,SYNTHETIC_AUGMENTED
COHORT_1733,JHARKH_DC_03,CS,CPC_GENERAL,2022,Summons / Appearance,4,137.0,146,146,SYNTHETIC_AUGMENTED
COHORT_1734,JHARKH_DC_03,CS,CPC_GENERAL,2024,Pleadings / Issues,1,101,101,101,SYNTHETIC_AUGMENTED
COHORT_1735,JHARKH_DC_03,CS,CPC_GENERAL,2024,Summons / Appearance,1,371,371,371,SYNTHETIC_AUGMENTED
COHORT_1736,JHARKH_DC_03,MACA,MOTOR_ACCIDENT,2020,Filing / Registration,1,5,5,5,SYNTHETIC_AUGMENTED
COHORT_1737,JHARKH_DC_03,MACA,MOTOR_ACCIDENT,2022,Evidence / Argument,1,523,523,523,SYNTHETIC_AUGMENTED
COHORT_1738,JHARKH_DC_03,MACA,MOTOR_ACCIDENT,2022,Summons / Appearance,2,65.0,56,56,SYNTHETIC_AUGMENTED
COHORT_1739,JHARKH_DC_03,WP_C,WRIT_GENERAL,2018,Pleadings / Issues,1,140,140,140,SYNTHETIC_AUGMENTED
COHORT_1740,JHARKH_DC_03,WP_C,WRIT_GENERAL,2022,Evidence / Argument,2,210.0,187,187,SYNTHETIC_AUGMENTED
COHORT_1741,JHARKH_DC_03,WP_C,WRIT_GENERAL,2022,Filing / Registration,1,28,28,28,SYNTHETIC_AUGMENTED
COHORT_1742,JHARKH_DC_03,WP_C,WRIT_GENERAL,2024,Evidence / Argument,1,111,111,111,SYNTHETIC_AUGMENTED
COHORT_1743,JHARKH_DC_03,WP_C,WRIT_GENERAL,2024,Pleadings / Issues,1,199,199,199,SYNTHETIC_AUGMENTED
COHORT_1744,JHARKH_DC_04,BA,BAIL_GENERAL,2020,Filing / Registration,2,21.5,20,20,SYNTHETIC_AUGMENTED
COHORT_1745,JHARKH_DC_04,BA,BAIL_GENERAL,2020,Pleadings / Issues,1,102,102,102,SYNTHETIC_AUGMENTED
COHORT_1746,JHARKH_DC_04,BA,BAIL_GENERAL,2020,Summons / Appearance,1,159,159,159,SYNTHETIC_AUGMENTED
COHORT_1747,JHARKH_DC_04,BA,BAIL_GENERAL,2022,Evidence / Argument,1,326,326,326,SYNTHETIC_AUGMENTED
COHORT_1748,JHARKH_DC_04,BA,BAIL_GENERAL,2022,Pleadings / Issues,3,81,81,81,SYNTHETIC_AUGMENTED
COHORT_1749,JHARKH_DC_04,BA,BAIL_GENERAL,2022,Summons / Appearance,4,140.5,177,177,SYNTHETIC_AUGMENTED
COHORT_1750,JHARKH_DC_04,BA,BAIL_GENERAL,2024,Pleadings / Issues,1,87,87,87,SYNTHETIC_AUGMENTED
COHORT_1751,JHARKH_DC_04,BA,BAIL_GENERAL,2024,Summons / Appearance,2,47.5,17,17,SYNTHETIC_AUGMENTED
COHORT_1752,JHARKH_DC_04,CRL_A,CRIMINAL_APPEAL,2018,Final Arguments / Judgment,1,62,62,62,SYNTHETIC_AUGMENTED
COHORT_1753,JHARKH_DC_04,CRL_A,CRIMINAL_APPEAL,2018,Summons / Appearance,1,66,66,66,SYNTHETIC_AUGMENTED
COHORT_1754,JHARKH_DC_04,CRL_A,CRIMINAL_APPEAL,2020,Evidence / Argument,1,186,186,186,SYNTHETIC_AUGMENTED
COHORT_1755,JHARKH_DC_04,CRL_A,CRIMINAL_APPEAL,2020,Pleadings / Issues,2,117.5,112,112,SYNTHETIC_AUGMENTED
COHORT_1756,JHARKH_DC_04,CRL_A,CRIMINAL_APPEAL,2020,Summons / Appearance,1,195,195,195,SYNTHETIC_AUGMENTED
COHORT_1757,JHARKH_DC_04,CRL_A,CRIMINAL_APPEAL,2022,Evidence / Argument,1,221,221,221,SYNTHETIC_AUGMENTED
COHORT_1758,JHARKH_DC_04,CRL_A,CRIMINAL_APPEAL,2022,Final Arguments / Judgment,1,92,92,92,SYNTHETIC_AUGMENTED
COHORT_1759,JHARKH_DC_04,CRL_A,CRIMINAL_APPEAL,2022,Pleadings / Issues,2,182.5,102,102,SYNTHETIC_AUGMENTED
COHORT_1760,JHARKH_DC_04,CRL_A,CRIMINAL_APPEAL,2022,Summons / Appearance,4,88.5,95,95,SYNTHETIC_AUGMENTED
COHORT_1761,JHARKH_DC_04,CRL_A,CRIMINAL_APPEAL,2024,Final Arguments / Judgment,1,56,56,56,SYNTHETIC_AUGMENTED
COHORT_1762,JHARKH_DC_04,CRL_A,CRIMINAL_APPEAL,2024,Summons / Appearance,2,196.5,57,57,SYNTHETIC_AUGMENTED
COHORT_1763,JHARKH_DC_04,CS,CPC_GENERAL,2018,Summons / Appearance,1,79,79,79,SYNTHETIC_AUGMENTED
COHORT_1764,JHARKH_DC_04,CS,CPC_GENERAL,2020,Evidence / Argument,1,403,403,403,SYNTHETIC_AUGMENTED
COHORT_1765,JHARKH_DC_04,CS,CPC_GENERAL,2022,Evidence / Argument,3,229,229,229,SYNTHETIC_AUGMENTED
COHORT_1766,JHARKH_DC_04,CS,CPC_GENERAL,2022,Filing / Registration,1,32,32,32,SYNTHETIC_AUGMENTED
COHORT_1767,JHARKH_DC_04,CS,CPC_GENERAL,2022,Pleadings / Issues,2,119.0,66,66,SYNTHETIC_AUGMENTED
COHORT_1768,JHARKH_DC_04,CS,CPC_GENERAL,2022,Summons / Appearance,4,76.5,86,86,SYNTHETIC_AUGMENTED
COHORT_1769,JHARKH_DC_04,CS,CPC_GENERAL,2024,Evidence / Argument,2,162.0,148,148,SYNTHETIC_AUGMENTED
COHORT_1770,JHARKH_DC_04,CS,CPC_GENERAL,2024,Final Arguments / Judgment,1,32,32,32,SYNTHETIC_AUGMENTED
COHORT_1771,JHARKH_DC_04,CS,CPC_GENERAL,2024,Summons / Appearance,2,98.0,66,66,SYNTHETIC_AUGMENTED
COHORT_1772,JHARKH_DC_04,MACA,MOTOR_ACCIDENT,2020,Pleadings / Issues,1,49,49,49,SYNTHETIC_AUGMENTED
COHORT_1773,JHARKH_DC_04,MACA,MOTOR_ACCIDENT,2020,Summons / Appearance,1,91,91,91,SYNTHETIC_AUGMENTED
COHORT_1774,JHARKH_DC_04,MACA,MOTOR_ACCIDENT,2022,Final Arguments / Judgment,1,92,92,92,SYNTHETIC_AUGMENTED
COHORT_1775,JHARKH_DC_04,MACA,MOTOR_ACCIDENT,2022,Pleadings / Issues,1,62,62,62,SYNTHETIC_AUGMENTED
COHORT_1776,JHARKH_DC_04,MACA,MOTOR_ACCIDENT,2022,Summons / Appearance,1,314,314,314,SYNTHETIC_AUGMENTED
COHORT_1777,JHARKH_DC_04,MACA,MOTOR_ACCIDENT,2024,Pleadings / Issues,1,76,76,76,SYNTHETIC_AUGMENTED
COHORT_1778,JHARKH_DC_04,MACA,MOTOR_ACCIDENT,2024,Summons / Appearance,1,218,218,218,SYNTHETIC_AUGMENTED
COHORT_1779,JHARKH_DC_04,WP_C,WRIT_GENERAL,2018,Filing / Registration,1,9,9,9,SYNTHETIC_AUGMENTED
COHORT_1780,JHARKH_DC_04,WP_C,WRIT_GENERAL,2018,Pleadings / Issues,1,99,99,99,SYNTHETIC_AUGMENTED
COHORT_1781,JHARKH_DC_04,WP_C,WRIT_GENERAL,2020,Evidence / Argument,1,141,141,141,SYNTHETIC_AUGMENTED
COHORT_1782,JHARKH_DC_04,WP_C,WRIT_GENERAL,2020,Pleadings / Issues,2,81.5,63,63,SYNTHETIC_AUGMENTED
COHORT_1783,JHARKH_DC_04,WP_C,WRIT_GENERAL,2020,Summons / Appearance,1,112,112,112,SYNTHETIC_AUGMENTED
COHORT_1784,JHARKH_DC_04,WP_C,WRIT_GENERAL,2022,Evidence / Argument,1,112,112,112,SYNTHETIC_AUGMENTED
COHORT_1785,JHARKH_DC_04,WP_C,WRIT_GENERAL,2022,Filing / Registration,1,10,10,10,SYNTHETIC_AUGMENTED
COHORT_1786,JHARKH_DC_04,WP_C,WRIT_GENERAL,2022,Summons / Appearance,1,134,134,134,SYNTHETIC_AUGMENTED
COHORT_1787,JHARKH_DC_04,WP_C,WRIT_GENERAL,2024,Evidence / Argument,1,16,16,16,SYNTHETIC_AUGMENTED
COHORT_1788,JHARKH_DC_05,BA,BAIL_GENERAL,2018,Filing / Registration,1,16,16,16,SYNTHETIC_AUGMENTED
COHORT_1789,JHARKH_DC_05,BA,BAIL_GENERAL,2020,Evidence / Argument,2,111.5,90,90,SYNTHETIC_AUGMENTED
COHORT_1790,JHARKH_DC_05,BA,BAIL_GENERAL,2020,Filing / Registration,1,14,14,14,SYNTHETIC_AUGMENTED
COHORT_1791,JHARKH_DC_05,BA,BAIL_GENERAL,2020,Final Arguments / Judgment,1,185,185,185,SYNTHETIC_AUGMENTED
COHORT_1792,JHARKH_DC_05,BA,BAIL_GENERAL,2020,Summons / Appearance,1,220,220,220,SYNTHETIC_AUGMENTED
COHORT_1793,JHARKH_DC_05,BA,BAIL_GENERAL,2022,Evidence / Argument,3,361,361,361,SYNTHETIC_AUGMENTED
COHORT_1794,JHARKH_DC_05,BA,BAIL_GENERAL,2022,Final Arguments / Judgment,1,57,57,57,SYNTHETIC_AUGMENTED
COHORT_1795,JHARKH_DC_05,BA,BAIL_GENERAL,2022,Pleadings / Issues,2,96.0,86,86,SYNTHETIC_AUGMENTED
COHORT_1796,JHARKH_DC_05,BA,BAIL_GENERAL,2022,Summons / Appearance,7,77,88,315,SYNTHETIC_AUGMENTED
COHORT_1797,JHARKH_DC_05,BA,BAIL_GENERAL,2024,Evidence / Argument,1,157,157,157,SYNTHETIC_AUGMENTED
COHORT_1798,JHARKH_DC_05,CRL_A,CRIMINAL_APPEAL,2018,Summons / Appearance,1,238,238,238,SYNTHETIC_AUGMENTED
COHORT_1799,JHARKH_DC_05,CRL_A,CRIMINAL_APPEAL,2020,Pleadings / Issues,1,222,222,222,SYNTHETIC_AUGMENTED
COHORT_1800,JHARKH_DC_05,CRL_A,CRIMINAL_APPEAL,2020,Summons / Appearance,1,412,412,412,SYNTHETIC_AUGMENTED
COHORT_1801,JHARKH_DC_05,CRL_A,CRIMINAL_APPEAL,2022,Evidence / Argument,2,313.0,237,237,SYNTHETIC_AUGMENTED
COHORT_1802,JHARKH_DC_05,CRL_A,CRIMINAL_APPEAL,2022,Final Arguments / Judgment,1,82,82,82,SYNTHETIC_AUGMENTED
COHORT_1803,JHARKH_DC_05,CRL_A,CRIMINAL_APPEAL,2022,Pleadings / Issues,1,121,121,121,SYNTHETIC_AUGMENTED
COHORT_1804,JHARKH_DC_05,CRL_A,CRIMINAL_APPEAL,2022,Summons / Appearance,1,139,139,139,SYNTHETIC_AUGMENTED
COHORT_1805,JHARKH_DC_05,CRL_A,CRIMINAL_APPEAL,2024,Evidence / Argument,3,115,115,115,SYNTHETIC_AUGMENTED
COHORT_1806,JHARKH_DC_05,CRL_A,CRIMINAL_APPEAL,2024,Final Arguments / Judgment,1,75,75,75,SYNTHETIC_AUGMENTED
COHORT_1807,JHARKH_DC_05,CRL_A,CRIMINAL_APPEAL,2024,Summons / Appearance,1,209,209,209,SYNTHETIC_AUGMENTED
COHORT_1808,JHARKH_DC_05,CS,CPC_GENERAL,2018,Evidence / Argument,2,206.0,117,117,SYNTHETIC_AUGMENTED
COHORT_1809,JHARKH_DC_05,CS,CPC_GENERAL,2018,Pleadings / Issues,1,120,120,120,SYNTHETIC_AUGMENTED
COHORT_1810,JHARKH_DC_05,CS,CPC_GENERAL,2018,Summons / Appearance,1,137,137,137,SYNTHETIC_AUGMENTED
COHORT_1811,JHARKH_DC_05,CS,CPC_GENERAL,2020,Filing / Registration,1,20,20,20,SYNTHETIC_AUGMENTED
COHORT_1812,JHARKH_DC_05,CS,CPC_GENERAL,2020,Final Arguments / Judgment,3,92,92,92,SYNTHETIC_AUGMENTED
COHORT_1813,JHARKH_DC_05,CS,CPC_GENERAL,2020,Pleadings / Issues,1,98,98,98,SYNTHETIC_AUGMENTED
COHORT_1814,JHARKH_DC_05,CS,CPC_GENERAL,2020,Summons / Appearance,1,315,315,315,SYNTHETIC_AUGMENTED
COHORT_1815,JHARKH_DC_05,CS,CPC_GENERAL,2022,Evidence / Argument,1,155,155,155,SYNTHETIC_AUGMENTED
COHORT_1816,JHARKH_DC_05,CS,CPC_GENERAL,2022,Filing / Registration,1,5,5,5,SYNTHETIC_AUGMENTED
COHORT_1817,JHARKH_DC_05,CS,CPC_GENERAL,2022,Pleadings / Issues,3,94,94,94,SYNTHETIC_AUGMENTED
COHORT_1818,JHARKH_DC_05,CS,CPC_GENERAL,2022,Summons / Appearance,3,168,168,168,SYNTHETIC_AUGMENTED
COHORT_1819,JHARKH_DC_05,CS,CPC_GENERAL,2024,Evidence / Argument,2,190.0,153,153,SYNTHETIC_AUGMENTED
COHORT_1820,JHARKH_DC_05,CS,CPC_GENERAL,2024,Filing / Registration,2,14.5,13,13,SYNTHETIC_AUGMENTED
COHORT_1821,JHARKH_DC_05,CS,CPC_GENERAL,2024,Pleadings / Issues,1,33,33,33,SYNTHETIC_AUGMENTED
COHORT_1822,JHARKH_DC_05,CS,CPC_GENERAL,2024,Summons / Appearance,3,84,84,84,SYNTHETIC_AUGMENTED
COHORT_1823,JHARKH_DC_05,MACA,MOTOR_ACCIDENT,2022,Evidence / Argument,1,105,105,105,SYNTHETIC_AUGMENTED
COHORT_1824,JHARKH_DC_05,MACA,MOTOR_ACCIDENT,2022,Final Arguments / Judgment,1,72,72,72,SYNTHETIC_AUGMENTED
COHORT_1825,JHARKH_DC_05,MACA,MOTOR_ACCIDENT,2022,Summons / Appearance,1,37,37,37,SYNTHETIC_AUGMENTED
COHORT_1826,JHARKH_DC_05,WP_C,WRIT_GENERAL,2018,Evidence / Argument,1,240,240,240,SYNTHETIC_AUGMENTED
COHORT_1827,JHARKH_DC_05,WP_C,WRIT_GENERAL,2020,Pleadings / Issues,1,85,85,85,SYNTHETIC_AUGMENTED
COHORT_1828,JHARKH_DC_05,WP_C,WRIT_GENERAL,2020,Summons / Appearance,1,56,56,56,SYNTHETIC_AUGMENTED
COHORT_1829,JHARKH_DC_05,WP_C,WRIT_GENERAL,2022,Evidence / Argument,1,162,162,162,SYNTHETIC_AUGMENTED
COHORT_1830,JHARKH_DC_05,WP_C,WRIT_GENERAL,2022,Filing / Registration,1,50,50,50,SYNTHETIC_AUGMENTED
COHORT_1831,JHARKH_DC_05,WP_C,WRIT_GENERAL,2022,Final Arguments / Judgment,1,88,88,88,SYNTHETIC_AUGMENTED
COHORT_1832,JHARKH_DC_05,WP_C,WRIT_GENERAL,2024,Filing / Registration,1,11,11,11,SYNTHETIC_AUGMENTED
COHORT_1833,JHARKH_DC_05,WP_C,WRIT_GENERAL,2024,Pleadings / Issues,1,116,116,116,SYNTHETIC_AUGMENTED
COHORT_1834,KARNAT_DC_01,BA,BAIL_GENERAL,2020,Evidence / Argument,2,251.5,146,146,SYNTHETIC_AUGMENTED
COHORT_1835,KARNAT_DC_01,BA,BAIL_GENERAL,2020,Filing / Registration,1,12,12,12,SYNTHETIC_AUGMENTED
COHORT_1836,KARNAT_DC_01,BA,BAIL_GENERAL,2020,Pleadings / Issues,1,141,141,141,SYNTHETIC_AUGMENTED
COHORT_1837,KARNAT_DC_01,BA,BAIL_GENERAL,2020,Summons / Appearance,1,70,70,70,SYNTHETIC_AUGMENTED
COHORT_1838,KARNAT_DC_01,BA,BAIL_GENERAL,2022,Final Arguments / Judgment,3,74,74,74,SYNTHETIC_AUGMENTED
COHORT_1839,KARNAT_DC_01,BA,BAIL_GENERAL,2022,Pleadings / Issues,1,211,211,211,SYNTHETIC_AUGMENTED
COHORT_1840,KARNAT_DC_01,BA,BAIL_GENERAL,2022,Summons / Appearance,7,106,256,381,SYNTHETIC_AUGMENTED
COHORT_1841,KARNAT_DC_01,BA,BAIL_GENERAL,2024,Evidence / Argument,1,157,157,157,SYNTHETIC_AUGMENTED
COHORT_1842,KARNAT_DC_01,BA,BAIL_GENERAL,2024,Final Arguments / Judgment,1,74,74,74,SYNTHETIC_AUGMENTED
COHORT_1843,KARNAT_DC_01,BA,BAIL_GENERAL,2024,Pleadings / Issues,2,160.0,65,65,SYNTHETIC_AUGMENTED
COHORT_1844,KARNAT_DC_01,CRL_A,CRIMINAL_APPEAL,2018,Summons / Appearance,1,376,376,376,SYNTHETIC_AUGMENTED
COHORT_1845,KARNAT_DC_01,CRL_A,CRIMINAL_APPEAL,2020,Evidence / Argument,2,369.0,288,288,SYNTHETIC_AUGMENTED
COHORT_1846,KARNAT_DC_01,CRL_A,CRIMINAL_APPEAL,2020,Final Arguments / Judgment,1,78,78,78,SYNTHETIC_AUGMENTED
COHORT_1847,KARNAT_DC_01,CRL_A,CRIMINAL_APPEAL,2020,Pleadings / Issues,1,116,116,116,SYNTHETIC_AUGMENTED
COHORT_1848,KARNAT_DC_01,CRL_A,CRIMINAL_APPEAL,2020,Summons / Appearance,2,93.5,49,49,SYNTHETIC_AUGMENTED
COHORT_1849,KARNAT_DC_01,CRL_A,CRIMINAL_APPEAL,2022,Final Arguments / Judgment,2,142.5,88,88,SYNTHETIC_AUGMENTED
COHORT_1850,KARNAT_DC_01,CRL_A,CRIMINAL_APPEAL,2022,Pleadings / Issues,4,168.0,249,249,SYNTHETIC_AUGMENTED
COHORT_1851,KARNAT_DC_01,CRL_A,CRIMINAL_APPEAL,2024,Final Arguments / Judgment,1,140,140,140,SYNTHETIC_AUGMENTED
COHORT_1852,KARNAT_DC_01,CRL_A,CRIMINAL_APPEAL,2024,Pleadings / Issues,2,74.0,61,61,SYNTHETIC_AUGMENTED
COHORT_1853,KARNAT_DC_01,CRL_A,CRIMINAL_APPEAL,2024,Summons / Appearance,2,68.5,64,64,SYNTHETIC_AUGMENTED
COHORT_1854,KARNAT_DC_01,CS,CPC_GENERAL,2018,Summons / Appearance,2,245.5,128,128,SYNTHETIC_AUGMENTED
COHORT_1855,KARNAT_DC_01,CS,CPC_GENERAL,2020,Evidence / Argument,1,170,170,170,SYNTHETIC_AUGMENTED
COHORT_1856,KARNAT_DC_01,CS,CPC_GENERAL,2020,Pleadings / Issues,1,277,277,277,SYNTHETIC_AUGMENTED
COHORT_1857,KARNAT_DC_01,CS,CPC_GENERAL,2022,Evidence / Argument,1,383,383,383,SYNTHETIC_AUGMENTED
COHORT_1858,KARNAT_DC_01,CS,CPC_GENERAL,2022,Filing / Registration,1,19,19,19,SYNTHETIC_AUGMENTED
COHORT_1859,KARNAT_DC_01,CS,CPC_GENERAL,2022,Pleadings / Issues,2,84.0,68,68,SYNTHETIC_AUGMENTED
COHORT_1860,KARNAT_DC_01,CS,CPC_GENERAL,2022,Summons / Appearance,2,65.5,42,42,SYNTHETIC_AUGMENTED
COHORT_1861,KARNAT_DC_01,CS,CPC_GENERAL,2024,Evidence / Argument,1,149,149,149,SYNTHETIC_AUGMENTED
COHORT_1862,KARNAT_DC_01,CS,CPC_GENERAL,2024,Pleadings / Issues,2,134.0,114,114,SYNTHETIC_AUGMENTED
COHORT_1863,KARNAT_DC_01,CS,CPC_GENERAL,2024,Summons / Appearance,1,89,89,89,SYNTHETIC_AUGMENTED
COHORT_1864,KARNAT_DC_01,MACA,MOTOR_ACCIDENT,2018,Summons / Appearance,1,74,74,74,SYNTHETIC_AUGMENTED
COHORT_1865,KARNAT_DC_01,MACA,MOTOR_ACCIDENT,2022,Summons / Appearance,1,85,85,85,SYNTHETIC_AUGMENTED
COHORT_1866,KARNAT_DC_01,WP_C,WRIT_GENERAL,2018,Final Arguments / Judgment,1,150,150,150,SYNTHETIC_AUGMENTED
COHORT_1867,KARNAT_DC_01,WP_C,WRIT_GENERAL,2022,Evidence / Argument,1,312,312,312,SYNTHETIC_AUGMENTED
COHORT_1868,KARNAT_DC_01,WP_C,WRIT_GENERAL,2022,Final Arguments / Judgment,1,204,204,204,SYNTHETIC_AUGMENTED
COHORT_1869,KARNAT_DC_01,WP_C,WRIT_GENERAL,2022,Pleadings / Issues,1,77,77,77,SYNTHETIC_AUGMENTED
COHORT_1870,KARNAT_DC_01,WP_C,WRIT_GENERAL,2022,Summons / Appearance,2,226.5,90,90,SYNTHETIC_AUGMENTED
COHORT_1871,KARNAT_DC_01,WP_C,WRIT_GENERAL,2024,Filing / Registration,1,17,17,17,SYNTHETIC_AUGMENTED
COHORT_1872,KARNAT_DC_02,BA,BAIL_GENERAL,2020,Evidence / Argument,1,91,91,91,SYNTHETIC_AUGMENTED
COHORT_1873,KARNAT_DC_02,BA,BAIL_GENERAL,2020,Pleadings / Issues,1,5,5,5,SYNTHETIC_AUGMENTED
COHORT_1874,KARNAT_DC_02,BA,BAIL_GENERAL,2022,Evidence / Argument,1,132,132,132,SYNTHETIC_AUGMENTED
COHORT_1875,KARNAT_DC_02,BA,BAIL_GENERAL,2022,Pleadings / Issues,3,131,131,131,SYNTHETIC_AUGMENTED
COHORT_1876,KARNAT_DC_02,BA,BAIL_GENERAL,2022,Summons / Appearance,1,37,37,37,SYNTHETIC_AUGMENTED
COHORT_1877,KARNAT_DC_02,BA,BAIL_GENERAL,2024,Final Arguments / Judgment,1,57,57,57,SYNTHETIC_AUGMENTED
COHORT_1878,KARNAT_DC_02,BA,BAIL_GENERAL,2024,Pleadings / Issues,1,149,149,149,SYNTHETIC_AUGMENTED
COHORT_1879,KARNAT_DC_02,CRL_A,CRIMINAL_APPEAL,2018,Final Arguments / Judgment,1,63,63,63,SYNTHETIC_AUGMENTED
COHORT_1880,KARNAT_DC_02,CRL_A,CRIMINAL_APPEAL,2020,Pleadings / Issues,1,334,334,334,SYNTHETIC_AUGMENTED
COHORT_1881,KARNAT_DC_02,CRL_A,CRIMINAL_APPEAL,2020,Summons / Appearance,2,71.0,41,41,SYNTHETIC_AUGMENTED
COHORT_1882,KARNAT_DC_02,CRL_A,CRIMINAL_APPEAL,2022,Evidence / Argument,1,422,422,422,SYNTHETIC_AUGMENTED
COHORT_1883,KARNAT_DC_02,CRL_A,CRIMINAL_APPEAL,2022,Filing / Registration,2,15.0,11,11,SYNTHETIC_AUGMENTED
COHORT_1884,KARNAT_DC_02,CRL_A,CRIMINAL_APPEAL,2022,Pleadings / Issues,2,100.0,98,98,SYNTHETIC_AUGMENTED
COHORT_1885,KARNAT_DC_02,CRL_A,CRIMINAL_APPEAL,2022,Summons / Appearance,5,200,342,342,SYNTHETIC_AUGMENTED
COHORT_1886,KARNAT_DC_02,CRL_A,CRIMINAL_APPEAL,2024,Summons / Appearance,1,92,92,92,SYNTHETIC_AUGMENTED
COHORT_1887,KARNAT_DC_02,CS,CPC_GENERAL,2018,Evidence / Argument,1,159,159,159,SYNTHETIC_AUGMENTED
COHORT_1888,KARNAT_DC_02,CS,CPC_GENERAL,2018,Final Arguments / Judgment,1,35,35,35,SYNTHETIC_AUGMENTED
COHORT_1889,KARNAT_DC_02,CS,CPC_GENERAL,2018,Pleadings / Issues,1,91,91,91,SYNTHETIC_AUGMENTED
COHORT_1890,KARNAT_DC_02,CS,CPC_GENERAL,2020,Summons / Appearance,1,67,67,67,SYNTHETIC_AUGMENTED
COHORT_1891,KARNAT_DC_02,CS,CPC_GENERAL,2022,Evidence / Argument,1,353,353,353,SYNTHETIC_AUGMENTED
COHORT_1892,KARNAT_DC_02,CS,CPC_GENERAL,2022,Filing / Registration,1,8,8,8,SYNTHETIC_AUGMENTED
COHORT_1893,KARNAT_DC_02,CS,CPC_GENERAL,2022,Final Arguments / Judgment,1,45,45,45,SYNTHETIC_AUGMENTED
COHORT_1894,KARNAT_DC_02,CS,CPC_GENERAL,2022,Summons / Appearance,3,58,58,58,SYNTHETIC_AUGMENTED
COHORT_1895,KARNAT_DC_02,CS,CPC_GENERAL,2024,Evidence / Argument,1,65,65,65,SYNTHETIC_AUGMENTED
COHORT_1896,KARNAT_DC_02,CS,CPC_GENERAL,2024,Pleadings / Issues,1,100,100,100,SYNTHETIC_AUGMENTED
COHORT_1897,KARNAT_DC_02,CS,CPC_GENERAL,2024,Summons / Appearance,3,87,87,87,SYNTHETIC_AUGMENTED
COHORT_1898,KARNAT_DC_02,MACA,MOTOR_ACCIDENT,2018,Pleadings / Issues,1,159,159,159,SYNTHETIC_AUGMENTED
COHORT_1899,KARNAT_DC_02,MACA,MOTOR_ACCIDENT,2020,Filing / Registration,1,44,44,44,SYNTHETIC_AUGMENTED
COHORT_1900,KARNAT_DC_02,MACA,MOTOR_ACCIDENT,2022,Filing / Registration,1,20,20,20,SYNTHETIC_AUGMENTED
COHORT_1901,KARNAT_DC_02,MACA,MOTOR_ACCIDENT,2022,Final Arguments / Judgment,1,104,104,104,SYNTHETIC_AUGMENTED
COHORT_1902,KARNAT_DC_02,MACA,MOTOR_ACCIDENT,2022,Pleadings / Issues,1,54,54,54,SYNTHETIC_AUGMENTED
COHORT_1903,KARNAT_DC_02,WP_C,WRIT_GENERAL,2020,Final Arguments / Judgment,1,140,140,140,SYNTHETIC_AUGMENTED
COHORT_1904,KARNAT_DC_02,WP_C,WRIT_GENERAL,2022,Evidence / Argument,1,79,79,79,SYNTHETIC_AUGMENTED
COHORT_1905,KARNAT_DC_02,WP_C,WRIT_GENERAL,2022,Filing / Registration,1,20,20,20,SYNTHETIC_AUGMENTED
COHORT_1906,KARNAT_DC_02,WP_C,WRIT_GENERAL,2022,Final Arguments / Judgment,4,59.0,59,59,SYNTHETIC_AUGMENTED
COHORT_1907,KARNAT_DC_02,WP_C,WRIT_GENERAL,2022,Pleadings / Issues,1,146,146,146,SYNTHETIC_AUGMENTED
COHORT_1908,KARNAT_DC_02,WP_C,WRIT_GENERAL,2022,Summons / Appearance,1,86,86,86,SYNTHETIC_AUGMENTED
COHORT_1909,KARNAT_DC_02,WP_C,WRIT_GENERAL,2024,Evidence / Argument,1,397,397,397,SYNTHETIC_AUGMENTED
COHORT_1910,KARNAT_DC_02,WP_C,WRIT_GENERAL,2024,Summons / Appearance,1,386,386,386,SYNTHETIC_AUGMENTED
COHORT_1911,KARNAT_DC_03,BA,BAIL_GENERAL,2018,Pleadings / Issues,1,265,265,265,SYNTHETIC_AUGMENTED
COHORT_1912,KARNAT_DC_03,BA,BAIL_GENERAL,2020,Evidence / Argument,2,152.5,143,143,SYNTHETIC_AUGMENTED
COHORT_1913,KARNAT_DC_03,BA,BAIL_GENERAL,2020,Pleadings / Issues,1,268,268,268,SYNTHETIC_AUGMENTED
COHORT_1914,KARNAT_DC_03,BA,BAIL_GENERAL,2020,Summons / Appearance,1,135,135,135,SYNTHETIC_AUGMENTED
COHORT_1915,KARNAT_DC_03,BA,BAIL_GENERAL,2022,Evidence / Argument,1,219,219,219,SYNTHETIC_AUGMENTED
COHORT_1916,KARNAT_DC_03,BA,BAIL_GENERAL,2022,Filing / Registration,1,14,14,14,SYNTHETIC_AUGMENTED
COHORT_1917,KARNAT_DC_03,BA,BAIL_GENERAL,2022,Final Arguments / Judgment,1,72,72,72,SYNTHETIC_AUGMENTED
COHORT_1918,KARNAT_DC_03,BA,BAIL_GENERAL,2022,Pleadings / Issues,1,39,39,39,SYNTHETIC_AUGMENTED
COHORT_1919,KARNAT_DC_03,BA,BAIL_GENERAL,2022,Summons / Appearance,2,114.0,93,93,SYNTHETIC_AUGMENTED
COHORT_1920,KARNAT_DC_03,BA,BAIL_GENERAL,2024,Evidence / Argument,1,149,149,149,SYNTHETIC_AUGMENTED
COHORT_1921,KARNAT_DC_03,BA,BAIL_GENERAL,2024,Pleadings / Issues,2,48.0,36,36,SYNTHETIC_AUGMENTED
COHORT_1922,KARNAT_DC_03,BA,BAIL_GENERAL,2024,Summons / Appearance,1,168,168,168,SYNTHETIC_AUGMENTED
COHORT_1923,KARNAT_DC_03,CRL_A,CRIMINAL_APPEAL,2020,Evidence / Argument,3,253,253,253,SYNTHETIC_AUGMENTED
COHORT_1924,KARNAT_DC_03,CRL_A,CRIMINAL_APPEAL,2020,Pleadings / Issues,1,92,92,92,SYNTHETIC_AUGMENTED
COHORT_1925,KARNAT_DC_03,CRL_A,CRIMINAL_APPEAL,2020,Summons / Appearance,1,103,103,103,SYNTHETIC_AUGMENTED
COHORT_1926,KARNAT_DC_03,CRL_A,CRIMINAL_APPEAL,2022,Summons / Appearance,4,106.0,129,129,SYNTHETIC_AUGMENTED
COHORT_1927,KARNAT_DC_03,CRL_A,CRIMINAL_APPEAL,2024,Final Arguments / Judgment,1,206,206,206,SYNTHETIC_AUGMENTED
COHORT_1928,KARNAT_DC_03,CS,CPC_GENERAL,2018,Evidence / Argument,1,191,191,191,SYNTHETIC_AUGMENTED
COHORT_1929,KARNAT_DC_03,CS,CPC_GENERAL,2020,Evidence / Argument,1,160,160,160,SYNTHETIC_AUGMENTED
COHORT_1930,KARNAT_DC_03,CS,CPC_GENERAL,2020,Pleadings / Issues,1,109,109,109,SYNTHETIC_AUGMENTED
COHORT_1931,KARNAT_DC_03,CS,CPC_GENERAL,2020,Summons / Appearance,1,51,51,51,SYNTHETIC_AUGMENTED
COHORT_1932,KARNAT_DC_03,CS,CPC_GENERAL,2022,Evidence / Argument,2,129.0,126,126,SYNTHETIC_AUGMENTED
COHORT_1933,KARNAT_DC_03,CS,CPC_GENERAL,2022,Pleadings / Issues,1,167,167,167,SYNTHETIC_AUGMENTED
COHORT_1934,KARNAT_DC_03,CS,CPC_GENERAL,2022,Summons / Appearance,3,156,156,156,SYNTHETIC_AUGMENTED
COHORT_1935,KARNAT_DC_03,MACA,MOTOR_ACCIDENT,2018,Evidence / Argument,1,103,103,103,SYNTHETIC_AUGMENTED
COHORT_1936,KARNAT_DC_03,MACA,MOTOR_ACCIDENT,2022,Summons / Appearance,1,47,47,47,SYNTHETIC_AUGMENTED
COHORT_1937,KARNAT_DC_03,MACA,MOTOR_ACCIDENT,2024,Evidence / Argument,2,212.5,136,136,SYNTHETIC_AUGMENTED
COHORT_1938,KARNAT_DC_03,MACA,MOTOR_ACCIDENT,2024,Final Arguments / Judgment,1,92,92,92,SYNTHETIC_AUGMENTED
COHORT_1939,KARNAT_DC_03,WP_C,WRIT_GENERAL,2018,Summons / Appearance,2,224.5,90,90,SYNTHETIC_AUGMENTED
COHORT_1940,KARNAT_DC_03,WP_C,WRIT_GENERAL,2020,Summons / Appearance,1,418,418,418,SYNTHETIC_AUGMENTED
COHORT_1941,KARNAT_DC_03,WP_C,WRIT_GENERAL,2022,Final Arguments / Judgment,1,68,68,68,SYNTHETIC_AUGMENTED
COHORT_1942,KARNAT_DC_03,WP_C,WRIT_GENERAL,2022,Summons / Appearance,2,240.0,195,195,SYNTHETIC_AUGMENTED
COHORT_1943,KARNAT_DC_03,WP_C,WRIT_GENERAL,2024,Evidence / Argument,1,354,354,354,SYNTHETIC_AUGMENTED
COHORT_1944,KARNAT_DC_03,WP_C,WRIT_GENERAL,2024,Pleadings / Issues,1,79,79,79,SYNTHETIC_AUGMENTED
COHORT_1945,KARNAT_DC_04,BA,BAIL_GENERAL,2018,Evidence / Argument,1,194,194,194,SYNTHETIC_AUGMENTED
COHORT_1946,KARNAT_DC_04,BA,BAIL_GENERAL,2018,Pleadings / Issues,1,148,148,148,SYNTHETIC_AUGMENTED
COHORT_1947,KARNAT_DC_04,BA,BAIL_GENERAL,2020,Evidence / Argument,1,67,67,67,SYNTHETIC_AUGMENTED
COHORT_1948,KARNAT_DC_04,BA,BAIL_GENERAL,2020,Summons / Appearance,2,337.0,327,327,SYNTHETIC_AUGMENTED
COHORT_1949,KARNAT_DC_04,BA,BAIL_GENERAL,2022,Evidence / Argument,1,119,119,119,SYNTHETIC_AUGMENTED
COHORT_1950,KARNAT_DC_04,BA,BAIL_GENERAL,2022,Filing / Registration,2,24.0,14,14,SYNTHETIC_AUGMENTED
COHORT_1951,KARNAT_DC_04,BA,BAIL_GENERAL,2022,Final Arguments / Judgment,1,49,49,49,SYNTHETIC_AUGMENTED
COHORT_1952,KARNAT_DC_04,BA,BAIL_GENERAL,2022,Pleadings / Issues,3,128,128,128,SYNTHETIC_AUGMENTED
COHORT_1953,KARNAT_DC_04,BA,BAIL_GENERAL,2022,Summons / Appearance,5,82,143,143,SYNTHETIC_AUGMENTED
COHORT_1954,KARNAT_DC_04,BA,BAIL_GENERAL,2024,Final Arguments / Judgment,1,89,89,89,SYNTHETIC_AUGMENTED
COHORT_1955,KARNAT_DC_04,BA,BAIL_GENERAL,2024,Pleadings / Issues,1,132,132,132,SYNTHETIC_AUGMENTED
COHORT_1956,KARNAT_DC_04,BA,BAIL_GENERAL,2024,Summons / Appearance,1,405,405,405,SYNTHETIC_AUGMENTED
COHORT_1957,KARNAT_DC_04,CRL_A,CRIMINAL_APPEAL,2020,Final Arguments / Judgment,1,61,61,61,SYNTHETIC_AUGMENTED
COHORT_1958,KARNAT_DC_04,CRL_A,CRIMINAL_APPEAL,2020,Pleadings / Issues,2,46.5,41,41,SYNTHETIC_AUGMENTED
COHORT_1959,KARNAT_DC_04,CRL_A,CRIMINAL_APPEAL,2022,Evidence / Argument,3,117,117,117,SYNTHETIC_AUGMENTED
COHORT_1960,KARNAT_DC_04,CRL_A,CRIMINAL_APPEAL,2022,Final Arguments / Judgment,1,62,62,62,SYNTHETIC_AUGMENTED
COHORT_1961,KARNAT_DC_04,CRL_A,CRIMINAL_APPEAL,2022,Pleadings / Issues,1,120,120,120,SYNTHETIC_AUGMENTED
COHORT_1962,KARNAT_DC_04,CRL_A,CRIMINAL_APPEAL,2024,Evidence / Argument,2,139.0,120,120,SYNTHETIC_AUGMENTED
COHORT_1963,KARNAT_DC_04,CRL_A,CRIMINAL_APPEAL,2024,Filing / Registration,1,24,24,24,SYNTHETIC_AUGMENTED
COHORT_1964,KARNAT_DC_04,CRL_A,CRIMINAL_APPEAL,2024,Pleadings / Issues,2,105.0,69,69,SYNTHETIC_AUGMENTED
COHORT_1965,KARNAT_DC_04,CRL_A,CRIMINAL_APPEAL,2024,Summons / Appearance,1,329,329,329,SYNTHETIC_AUGMENTED
COHORT_1966,KARNAT_DC_04,CS,CPC_GENERAL,2018,Final Arguments / Judgment,1,55,55,55,SYNTHETIC_AUGMENTED
COHORT_1967,KARNAT_DC_04,CS,CPC_GENERAL,2020,Evidence / Argument,1,469,469,469,SYNTHETIC_AUGMENTED
COHORT_1968,KARNAT_DC_04,CS,CPC_GENERAL,2020,Filing / Registration,1,16,16,16,SYNTHETIC_AUGMENTED
COHORT_1969,KARNAT_DC_04,CS,CPC_GENERAL,2020,Final Arguments / Judgment,2,62.5,55,55,SYNTHETIC_AUGMENTED
COHORT_1970,KARNAT_DC_04,CS,CPC_GENERAL,2022,Evidence / Argument,1,436,436,436,SYNTHETIC_AUGMENTED
COHORT_1971,KARNAT_DC_04,CS,CPC_GENERAL,2022,Summons / Appearance,2,203.0,44,44,SYNTHETIC_AUGMENTED
COHORT_1972,KARNAT_DC_04,CS,CPC_GENERAL,2024,Evidence / Argument,2,145.5,58,58,SYNTHETIC_AUGMENTED
COHORT_1973,KARNAT_DC_04,CS,CPC_GENERAL,2024,Filing / Registration,1,9,9,9,SYNTHETIC_AUGMENTED
COHORT_1974,KARNAT_DC_04,CS,CPC_GENERAL,2024,Final Arguments / Judgment,1,82,82,82,SYNTHETIC_AUGMENTED
COHORT_1975,KARNAT_DC_04,MACA,MOTOR_ACCIDENT,2020,Pleadings / Issues,1,68,68,68,SYNTHETIC_AUGMENTED
COHORT_1976,KARNAT_DC_04,MACA,MOTOR_ACCIDENT,2020,Summons / Appearance,1,404,404,404,SYNTHETIC_AUGMENTED
COHORT_1977,KARNAT_DC_04,MACA,MOTOR_ACCIDENT,2022,Evidence / Argument,2,327.5,283,283,SYNTHETIC_AUGMENTED
COHORT_1978,KARNAT_DC_04,MACA,MOTOR_ACCIDENT,2022,Filing / Registration,1,36,36,36,SYNTHETIC_AUGMENTED
COHORT_1979,KARNAT_DC_04,MACA,MOTOR_ACCIDENT,2022,Summons / Appearance,2,161.5,60,60,SYNTHETIC_AUGMENTED
COHORT_1980,KARNAT_DC_04,MACA,MOTOR_ACCIDENT,2024,Evidence / Argument,2,200.0,86,86,SYNTHETIC_AUGMENTED
COHORT_1981,KARNAT_DC_04,WP_C,WRIT_GENERAL,2020,Evidence / Argument,1,210,210,210,SYNTHETIC_AUGMENTED
COHORT_1982,KARNAT_DC_04,WP_C,WRIT_GENERAL,2022,Evidence / Argument,3,125,125,125,SYNTHETIC_AUGMENTED
COHORT_1983,KARNAT_DC_04,WP_C,WRIT_GENERAL,2022,Final Arguments / Judgment,1,192,192,192,SYNTHETIC_AUGMENTED
COHORT_1984,KARNAT_DC_04,WP_C,WRIT_GENERAL,2022,Pleadings / Issues,1,160,160,160,SYNTHETIC_AUGMENTED
COHORT_1985,KARNAT_DC_04,WP_C,WRIT_GENERAL,2022,Summons / Appearance,1,65,65,65,SYNTHETIC_AUGMENTED
COHORT_1986,KARNAT_DC_04,WP_C,WRIT_GENERAL,2024,Evidence / Argument,1,99,99,99,SYNTHETIC_AUGMENTED
COHORT_1987,KARNAT_DC_04,WP_C,WRIT_GENERAL,2024,Filing / Registration,3,13,13,13,SYNTHETIC_AUGMENTED
COHORT_1988,KARNAT_DC_04,WP_C,WRIT_GENERAL,2024,Summons / Appearance,1,78,78,78,SYNTHETIC_AUGMENTED
COHORT_1989,KARNAT_DC_05,BA,BAIL_GENERAL,2018,Pleadings / Issues,1,238,238,238,SYNTHETIC_AUGMENTED
COHORT_1990,KARNAT_DC_05,BA,BAIL_GENERAL,2020,Evidence / Argument,2,265.5,122,122,SYNTHETIC_AUGMENTED
COHORT_1991,KARNAT_DC_05,BA,BAIL_GENERAL,2022,Evidence / Argument,2,94.0,38,38,SYNTHETIC_AUGMENTED
COHORT_1992,KARNAT_DC_05,BA,BAIL_GENERAL,2022,Pleadings / Issues,1,27,27,27,SYNTHETIC_AUGMENTED
COHORT_1993,KARNAT_DC_05,BA,BAIL_GENERAL,2022,Summons / Appearance,3,113,113,113,SYNTHETIC_AUGMENTED
COHORT_1994,KARNAT_DC_05,BA,BAIL_GENERAL,2024,Evidence / Argument,1,79,79,79,SYNTHETIC_AUGMENTED
COHORT_1995,KARNAT_DC_05,BA,BAIL_GENERAL,2024,Final Arguments / Judgment,1,57,57,57,SYNTHETIC_AUGMENTED
COHORT_1996,KARNAT_DC_05,BA,BAIL_GENERAL,2024,Summons / Appearance,2,238.0,161,161,SYNTHETIC_AUGMENTED
COHORT_1997,KARNAT_DC_05,CRL_A,CRIMINAL_APPEAL,2018,Evidence / Argument,1,159,159,159,SYNTHETIC_AUGMENTED
COHORT_1998,KARNAT_DC_05,CRL_A,CRIMINAL_APPEAL,2018,Summons / Appearance,2,73.0,68,68,SYNTHETIC_AUGMENTED
COHORT_1999,KARNAT_DC_05,CRL_A,CRIMINAL_APPEAL,2020,Evidence / Argument,3,212,212,212,SYNTHETIC_AUGMENTED
COHORT_2000,KARNAT_DC_05,CRL_A,CRIMINAL_APPEAL,2020,Summons / Appearance,2,137.0,134,134,SYNTHETIC_AUGMENTED
COHORT_2001,KARNAT_DC_05,CRL_A,CRIMINAL_APPEAL,2022,Filing / Registration,4,12.5,15,15,SYNTHETIC_AUGMENTED
COHORT_2002,KARNAT_DC_05,CRL_A,CRIMINAL_APPEAL,2022,Final Arguments / Judgment,1,36,36,36,SYNTHETIC_AUGMENTED
COHORT_2003,KARNAT_DC_05,CRL_A,CRIMINAL_APPEAL,2022,Pleadings / Issues,1,117,117,117,SYNTHETIC_AUGMENTED
COHORT_2004,KARNAT_DC_05,CRL_A,CRIMINAL_APPEAL,2022,Summons / Appearance,5,152,175,175,SYNTHETIC_AUGMENTED
COHORT_2005,KARNAT_DC_05,CRL_A,CRIMINAL_APPEAL,2024,Evidence / Argument,3,166,166,166,SYNTHETIC_AUGMENTED
COHORT_2006,KARNAT_DC_05,CRL_A,CRIMINAL_APPEAL,2024,Summons / Appearance,2,131.5,70,70,SYNTHETIC_AUGMENTED
COHORT_2007,KARNAT_DC_05,CS,CPC_GENERAL,2018,Evidence / Argument,1,284,284,284,SYNTHETIC_AUGMENTED
COHORT_2008,KARNAT_DC_05,CS,CPC_GENERAL,2018,Summons / Appearance,1,157,157,157,SYNTHETIC_AUGMENTED
COHORT_2009,KARNAT_DC_05,CS,CPC_GENERAL,2020,Final Arguments / Judgment,1,38,38,38,SYNTHETIC_AUGMENTED
COHORT_2010,KARNAT_DC_05,CS,CPC_GENERAL,2020,Pleadings / Issues,1,111,111,111,SYNTHETIC_AUGMENTED
COHORT_2011,KARNAT_DC_05,CS,CPC_GENERAL,2020,Summons / Appearance,4,44.0,45,45,SYNTHETIC_AUGMENTED
COHORT_2012,KARNAT_DC_05,CS,CPC_GENERAL,2022,Pleadings / Issues,1,274,274,274,SYNTHETIC_AUGMENTED
COHORT_2013,KARNAT_DC_05,CS,CPC_GENERAL,2022,Summons / Appearance,3,315,315,315,SYNTHETIC_AUGMENTED
COHORT_2014,KARNAT_DC_05,CS,CPC_GENERAL,2024,Evidence / Argument,1,439,439,439,SYNTHETIC_AUGMENTED
COHORT_2015,KARNAT_DC_05,CS,CPC_GENERAL,2024,Final Arguments / Judgment,1,71,71,71,SYNTHETIC_AUGMENTED
COHORT_2016,KARNAT_DC_05,CS,CPC_GENERAL,2024,Pleadings / Issues,3,98,98,98,SYNTHETIC_AUGMENTED
COHORT_2017,KARNAT_DC_05,CS,CPC_GENERAL,2024,Summons / Appearance,4,117.5,164,164,SYNTHETIC_AUGMENTED
COHORT_2018,KARNAT_DC_05,MACA,MOTOR_ACCIDENT,2018,Evidence / Argument,1,173,173,173,SYNTHETIC_AUGMENTED
COHORT_2019,KARNAT_DC_05,MACA,MOTOR_ACCIDENT,2018,Filing / Registration,1,16,16,16,SYNTHETIC_AUGMENTED
COHORT_2020,KARNAT_DC_05,MACA,MOTOR_ACCIDENT,2020,Summons / Appearance,1,108,108,108,SYNTHETIC_AUGMENTED
COHORT_2021,KARNAT_DC_05,MACA,MOTOR_ACCIDENT,2022,Summons / Appearance,1,219,219,219,SYNTHETIC_AUGMENTED
COHORT_2022,KARNAT_DC_05,MACA,MOTOR_ACCIDENT,2024,Summons / Appearance,2,235.0,192,192,SYNTHETIC_AUGMENTED
COHORT_2023,KARNAT_DC_05,WP_C,WRIT_GENERAL,2020,Evidence / Argument,2,398.5,396,396,SYNTHETIC_AUGMENTED
COHORT_2024,KARNAT_DC_05,WP_C,WRIT_GENERAL,2022,Filing / Registration,2,24.5,16,16,SYNTHETIC_AUGMENTED
COHORT_2025,KARNAT_DC_05,WP_C,WRIT_GENERAL,2022,Final Arguments / Judgment,3,57,57,57,SYNTHETIC_AUGMENTED
COHORT_2026,KARNAT_DC_05,WP_C,WRIT_GENERAL,2022,Pleadings / Issues,2,159.5,56,56,SYNTHETIC_AUGMENTED
COHORT_2027,KARNAT_DC_05,WP_C,WRIT_GENERAL,2022,Summons / Appearance,1,43,43,43,SYNTHETIC_AUGMENTED
COHORT_2028,KARNAT_DC_05,WP_C,WRIT_GENERAL,2024,Pleadings / Issues,2,49.5,42,42,SYNTHETIC_AUGMENTED
COHORT_2029,KERALA_DC_01,BA,BAIL_GENERAL,2018,Final Arguments / Judgment,2,77.0,61,61,SYNTHETIC_AUGMENTED
COHORT_2030,KERALA_DC_01,BA,BAIL_GENERAL,2018,Pleadings / Issues,1,54,54,54,SYNTHETIC_AUGMENTED
COHORT_2031,KERALA_DC_01,BA,BAIL_GENERAL,2020,Evidence / Argument,4,213.5,281,281,SYNTHETIC_AUGMENTED
COHORT_2032,KERALA_DC_01,BA,BAIL_GENERAL,2020,Filing / Registration,1,13,13,13,SYNTHETIC_AUGMENTED
COHORT_2033,KERALA_DC_01,BA,BAIL_GENERAL,2020,Final Arguments / Judgment,3,52,52,52,SYNTHETIC_AUGMENTED
COHORT_2034,KERALA_DC_01,BA,BAIL_GENERAL,2020,Pleadings / Issues,6,118.0,119,146,SYNTHETIC_AUGMENTED
COHORT_2035,KERALA_DC_01,BA,BAIL_GENERAL,2020,Summons / Appearance,6,127.0,152,190,SYNTHETIC_AUGMENTED
COHORT_2036,KERALA_DC_01,BA,BAIL_GENERAL,2022,Evidence / Argument,9,134,179,366,SYNTHETIC_AUGMENTED
COHORT_2037,KERALA_DC_01,BA,BAIL_GENERAL,2022,Filing / Registration,4,30.0,31,31,SYNTHETIC_AUGMENTED
COHORT_2038,KERALA_DC_01,BA,BAIL_GENERAL,2022,Final Arguments / Judgment,3,105,105,105,SYNTHETIC_AUGMENTED
COHORT_2039,KERALA_DC_01,BA,BAIL_GENERAL,2022,Pleadings / Issues,10,129.0,187,303,SYNTHETIC_AUGMENTED
COHORT_2040,KERALA_DC_01,BA,BAIL_GENERAL,2022,Summons / Appearance,13,199,212,223,SYNTHETIC_AUGMENTED
COHORT_2041,KERALA_DC_01,BA,BAIL_GENERAL,2024,Evidence / Argument,5,143,193,193,SYNTHETIC_AUGMENTED
COHORT_2042,KERALA_DC_01,BA,BAIL_GENERAL,2024,Filing / Registration,1,5,5,5,SYNTHETIC_AUGMENTED
COHORT_2043,KERALA_DC_01,BA,BAIL_GENERAL,2024,Pleadings / Issues,1,148,148,148,SYNTHETIC_AUGMENTED
COHORT_2044,KERALA_DC_01,BA,BAIL_GENERAL,2024,Summons / Appearance,3,61,61,61,SYNTHETIC_AUGMENTED
COHORT_2045,KERALA_DC_01,CRL_A,CRIMINAL_APPEAL,2018,Evidence / Argument,1,134,134,134,SYNTHETIC_AUGMENTED
COHORT_2046,KERALA_DC_01,CRL_A,CRIMINAL_APPEAL,2018,Filing / Registration,1,35,35,35,SYNTHETIC_AUGMENTED
COHORT_2047,KERALA_DC_01,CRL_A,CRIMINAL_APPEAL,2018,Summons / Appearance,1,70,70,70,SYNTHETIC_AUGMENTED
COHORT_2048,KERALA_DC_01,CRL_A,CRIMINAL_APPEAL,2020,Evidence / Argument,2,114.5,103,103,SYNTHETIC_AUGMENTED
COHORT_2049,KERALA_DC_01,CRL_A,CRIMINAL_APPEAL,2020,Final Arguments / Judgment,1,157,157,157,SYNTHETIC_AUGMENTED
COHORT_2050,KERALA_DC_01,CRL_A,CRIMINAL_APPEAL,2020,Pleadings / Issues,4,86.5,93,93,SYNTHETIC_AUGMENTED
COHORT_2051,KERALA_DC_01,CRL_A,CRIMINAL_APPEAL,2020,Summons / Appearance,8,96.0,124,125,SYNTHETIC_AUGMENTED
COHORT_2052,KERALA_DC_01,CRL_A,CRIMINAL_APPEAL,2022,Evidence / Argument,4,232.5,321,321,SYNTHETIC_AUGMENTED
COHORT_2053,KERALA_DC_01,CRL_A,CRIMINAL_APPEAL,2022,Filing / Registration,1,14,14,14,SYNTHETIC_AUGMENTED
COHORT_2054,KERALA_DC_01,CRL_A,CRIMINAL_APPEAL,2022,Final Arguments / Judgment,3,101,101,101,SYNTHETIC_AUGMENTED
COHORT_2055,KERALA_DC_01,CRL_A,CRIMINAL_APPEAL,2022,Pleadings / Issues,2,154.5,48,48,SYNTHETIC_AUGMENTED
COHORT_2056,KERALA_DC_01,CRL_A,CRIMINAL_APPEAL,2022,Summons / Appearance,13,189,220,259,SYNTHETIC_AUGMENTED
COHORT_2057,KERALA_DC_01,CRL_A,CRIMINAL_APPEAL,2024,Evidence / Argument,6,254.0,263,313,SYNTHETIC_AUGMENTED
COHORT_2058,KERALA_DC_01,CRL_A,CRIMINAL_APPEAL,2024,Final Arguments / Judgment,3,86,86,86,SYNTHETIC_AUGMENTED
COHORT_2059,KERALA_DC_01,CRL_A,CRIMINAL_APPEAL,2024,Pleadings / Issues,3,115,115,115,SYNTHETIC_AUGMENTED
COHORT_2060,KERALA_DC_01,CRL_A,CRIMINAL_APPEAL,2024,Summons / Appearance,3,260,260,260,SYNTHETIC_AUGMENTED
COHORT_2061,KERALA_DC_01,CS,CPC_GENERAL,2018,Evidence / Argument,2,170.0,122,122,SYNTHETIC_AUGMENTED
COHORT_2062,KERALA_DC_01,CS,CPC_GENERAL,2018,Filing / Registration,1,44,44,44,SYNTHETIC_AUGMENTED
COHORT_2063,KERALA_DC_01,CS,CPC_GENERAL,2018,Final Arguments / Judgment,2,123.5,83,83,SYNTHETIC_AUGMENTED
COHORT_2064,KERALA_DC_01,CS,CPC_GENERAL,2018,Pleadings / Issues,2,130.5,127,127,SYNTHETIC_AUGMENTED
COHORT_2065,KERALA_DC_01,CS,CPC_GENERAL,2018,Summons / Appearance,2,150.5,66,66,SYNTHETIC_AUGMENTED
COHORT_2066,KERALA_DC_01,CS,CPC_GENERAL,2020,Evidence / Argument,3,183,183,183,SYNTHETIC_AUGMENTED
COHORT_2067,KERALA_DC_01,CS,CPC_GENERAL,2020,Filing / Registration,1,12,12,12,SYNTHETIC_AUGMENTED
COHORT_2068,KERALA_DC_01,CS,CPC_GENERAL,2020,Final Arguments / Judgment,1,41,41,41,SYNTHETIC_AUGMENTED
COHORT_2069,KERALA_DC_01,CS,CPC_GENERAL,2020,Pleadings / Issues,2,102.0,99,99,SYNTHETIC_AUGMENTED
COHORT_2070,KERALA_DC_01,CS,CPC_GENERAL,2020,Summons / Appearance,6,183.0,193,233,SYNTHETIC_AUGMENTED
COHORT_2071,KERALA_DC_01,CS,CPC_GENERAL,2022,Evidence / Argument,8,266.0,335,337,SYNTHETIC_AUGMENTED
COHORT_2072,KERALA_DC_01,CS,CPC_GENERAL,2022,Final Arguments / Judgment,3,53,53,53,SYNTHETIC_AUGMENTED
COHORT_2073,KERALA_DC_01,CS,CPC_GENERAL,2022,Pleadings / Issues,6,81.0,89,90,SYNTHETIC_AUGMENTED
COHORT_2074,KERALA_DC_01,CS,CPC_GENERAL,2022,Summons / Appearance,13,96,126,196,SYNTHETIC_AUGMENTED
COHORT_2075,KERALA_DC_01,CS,CPC_GENERAL,2024,Evidence / Argument,4,197.5,211,211,SYNTHETIC_AUGMENTED
COHORT_2076,KERALA_DC_01,CS,CPC_GENERAL,2024,Filing / Registration,1,22,22,22,SYNTHETIC_AUGMENTED
COHORT_2077,KERALA_DC_01,CS,CPC_GENERAL,2024,Final Arguments / Judgment,1,49,49,49,SYNTHETIC_AUGMENTED
COHORT_2078,KERALA_DC_01,CS,CPC_GENERAL,2024,Pleadings / Issues,2,130.5,103,103,SYNTHETIC_AUGMENTED
COHORT_2079,KERALA_DC_01,CS,CPC_GENERAL,2024,Summons / Appearance,10,106.5,168,183,SYNTHETIC_AUGMENTED
COHORT_2080,KERALA_DC_01,MACA,MOTOR_ACCIDENT,2018,Evidence / Argument,1,114,114,114,SYNTHETIC_AUGMENTED
COHORT_2081,KERALA_DC_01,MACA,MOTOR_ACCIDENT,2018,Final Arguments / Judgment,1,38,38,38,SYNTHETIC_AUGMENTED
COHORT_2082,KERALA_DC_01,MACA,MOTOR_ACCIDENT,2018,Pleadings / Issues,1,83,83,83,SYNTHETIC_AUGMENTED
COHORT_2083,KERALA_DC_01,MACA,MOTOR_ACCIDENT,2020,Evidence / Argument,2,199.0,152,152,SYNTHETIC_AUGMENTED
COHORT_2084,KERALA_DC_01,MACA,MOTOR_ACCIDENT,2020,Pleadings / Issues,2,122.5,111,111,SYNTHETIC_AUGMENTED
COHORT_2085,KERALA_DC_01,MACA,MOTOR_ACCIDENT,2020,Summons / Appearance,1,189,189,189,SYNTHETIC_AUGMENTED
COHORT_2086,KERALA_DC_01,MACA,MOTOR_ACCIDENT,2022,Evidence / Argument,4,122.5,133,133,SYNTHETIC_AUGMENTED
COHORT_2087,KERALA_DC_01,MACA,MOTOR_ACCIDENT,2022,Final Arguments / Judgment,1,180,180,180,SYNTHETIC_AUGMENTED
COHORT_2088,KERALA_DC_01,MACA,MOTOR_ACCIDENT,2022,Pleadings / Issues,4,118.0,139,139,SYNTHETIC_AUGMENTED
COHORT_2089,KERALA_DC_01,MACA,MOTOR_ACCIDENT,2022,Summons / Appearance,3,78,78,78,SYNTHETIC_AUGMENTED
COHORT_2090,KERALA_DC_01,MACA,MOTOR_ACCIDENT,2024,Pleadings / Issues,2,76.0,44,44,SYNTHETIC_AUGMENTED
COHORT_2091,KERALA_DC_01,MACA,MOTOR_ACCIDENT,2024,Summons / Appearance,1,322,322,322,SYNTHETIC_AUGMENTED
COHORT_2092,KERALA_DC_01,WP_C,WRIT_GENERAL,2018,Final Arguments / Judgment,1,180,180,180,SYNTHETIC_AUGMENTED
COHORT_2093,KERALA_DC_01,WP_C,WRIT_GENERAL,2018,Summons / Appearance,2,248.0,140,140,SYNTHETIC_AUGMENTED
COHORT_2094,KERALA_DC_01,WP_C,WRIT_GENERAL,2020,Evidence / Argument,3,181,181,181,SYNTHETIC_AUGMENTED
COHORT_2095,KERALA_DC_01,WP_C,WRIT_GENERAL,2020,Final Arguments / Judgment,2,53.5,28,28,SYNTHETIC_AUGMENTED
COHORT_2096,KERALA_DC_01,WP_C,WRIT_GENERAL,2020,Pleadings / Issues,2,185.5,128,128,SYNTHETIC_AUGMENTED
COHORT_2097,KERALA_DC_01,WP_C,WRIT_GENERAL,2020,Summons / Appearance,5,114,183,183,SYNTHETIC_AUGMENTED
COHORT_2098,KERALA_DC_01,WP_C,WRIT_GENERAL,2022,Evidence / Argument,6,164.0,171,255,SYNTHETIC_AUGMENTED
COHORT_2099,KERALA_DC_01,WP_C,WRIT_GENERAL,2022,Filing / Registration,1,32,32,32,SYNTHETIC_AUGMENTED
COHORT_2100,KERALA_DC_01,WP_C,WRIT_GENERAL,2022,Final Arguments / Judgment,3,42,42,42,SYNTHETIC_AUGMENTED
COHORT_2101,KERALA_DC_01,WP_C,WRIT_GENERAL,2022,Pleadings / Issues,4,149.5,155,155,SYNTHETIC_AUGMENTED
COHORT_2102,KERALA_DC_01,WP_C,WRIT_GENERAL,2022,Summons / Appearance,8,78.5,167,168,SYNTHETIC_AUGMENTED
COHORT_2103,KERALA_DC_01,WP_C,WRIT_GENERAL,2024,Evidence / Argument,2,276.0,126,126,SYNTHETIC_AUGMENTED
COHORT_2104,KERALA_DC_01,WP_C,WRIT_GENERAL,2024,Filing / Registration,1,12,12,12,SYNTHETIC_AUGMENTED
COHORT_2105,KERALA_DC_01,WP_C,WRIT_GENERAL,2024,Final Arguments / Judgment,2,61.5,53,53,SYNTHETIC_AUGMENTED
COHORT_2106,KERALA_DC_01,WP_C,WRIT_GENERAL,2024,Pleadings / Issues,5,93,94,94,SYNTHETIC_AUGMENTED
COHORT_2107,KERALA_DC_01,WP_C,WRIT_GENERAL,2024,Summons / Appearance,5,89,94,94,SYNTHETIC_AUGMENTED
COHORT_2108,KERALA_DC_02,BA,BAIL_GENERAL,2018,Evidence / Argument,3,153,153,153,SYNTHETIC_AUGMENTED
COHORT_2109,KERALA_DC_02,BA,BAIL_GENERAL,2018,Final Arguments / Judgment,1,49,49,49,SYNTHETIC_AUGMENTED
COHORT_2110,KERALA_DC_02,BA,BAIL_GENERAL,2018,Summons / Appearance,2,193.5,106,106,SYNTHETIC_AUGMENTED
COHORT_2111,KERALA_DC_02,BA,BAIL_GENERAL,2020,Final Arguments / Judgment,6,122.5,161,169,SYNTHETIC_AUGMENTED
COHORT_2112,KERALA_DC_02,BA,BAIL_GENERAL,2020,Pleadings / Issues,1,163,163,163,SYNTHETIC_AUGMENTED
COHORT_2113,KERALA_DC_02,BA,BAIL_GENERAL,2020,Summons / Appearance,7,166,185,201,SYNTHETIC_AUGMENTED
COHORT_2114,KERALA_DC_02,BA,BAIL_GENERAL,2022,Evidence / Argument,6,344.0,358,400,SYNTHETIC_AUGMENTED
COHORT_2115,KERALA_DC_02,BA,BAIL_GENERAL,2022,Filing / Registration,6,14.5,15,17,SYNTHETIC_AUGMENTED
COHORT_2116,KERALA_DC_02,BA,BAIL_GENERAL,2022,Final Arguments / Judgment,5,82,88,88,SYNTHETIC_AUGMENTED
COHORT_2117,KERALA_DC_02,BA,BAIL_GENERAL,2022,Pleadings / Issues,8,117.0,143,218,SYNTHETIC_AUGMENTED
COHORT_2118,KERALA_DC_02,BA,BAIL_GENERAL,2022,Summons / Appearance,10,113.0,146,191,SYNTHETIC_AUGMENTED
COHORT_2119,KERALA_DC_02,BA,BAIL_GENERAL,2024,Evidence / Argument,4,119.0,120,120,SYNTHETIC_AUGMENTED
COHORT_2120,KERALA_DC_02,BA,BAIL_GENERAL,2024,Filing / Registration,1,16,16,16,SYNTHETIC_AUGMENTED
COHORT_2121,KERALA_DC_02,BA,BAIL_GENERAL,2024,Final Arguments / Judgment,3,75,75,75,SYNTHETIC_AUGMENTED
COHORT_2122,KERALA_DC_02,BA,BAIL_GENERAL,2024,Pleadings / Issues,3,123,123,123,SYNTHETIC_AUGMENTED
COHORT_2123,KERALA_DC_02,CRL_A,CRIMINAL_APPEAL,2018,Summons / Appearance,2,56.5,50,50,SYNTHETIC_AUGMENTED
COHORT_2124,KERALA_DC_02,CRL_A,CRIMINAL_APPEAL,2020,Evidence / Argument,7,224,297,413,SYNTHETIC_AUGMENTED
COHORT_2125,KERALA_DC_02,CRL_A,CRIMINAL_APPEAL,2020,Pleadings / Issues,5,88,129,129,SYNTHETIC_AUGMENTED
COHORT_2126,KERALA_DC_02,CRL_A,CRIMINAL_APPEAL,2020,Summons / Appearance,7,75,146,168,SYNTHETIC_AUGMENTED
COHORT_2127,KERALA_DC_02,CRL_A,CRIMINAL_APPEAL,2022,Evidence / Argument,10,154.5,213,316,SYNTHETIC_AUGMENTED
COHORT_2128,KERALA_DC_02,CRL_A,CRIMINAL_APPEAL,2022,Filing / Registration,1,23,23,23,SYNTHETIC_AUGMENTED
COHORT_2129,KERALA_DC_02,CRL_A,CRIMINAL_APPEAL,2022,Final Arguments / Judgment,9,60,91,142,SYNTHETIC_AUGMENTED
COHORT_2130,KERALA_DC_02,CRL_A,CRIMINAL_APPEAL,2022,Pleadings / Issues,2,102.5,87,87,SYNTHETIC_AUGMENTED
COHORT_2131,KERALA_DC_02,CRL_A,CRIMINAL_APPEAL,2022,Summons / Appearance,8,86.5,195,304,SYNTHETIC_AUGMENTED
COHORT_2132,KERALA_DC_02,CRL_A,CRIMINAL_APPEAL,2024,Evidence / Argument,2,195.0,152,152,SYNTHETIC_AUGMENTED
COHORT_2133,KERALA_DC_02,CRL_A,CRIMINAL_APPEAL,2024,Filing / Registration,2,14.5,14,14,SYNTHETIC_AUGMENTED
COHORT_2134,KERALA_DC_02,CRL_A,CRIMINAL_APPEAL,2024,Final Arguments / Judgment,2,86.5,65,65,SYNTHETIC_AUGMENTED
COHORT_2135,KERALA_DC_02,CRL_A,CRIMINAL_APPEAL,2024,Pleadings / Issues,2,137.0,84,84,SYNTHETIC_AUGMENTED
COHORT_2136,KERALA_DC_02,CRL_A,CRIMINAL_APPEAL,2024,Summons / Appearance,2,98.5,26,26,SYNTHETIC_AUGMENTED
COHORT_2137,KERALA_DC_02,CS,CPC_GENERAL,2018,Final Arguments / Judgment,1,72,72,72,SYNTHETIC_AUGMENTED
COHORT_2138,KERALA_DC_02,CS,CPC_GENERAL,2018,Summons / Appearance,2,162.5,50,50,SYNTHETIC_AUGMENTED
COHORT_2139,KERALA_DC_02,CS,CPC_GENERAL,2020,Evidence / Argument,2,159.5,157,157,SYNTHETIC_AUGMENTED
COHORT_2140,KERALA_DC_02,CS,CPC_GENERAL,2020,Final Arguments / Judgment,2,78.5,59,59,SYNTHETIC_AUGMENTED
COHORT_2141,KERALA_DC_02,CS,CPC_GENERAL,2020,Pleadings / Issues,5,115,211,211,SYNTHETIC_AUGMENTED
COHORT_2142,KERALA_DC_02,CS,CPC_GENERAL,2020,Summons / Appearance,9,188,247,281,SYNTHETIC_AUGMENTED
COHORT_2143,KERALA_DC_02,CS,CPC_GENERAL,2022,Evidence / Argument,6,145.0,150,154,SYNTHETIC_AUGMENTED
COHORT_2144,KERALA_DC_02,CS,CPC_GENERAL,2022,Filing / Registration,3,12,12,12,SYNTHETIC_AUGMENTED
COHORT_2145,KERALA_DC_02,CS,CPC_GENERAL,2022,Final Arguments / Judgment,4,59.5,67,67,SYNTHETIC_AUGMENTED
COHORT_2146,KERALA_DC_02,CS,CPC_GENERAL,2022,Pleadings / Issues,8,92.5,119,162,SYNTHETIC_AUGMENTED
COHORT_2147,KERALA_DC_02,CS,CPC_GENERAL,2022,Summons / Appearance,16,67.5,204,300,SYNTHETIC_AUGMENTED
COHORT_2148,KERALA_DC_02,CS,CPC_GENERAL,2024,Evidence / Argument,3,173,173,173,SYNTHETIC_AUGMENTED
COHORT_2149,KERALA_DC_02,CS,CPC_GENERAL,2024,Filing / Registration,2,13.0,12,12,SYNTHETIC_AUGMENTED
COHORT_2150,KERALA_DC_02,CS,CPC_GENERAL,2024,Final Arguments / Judgment,3,64,64,64,SYNTHETIC_AUGMENTED
COHORT_2151,KERALA_DC_02,CS,CPC_GENERAL,2024,Pleadings / Issues,2,90.0,48,48,SYNTHETIC_AUGMENTED
COHORT_2152,KERALA_DC_02,CS,CPC_GENERAL,2024,Summons / Appearance,3,79,79,79,SYNTHETIC_AUGMENTED
COHORT_2153,KERALA_DC_02,MACA,MOTOR_ACCIDENT,2018,Summons / Appearance,1,376,376,376,SYNTHETIC_AUGMENTED
COHORT_2154,KERALA_DC_02,MACA,MOTOR_ACCIDENT,2020,Evidence / Argument,1,187,187,187,SYNTHETIC_AUGMENTED
COHORT_2155,KERALA_DC_02,MACA,MOTOR_ACCIDENT,2020,Pleadings / Issues,1,109,109,109,SYNTHETIC_AUGMENTED
COHORT_2156,KERALA_DC_02,MACA,MOTOR_ACCIDENT,2022,Evidence / Argument,2,224.5,177,177,SYNTHETIC_AUGMENTED
COHORT_2157,KERALA_DC_02,MACA,MOTOR_ACCIDENT,2022,Filing / Registration,1,22,22,22,SYNTHETIC_AUGMENTED
COHORT_2158,KERALA_DC_02,MACA,MOTOR_ACCIDENT,2022,Final Arguments / Judgment,2,114.5,37,37,SYNTHETIC_AUGMENTED
COHORT_2159,KERALA_DC_02,MACA,MOTOR_ACCIDENT,2022,Pleadings / Issues,2,71.5,55,55,SYNTHETIC_AUGMENTED
COHORT_2160,KERALA_DC_02,MACA,MOTOR_ACCIDENT,2022,Summons / Appearance,3,100,100,100,SYNTHETIC_AUGMENTED
COHORT_2161,KERALA_DC_02,MACA,MOTOR_ACCIDENT,2024,Evidence / Argument,1,124,124,124,SYNTHETIC_AUGMENTED
COHORT_2162,KERALA_DC_02,MACA,MOTOR_ACCIDENT,2024,Filing / Registration,1,52,52,52,SYNTHETIC_AUGMENTED
COHORT_2163,KERALA_DC_02,MACA,MOTOR_ACCIDENT,2024,Final Arguments / Judgment,1,58,58,58,SYNTHETIC_AUGMENTED
COHORT_2164,KERALA_DC_02,WP_C,WRIT_GENERAL,2018,Pleadings / Issues,1,5,5,5,SYNTHETIC_AUGMENTED
COHORT_2165,KERALA_DC_02,WP_C,WRIT_GENERAL,2020,Evidence / Argument,2,306.5,281,281,SYNTHETIC_AUGMENTED
COHORT_2166,KERALA_DC_02,WP_C,WRIT_GENERAL,2020,Filing / Registration,1,11,11,11,SYNTHETIC_AUGMENTED
COHORT_2167,KERALA_DC_02,WP_C,WRIT_GENERAL,2020,Pleadings / Issues,1,67,67,67,SYNTHETIC_AUGMENTED
COHORT_2168,KERALA_DC_02,WP_C,WRIT_GENERAL,2022,Evidence / Argument,5,200,206,206,SYNTHETIC_AUGMENTED
COHORT_2169,KERALA_DC_02,WP_C,WRIT_GENERAL,2022,Filing / Registration,2,14.5,14,14,SYNTHETIC_AUGMENTED
COHORT_2170,KERALA_DC_02,WP_C,WRIT_GENERAL,2022,Final Arguments / Judgment,7,56,56,58,SYNTHETIC_AUGMENTED
COHORT_2171,KERALA_DC_02,WP_C,WRIT_GENERAL,2022,Pleadings / Issues,7,117,126,129,SYNTHETIC_AUGMENTED
COHORT_2172,KERALA_DC_02,WP_C,WRIT_GENERAL,2022,Summons / Appearance,10,75.5,88,125,SYNTHETIC_AUGMENTED
COHORT_2173,KERALA_DC_02,WP_C,WRIT_GENERAL,2024,Evidence / Argument,1,52,52,52,SYNTHETIC_AUGMENTED
COHORT_2174,KERALA_DC_02,WP_C,WRIT_GENERAL,2024,Filing / Registration,1,6,6,6,SYNTHETIC_AUGMENTED
COHORT_2175,KERALA_DC_02,WP_C,WRIT_GENERAL,2024,Final Arguments / Judgment,2,121.0,36,36,SYNTHETIC_AUGMENTED
COHORT_2176,KERALA_DC_02,WP_C,WRIT_GENERAL,2024,Pleadings / Issues,1,118,118,118,SYNTHETIC_AUGMENTED
COHORT_2177,KERALA_DC_02,WP_C,WRIT_GENERAL,2024,Summons / Appearance,4,150.5,179,179,SYNTHETIC_AUGMENTED
COHORT_2178,KERALA_DC_03,BA,BAIL_GENERAL,2018,Evidence / Argument,1,447,447,447,SYNTHETIC_AUGMENTED
COHORT_2179,KERALA_DC_03,BA,BAIL_GENERAL,2018,Final Arguments / Judgment,1,82,82,82,SYNTHETIC_AUGMENTED
COHORT_2180,KERALA_DC_03,BA,BAIL_GENERAL,2018,Pleadings / Issues,1,96,96,96,SYNTHETIC_AUGMENTED
COHORT_2181,KERALA_DC_03,BA,BAIL_GENERAL,2018,Summons / Appearance,2,194.0,140,140,SYNTHETIC_AUGMENTED
COHORT_2182,KERALA_DC_03,BA,BAIL_GENERAL,2020,Evidence / Argument,9,186,204,270,SYNTHETIC_AUGMENTED
COHORT_2183,KERALA_DC_03,BA,BAIL_GENERAL,2020,Filing / Registration,4,23.0,35,35,SYNTHETIC_AUGMENTED
COHORT_2184,KERALA_DC_03,BA,BAIL_GENERAL,2020,Pleadings / Issues,4,115.5,147,147,SYNTHETIC_AUGMENTED
COHORT_2185,KERALA_DC_03,BA,BAIL_GENERAL,2020,Summons / Appearance,7,79,116,171,SYNTHETIC_AUGMENTED
COHORT_2186,KERALA_DC_03,BA,BAIL_GENERAL,2022,Evidence / Argument,3,304,304,304,SYNTHETIC_AUGMENTED
COHORT_2187,KERALA_DC_03,BA,BAIL_GENERAL,2022,Filing / Registration,3,18,18,18,SYNTHETIC_AUGMENTED
COHORT_2188,KERALA_DC_03,BA,BAIL_GENERAL,2022,Final Arguments / Judgment,2,61.0,57,57,SYNTHETIC_AUGMENTED
COHORT_2189,KERALA_DC_03,BA,BAIL_GENERAL,2022,Pleadings / Issues,12,109.0,140,170,SYNTHETIC_AUGMENTED
COHORT_2190,KERALA_DC_03,BA,BAIL_GENERAL,2022,Summons / Appearance,16,83.0,156,206,SYNTHETIC_AUGMENTED
COHORT_2191,KERALA_DC_03,BA,BAIL_GENERAL,2024,Evidence / Argument,3,294,294,294,SYNTHETIC_AUGMENTED
COHORT_2192,KERALA_DC_03,BA,BAIL_GENERAL,2024,Final Arguments / Judgment,4,50.0,54,54,SYNTHETIC_AUGMENTED
COHORT_2193,KERALA_DC_03,BA,BAIL_GENERAL,2024,Pleadings / Issues,5,112,128,128,SYNTHETIC_AUGMENTED
COHORT_2194,KERALA_DC_03,BA,BAIL_GENERAL,2024,Summons / Appearance,7,105,206,225,SYNTHETIC_AUGMENTED
COHORT_2195,KERALA_DC_03,CRL_A,CRIMINAL_APPEAL,2018,Evidence / Argument,1,376,376,376,SYNTHETIC_AUGMENTED
COHORT_2196,KERALA_DC_03,CRL_A,CRIMINAL_APPEAL,2018,Summons / Appearance,1,75,75,75,SYNTHETIC_AUGMENTED
COHORT_2197,KERALA_DC_03,CRL_A,CRIMINAL_APPEAL,2020,Evidence / Argument,2,139.0,59,59,SYNTHETIC_AUGMENTED
COHORT_2198,KERALA_DC_03,CRL_A,CRIMINAL_APPEAL,2020,Final Arguments / Judgment,3,60,60,60,SYNTHETIC_AUGMENTED
COHORT_2199,KERALA_DC_03,CRL_A,CRIMINAL_APPEAL,2020,Pleadings / Issues,2,57.0,27,27,SYNTHETIC_AUGMENTED
COHORT_2200,KERALA_DC_03,CRL_A,CRIMINAL_APPEAL,2020,Summons / Appearance,3,140,140,140,SYNTHETIC_AUGMENTED
COHORT_2201,KERALA_DC_03,CRL_A,CRIMINAL_APPEAL,2022,Evidence / Argument,4,203.0,226,226,SYNTHETIC_AUGMENTED
COHORT_2202,KERALA_DC_03,CRL_A,CRIMINAL_APPEAL,2022,Filing / Registration,2,10.5,8,8,SYNTHETIC_AUGMENTED
COHORT_2203,KERALA_DC_03,CRL_A,CRIMINAL_APPEAL,2022,Final Arguments / Judgment,3,100,100,100,SYNTHETIC_AUGMENTED
COHORT_2204,KERALA_DC_03,CRL_A,CRIMINAL_APPEAL,2022,Pleadings / Issues,4,113.5,118,118,SYNTHETIC_AUGMENTED
COHORT_2205,KERALA_DC_03,CRL_A,CRIMINAL_APPEAL,2022,Summons / Appearance,10,149.5,170,334,SYNTHETIC_AUGMENTED
COHORT_2206,KERALA_DC_03,CRL_A,CRIMINAL_APPEAL,2024,Evidence / Argument,1,91,91,91,SYNTHETIC_AUGMENTED
COHORT_2207,KERALA_DC_03,CRL_A,CRIMINAL_APPEAL,2024,Final Arguments / Judgment,1,84,84,84,SYNTHETIC_AUGMENTED
COHORT_2208,KERALA_DC_03,CRL_A,CRIMINAL_APPEAL,2024,Pleadings / Issues,5,82,96,96,SYNTHETIC_AUGMENTED
COHORT_2209,KERALA_DC_03,CRL_A,CRIMINAL_APPEAL,2024,Summons / Appearance,1,304,304,304,SYNTHETIC_AUGMENTED
COHORT_2210,KERALA_DC_03,CS,CPC_GENERAL,2018,Evidence / Argument,1,94,94,94,SYNTHETIC_AUGMENTED
COHORT_2211,KERALA_DC_03,CS,CPC_GENERAL,2018,Pleadings / Issues,2,111.0,67,67,SYNTHETIC_AUGMENTED
COHORT_2212,KERALA_DC_03,CS,CPC_GENERAL,2018,Summons / Appearance,2,73.5,59,59,SYNTHETIC_AUGMENTED
COHORT_2213,KERALA_DC_03,CS,CPC_GENERAL,2020,Evidence / Argument,4,239.5,277,277,SYNTHETIC_AUGMENTED
COHORT_2214,KERALA_DC_03,CS,CPC_GENERAL,2020,Filing / Registration,1,21,21,21,SYNTHETIC_AUGMENTED
COHORT_2215,KERALA_DC_03,CS,CPC_GENERAL,2020,Pleadings / Issues,5,122,154,154,SYNTHETIC_AUGMENTED
COHORT_2216,KERALA_DC_03,CS,CPC_GENERAL,2020,Summons / Appearance,3,87,87,87,SYNTHETIC_AUGMENTED
COHORT_2217,KERALA_DC_03,CS,CPC_GENERAL,2022,Evidence / Argument,10,164.5,194,259,SYNTHETIC_AUGMENTED
COHORT_2218,KERALA_DC_03,CS,CPC_GENERAL,2022,Final Arguments / Judgment,3,47,47,47,SYNTHETIC_AUGMENTED
COHORT_2219,KERALA_DC_03,CS,CPC_GENERAL,2022,Pleadings / Issues,7,81,89,100,SYNTHETIC_AUGMENTED
COHORT_2220,KERALA_DC_03,CS,CPC_GENERAL,2022,Summons / Appearance,14,95.5,105,176,SYNTHETIC_AUGMENTED
COHORT_2221,KERALA_DC_03,CS,CPC_GENERAL,2024,Evidence / Argument,2,270.5,76,76,SYNTHETIC_AUGMENTED
COHORT_2222,KERALA_DC_03,CS,CPC_GENERAL,2024,Filing / Registration,1,19,19,19,SYNTHETIC_AUGMENTED
COHORT_2223,KERALA_DC_03,CS,CPC_GENERAL,2024,Final Arguments / Judgment,2,66.0,39,39,SYNTHETIC_AUGMENTED
COHORT_2224,KERALA_DC_03,CS,CPC_GENERAL,2024,Pleadings / Issues,6,125.5,128,203,SYNTHETIC_AUGMENTED
COHORT_2225,KERALA_DC_03,CS,CPC_GENERAL,2024,Summons / Appearance,5,105,132,132,SYNTHETIC_AUGMENTED
COHORT_2226,KERALA_DC_03,MACA,MOTOR_ACCIDENT,2018,Filing / Registration,1,5,5,5,SYNTHETIC_AUGMENTED
COHORT_2227,KERALA_DC_03,MACA,MOTOR_ACCIDENT,2018,Summons / Appearance,1,130,130,130,SYNTHETIC_AUGMENTED
COHORT_2228,KERALA_DC_03,MACA,MOTOR_ACCIDENT,2020,Final Arguments / Judgment,1,125,125,125,SYNTHETIC_AUGMENTED
COHORT_2229,KERALA_DC_03,MACA,MOTOR_ACCIDENT,2022,Evidence / Argument,1,439,439,439,SYNTHETIC_AUGMENTED
COHORT_2230,KERALA_DC_03,MACA,MOTOR_ACCIDENT,2022,Pleadings / Issues,1,81,81,81,SYNTHETIC_AUGMENTED
COHORT_2231,KERALA_DC_03,MACA,MOTOR_ACCIDENT,2022,Summons / Appearance,1,39,39,39,SYNTHETIC_AUGMENTED
COHORT_2232,KERALA_DC_03,MACA,MOTOR_ACCIDENT,2024,Final Arguments / Judgment,2,60.5,43,43,SYNTHETIC_AUGMENTED
COHORT_2233,KERALA_DC_03,MACA,MOTOR_ACCIDENT,2024,Pleadings / Issues,1,84,84,84,SYNTHETIC_AUGMENTED
COHORT_2234,KERALA_DC_03,MACA,MOTOR_ACCIDENT,2024,Summons / Appearance,2,216.0,35,35,SYNTHETIC_AUGMENTED
COHORT_2235,KERALA_DC_03,WP_C,WRIT_GENERAL,2018,Summons / Appearance,2,148.5,122,122,SYNTHETIC_AUGMENTED
COHORT_2236,KERALA_DC_03,WP_C,WRIT_GENERAL,2020,Evidence / Argument,3,150,150,150,SYNTHETIC_AUGMENTED
COHORT_2237,KERALA_DC_03,WP_C,WRIT_GENERAL,2020,Pleadings / Issues,1,91,91,91,SYNTHETIC_AUGMENTED
COHORT_2238,KERALA_DC_03,WP_C,WRIT_GENERAL,2020,Summons / Appearance,4,77.5,80,80,SYNTHETIC_AUGMENTED
COHORT_2239,KERALA_DC_03,WP_C,WRIT_GENERAL,2022,Evidence / Argument,4,186.5,193,193,SYNTHETIC_AUGMENTED
COHORT_2240,KERALA_DC_03,WP_C,WRIT_GENERAL,2022,Filing / Registration,1,20,20,20,SYNTHETIC_AUGMENTED
COHORT_2241,KERALA_DC_03,WP_C,WRIT_GENERAL,2022,Final Arguments / Judgment,4,50.5,53,53,SYNTHETIC_AUGMENTED
COHORT_2242,KERALA_DC_03,WP_C,WRIT_GENERAL,2022,Pleadings / Issues,6,137.0,149,203,SYNTHETIC_AUGMENTED
COHORT_2243,KERALA_DC_03,WP_C,WRIT_GENERAL,2022,Summons / Appearance,4,39.5,41,41,SYNTHETIC_AUGMENTED
COHORT_2244,KERALA_DC_03,WP_C,WRIT_GENERAL,2024,Evidence / Argument,1,265,265,265,SYNTHETIC_AUGMENTED
COHORT_2245,KERALA_DC_03,WP_C,WRIT_GENERAL,2024,Final Arguments / Judgment,2,75.0,54,54,SYNTHETIC_AUGMENTED
COHORT_2246,KERALA_DC_03,WP_C,WRIT_GENERAL,2024,Pleadings / Issues,1,53,53,53,SYNTHETIC_AUGMENTED
COHORT_2247,KERALA_DC_03,WP_C,WRIT_GENERAL,2024,Summons / Appearance,5,65,139,139,SYNTHETIC_AUGMENTED
COHORT_2248,KERALA_DC_04,BA,BAIL_GENERAL,2018,Evidence / Argument,3,226,226,226,SYNTHETIC_AUGMENTED
COHORT_2249,KERALA_DC_04,BA,BAIL_GENERAL,2018,Final Arguments / Judgment,2,44.0,39,39,SYNTHETIC_AUGMENTED
COHORT_2250,KERALA_DC_04,BA,BAIL_GENERAL,2018,Pleadings / Issues,4,79.0,113,113,SYNTHETIC_AUGMENTED
COHORT_2251,KERALA_DC_04,BA,BAIL_GENERAL,2018,Summons / Appearance,1,63,63,63,SYNTHETIC_AUGMENTED
COHORT_2252,KERALA_DC_04,BA,BAIL_GENERAL,2020,Evidence / Argument,3,362,362,362,SYNTHETIC_AUGMENTED
COHORT_2253,KERALA_DC_04,BA,BAIL_GENERAL,2020,Filing / Registration,3,25,25,25,SYNTHETIC_AUGMENTED
COHORT_2254,KERALA_DC_04,BA,BAIL_GENERAL,2020,Final Arguments / Judgment,5,155,156,156,SYNTHETIC_AUGMENTED
COHORT_2255,KERALA_DC_04,BA,BAIL_GENERAL,2020,Pleadings / Issues,5,93,171,171,SYNTHETIC_AUGMENTED
COHORT_2256,KERALA_DC_04,BA,BAIL_GENERAL,2020,Summons / Appearance,6,57.5,61,224,SYNTHETIC_AUGMENTED
COHORT_2257,KERALA_DC_04,BA,BAIL_GENERAL,2022,Evidence / Argument,8,216.5,346,437,SYNTHETIC_AUGMENTED
COHORT_2258,KERALA_DC_04,BA,BAIL_GENERAL,2022,Filing / Registration,4,16.0,16,16,SYNTHETIC_AUGMENTED
COHORT_2259,KERALA_DC_04,BA,BAIL_GENERAL,2022,Final Arguments / Judgment,5,53,56,56,SYNTHETIC_AUGMENTED
COHORT_2260,KERALA_DC_04,BA,BAIL_GENERAL,2022,Pleadings / Issues,5,85,157,157,SYNTHETIC_AUGMENTED
COHORT_2261,KERALA_DC_04,BA,BAIL_GENERAL,2022,Summons / Appearance,8,140.0,385,399,SYNTHETIC_AUGMENTED
COHORT_2262,KERALA_DC_04,BA,BAIL_GENERAL,2024,Evidence / Argument,3,311,311,311,SYNTHETIC_AUGMENTED
COHORT_2263,KERALA_DC_04,BA,BAIL_GENERAL,2024,Filing / Registration,2,12.0,11,11,SYNTHETIC_AUGMENTED
COHORT_2264,KERALA_DC_04,BA,BAIL_GENERAL,2024,Pleadings / Issues,3,95,95,95,SYNTHETIC_AUGMENTED
COHORT_2265,KERALA_DC_04,BA,BAIL_GENERAL,2024,Summons / Appearance,7,122,122,301,SYNTHETIC_AUGMENTED
COHORT_2266,KERALA_DC_04,CRL_A,CRIMINAL_APPEAL,2018,Evidence / Argument,1,349,349,349,SYNTHETIC_AUGMENTED
COHORT_2267,KERALA_DC_04,CRL_A,CRIMINAL_APPEAL,2018,Filing / Registration,1,18,18,18,SYNTHETIC_AUGMENTED
COHORT_2268,KERALA_DC_04,CRL_A,CRIMINAL_APPEAL,2020,Evidence / Argument,2,258.0,192,192,SYNTHETIC_AUGMENTED
COHORT_2269,KERALA_DC_04,CRL_A,CRIMINAL_APPEAL,2020,Final Arguments / Judgment,1,68,68,68,SYNTHETIC_AUGMENTED
COHORT_2270,KERALA_DC_04,CRL_A,CRIMINAL_APPEAL,2020,Pleadings / Issues,1,289,289,289,SYNTHETIC_AUGMENTED
COHORT_2271,KERALA_DC_04,CRL_A,CRIMINAL_APPEAL,2020,Summons / Appearance,4,126.5,196,196,SYNTHETIC_AUGMENTED
COHORT_2272,KERALA_DC_04,CRL_A,CRIMINAL_APPEAL,2022,Evidence / Argument,6,268.5,310,338,SYNTHETIC_AUGMENTED
COHORT_2273,KERALA_DC_04,CRL_A,CRIMINAL_APPEAL,2022,Filing / Registration,1,17,17,17,SYNTHETIC_AUGMENTED
COHORT_2274,KERALA_DC_04,CRL_A,CRIMINAL_APPEAL,2022,Final Arguments / Judgment,1,71,71,71,SYNTHETIC_AUGMENTED
COHORT_2275,KERALA_DC_04,CRL_A,CRIMINAL_APPEAL,2022,Pleadings / Issues,1,70,70,70,SYNTHETIC_AUGMENTED
COHORT_2276,KERALA_DC_04,CRL_A,CRIMINAL_APPEAL,2022,Summons / Appearance,8,132.5,173,204,SYNTHETIC_AUGMENTED
COHORT_2277,KERALA_DC_04,CRL_A,CRIMINAL_APPEAL,2024,Evidence / Argument,1,330,330,330,SYNTHETIC_AUGMENTED
COHORT_2278,KERALA_DC_04,CRL_A,CRIMINAL_APPEAL,2024,Filing / Registration,1,13,13,13,SYNTHETIC_AUGMENTED
COHORT_2279,KERALA_DC_04,CRL_A,CRIMINAL_APPEAL,2024,Final Arguments / Judgment,1,54,54,54,SYNTHETIC_AUGMENTED
COHORT_2280,KERALA_DC_04,CRL_A,CRIMINAL_APPEAL,2024,Pleadings / Issues,1,6,6,6,SYNTHETIC_AUGMENTED
COHORT_2281,KERALA_DC_04,CRL_A,CRIMINAL_APPEAL,2024,Summons / Appearance,5,81,91,91,SYNTHETIC_AUGMENTED
COHORT_2282,KERALA_DC_04,CS,CPC_GENERAL,2018,Filing / Registration,1,17,17,17,SYNTHETIC_AUGMENTED
COHORT_2283,KERALA_DC_04,CS,CPC_GENERAL,2018,Final Arguments / Judgment,1,82,82,82,SYNTHETIC_AUGMENTED
COHORT_2284,KERALA_DC_04,CS,CPC_GENERAL,2018,Pleadings / Issues,1,119,119,119,SYNTHETIC_AUGMENTED
COHORT_2285,KERALA_DC_04,CS,CPC_GENERAL,2018,Summons / Appearance,3,147,147,147,SYNTHETIC_AUGMENTED
COHORT_2286,KERALA_DC_04,CS,CPC_GENERAL,2020,Evidence / Argument,8,234.5,347,422,SYNTHETIC_AUGMENTED
COHORT_2287,KERALA_DC_04,CS,CPC_GENERAL,2020,Filing / Registration,1,14,14,14,SYNTHETIC_AUGMENTED
COHORT_2288,KERALA_DC_04,CS,CPC_GENERAL,2020,Final Arguments / Judgment,2,135.0,62,62,SYNTHETIC_AUGMENTED
COHORT_2289,KERALA_DC_04,CS,CPC_GENERAL,2020,Pleadings / Issues,3,127,127,127,SYNTHETIC_AUGMENTED
COHORT_2290,KERALA_DC_04,CS,CPC_GENERAL,2020,Summons / Appearance,2,195.5,163,163,SYNTHETIC_AUGMENTED
COHORT_2291,KERALA_DC_04,CS,CPC_GENERAL,2022,Evidence / Argument,11,205,235,340,SYNTHETIC_AUGMENTED
COHORT_2292,KERALA_DC_04,CS,CPC_GENERAL,2022,Filing / Registration,3,22,22,22,SYNTHETIC_AUGMENTED
COHORT_2293,KERALA_DC_04,CS,CPC_GENERAL,2022,Final Arguments / Judgment,6,93.5,98,142,SYNTHETIC_AUGMENTED
COHORT_2294,KERALA_DC_04,CS,CPC_GENERAL,2022,Pleadings / Issues,6,112.0,116,268,SYNTHETIC_AUGMENTED
COHORT_2295,KERALA_DC_04,CS,CPC_GENERAL,2022,Summons / Appearance,11,66,80,149,SYNTHETIC_AUGMENTED
COHORT_2296,KERALA_DC_04,CS,CPC_GENERAL,2024,Evidence / Argument,6,121.0,135,282,SYNTHETIC_AUGMENTED
COHORT_2297,KERALA_DC_04,CS,CPC_GENERAL,2024,Filing / Registration,1,20,20,20,SYNTHETIC_AUGMENTED
COHORT_2298,KERALA_DC_04,CS,CPC_GENERAL,2024,Final Arguments / Judgment,4,62.5,70,70,SYNTHETIC_AUGMENTED
COHORT_2299,KERALA_DC_04,CS,CPC_GENERAL,2024,Pleadings / Issues,3,86,86,86,SYNTHETIC_AUGMENTED
COHORT_2300,KERALA_DC_04,CS,CPC_GENERAL,2024,Summons / Appearance,5,115,237,237,SYNTHETIC_AUGMENTED
COHORT_2301,KERALA_DC_04,MACA,MOTOR_ACCIDENT,2018,Filing / Registration,1,17,17,17,SYNTHETIC_AUGMENTED
COHORT_2302,KERALA_DC_04,MACA,MOTOR_ACCIDENT,2020,Evidence / Argument,1,322,322,322,SYNTHETIC_AUGMENTED
COHORT_2303,KERALA_DC_04,MACA,MOTOR_ACCIDENT,2020,Final Arguments / Judgment,1,194,194,194,SYNTHETIC_AUGMENTED
COHORT_2304,KERALA_DC_04,MACA,MOTOR_ACCIDENT,2020,Pleadings / Issues,4,77.0,105,105,SYNTHETIC_AUGMENTED
COHORT_2305,KERALA_DC_04,MACA,MOTOR_ACCIDENT,2020,Summons / Appearance,3,212,212,212,SYNTHETIC_AUGMENTED
COHORT_2306,KERALA_DC_04,MACA,MOTOR_ACCIDENT,2022,Evidence / Argument,3,272,272,272,SYNTHETIC_AUGMENTED
COHORT_2307,KERALA_DC_04,MACA,MOTOR_ACCIDENT,2022,Filing / Registration,1,16,16,16,SYNTHETIC_AUGMENTED
COHORT_2308,KERALA_DC_04,MACA,MOTOR_ACCIDENT,2022,Pleadings / Issues,4,99.0,142,142,SYNTHETIC_AUGMENTED
COHORT_2309,KERALA_DC_04,MACA,MOTOR_ACCIDENT,2022,Summons / Appearance,2,157.5,29,29,SYNTHETIC_AUGMENTED
COHORT_2310,KERALA_DC_04,MACA,MOTOR_ACCIDENT,2024,Summons / Appearance,1,187,187,187,SYNTHETIC_AUGMENTED
COHORT_2311,KERALA_DC_04,WP_C,WRIT_GENERAL,2018,Evidence / Argument,2,415.5,309,309,SYNTHETIC_AUGMENTED
COHORT_2312,KERALA_DC_04,WP_C,WRIT_GENERAL,2018,Summons / Appearance,1,84,84,84,SYNTHETIC_AUGMENTED
COHORT_2313,KERALA_DC_04,WP_C,WRIT_GENERAL,2020,Evidence / Argument,1,166,166,166,SYNTHETIC_AUGMENTED
COHORT_2314,KERALA_DC_04,WP_C,WRIT_GENERAL,2020,Filing / Registration,1,5,5,5,SYNTHETIC_AUGMENTED
COHORT_2315,KERALA_DC_04,WP_C,WRIT_GENERAL,2020,Pleadings / Issues,3,102,102,102,SYNTHETIC_AUGMENTED
COHORT_2316,KERALA_DC_04,WP_C,WRIT_GENERAL,2020,Summons / Appearance,5,213,308,308,SYNTHETIC_AUGMENTED
COHORT_2317,KERALA_DC_04,WP_C,WRIT_GENERAL,2022,Evidence / Argument,6,177.5,179,213,SYNTHETIC_AUGMENTED
COHORT_2318,KERALA_DC_04,WP_C,WRIT_GENERAL,2022,Filing / Registration,2,27.5,27,27,SYNTHETIC_AUGMENTED
COHORT_2319,KERALA_DC_04,WP_C,WRIT_GENERAL,2022,Final Arguments / Judgment,3,80,80,80,SYNTHETIC_AUGMENTED
COHORT_2320,KERALA_DC_04,WP_C,WRIT_GENERAL,2022,Pleadings / Issues,8,115.0,127,135,SYNTHETIC_AUGMENTED
COHORT_2321,KERALA_DC_04,WP_C,WRIT_GENERAL,2022,Summons / Appearance,5,196,220,220,SYNTHETIC_AUGMENTED
COHORT_2322,KERALA_DC_04,WP_C,WRIT_GENERAL,2024,Evidence / Argument,2,239.5,115,115,SYNTHETIC_AUGMENTED
COHORT_2323,KERALA_DC_04,WP_C,WRIT_GENERAL,2024,Final Arguments / Judgment,2,48.5,45,45,SYNTHETIC_AUGMENTED
COHORT_2324,KERALA_DC_04,WP_C,WRIT_GENERAL,2024,Pleadings / Issues,1,154,154,154,SYNTHETIC_AUGMENTED
COHORT_2325,KERALA_DC_04,WP_C,WRIT_GENERAL,2024,Summons / Appearance,5,105,139,139,SYNTHETIC_AUGMENTED
COHORT_2326,KERALA_DC_05,BA,BAIL_GENERAL,2018,Evidence / Argument,2,358.5,215,215,SYNTHETIC_AUGMENTED
COHORT_2327,KERALA_DC_05,BA,BAIL_GENERAL,2018,Final Arguments / Judgment,3,59,59,59,SYNTHETIC_AUGMENTED
COHORT_2328,KERALA_DC_05,BA,BAIL_GENERAL,2018,Pleadings / Issues,1,100,100,100,SYNTHETIC_AUGMENTED
COHORT_2329,KERALA_DC_05,BA,BAIL_GENERAL,2018,Summons / Appearance,2,96.5,90,90,SYNTHETIC_AUGMENTED
COHORT_2330,KERALA_DC_05,BA,BAIL_GENERAL,2020,Evidence / Argument,5,156,184,184,SYNTHETIC_AUGMENTED
COHORT_2331,KERALA_DC_05,BA,BAIL_GENERAL,2020,Filing / Registration,1,8,8,8,SYNTHETIC_AUGMENTED
COHORT_2332,KERALA_DC_05,BA,BAIL_GENERAL,2020,Pleadings / Issues,4,80.5,101,101,SYNTHETIC_AUGMENTED
COHORT_2333,KERALA_DC_05,BA,BAIL_GENERAL,2020,Summons / Appearance,4,283.5,318,318,SYNTHETIC_AUGMENTED
COHORT_2334,KERALA_DC_05,BA,BAIL_GENERAL,2022,Evidence / Argument,10,202.0,317,418,SYNTHETIC_AUGMENTED
COHORT_2335,KERALA_DC_05,BA,BAIL_GENERAL,2022,Filing / Registration,4,23.5,30,30,SYNTHETIC_AUGMENTED
COHORT_2336,KERALA_DC_05,BA,BAIL_GENERAL,2022,Final Arguments / Judgment,8,83.0,112,129,SYNTHETIC_AUGMENTED
COHORT_2337,KERALA_DC_05,BA,BAIL_GENERAL,2022,Pleadings / Issues,8,89.5,130,221,SYNTHETIC_AUGMENTED
COHORT_2338,KERALA_DC_05,BA,BAIL_GENERAL,2022,Summons / Appearance,9,94,131,194,SYNTHETIC_AUGMENTED
COHORT_2339,KERALA_DC_05,BA,BAIL_GENERAL,2024,Filing / Registration,4,11.0,13,13,SYNTHETIC_AUGMENTED
COHORT_2340,KERALA_DC_05,BA,BAIL_GENERAL,2024,Pleadings / Issues,6,157.5,166,221,SYNTHETIC_AUGMENTED
COHORT_2341,KERALA_DC_05,BA,BAIL_GENERAL,2024,Summons / Appearance,7,217,219,265,SYNTHETIC_AUGMENTED
COHORT_2342,KERALA_DC_05,CRL_A,CRIMINAL_APPEAL,2018,Evidence / Argument,2,178.5,55,55,SYNTHETIC_AUGMENTED
COHORT_2343,KERALA_DC_05,CRL_A,CRIMINAL_APPEAL,2018,Filing / Registration,1,17,17,17,SYNTHETIC_AUGMENTED
COHORT_2344,KERALA_DC_05,CRL_A,CRIMINAL_APPEAL,2018,Final Arguments / Judgment,2,57.5,38,38,SYNTHETIC_AUGMENTED
COHORT_2345,KERALA_DC_05,CRL_A,CRIMINAL_APPEAL,2018,Summons / Appearance,6,79.5,87,229,SYNTHETIC_AUGMENTED
COHORT_2346,KERALA_DC_05,CRL_A,CRIMINAL_APPEAL,2020,Evidence / Argument,1,163,163,163,SYNTHETIC_AUGMENTED
COHORT_2347,KERALA_DC_05,CRL_A,CRIMINAL_APPEAL,2020,Filing / Registration,1,19,19,19,SYNTHETIC_AUGMENTED
COHORT_2348,KERALA_DC_05,CRL_A,CRIMINAL_APPEAL,2020,Final Arguments / Judgment,2,59.5,27,27,SYNTHETIC_AUGMENTED
COHORT_2349,KERALA_DC_05,CRL_A,CRIMINAL_APPEAL,2020,Summons / Appearance,4,224.5,358,358,SYNTHETIC_AUGMENTED
COHORT_2350,KERALA_DC_05,CRL_A,CRIMINAL_APPEAL,2022,Evidence / Argument,5,188,261,261,SYNTHETIC_AUGMENTED
COHORT_2351,KERALA_DC_05,CRL_A,CRIMINAL_APPEAL,2022,Final Arguments / Judgment,1,47,47,47,SYNTHETIC_AUGMENTED
COHORT_2352,KERALA_DC_05,CRL_A,CRIMINAL_APPEAL,2022,Pleadings / Issues,5,75,166,166,SYNTHETIC_AUGMENTED
COHORT_2353,KERALA_DC_05,CRL_A,CRIMINAL_APPEAL,2022,Summons / Appearance,6,104.0,154,226,SYNTHETIC_AUGMENTED
COHORT_2354,KERALA_DC_05,CRL_A,CRIMINAL_APPEAL,2024,Evidence / Argument,2,436.5,423,423,SYNTHETIC_AUGMENTED
COHORT_2355,KERALA_DC_05,CRL_A,CRIMINAL_APPEAL,2024,Filing / Registration,2,21.5,11,11,SYNTHETIC_AUGMENTED
COHORT_2356,KERALA_DC_05,CRL_A,CRIMINAL_APPEAL,2024,Final Arguments / Judgment,2,64.5,64,64,SYNTHETIC_AUGMENTED
COHORT_2357,KERALA_DC_05,CRL_A,CRIMINAL_APPEAL,2024,Summons / Appearance,2,165.0,93,93,SYNTHETIC_AUGMENTED
COHORT_2358,KERALA_DC_05,CS,CPC_GENERAL,2018,Evidence / Argument,1,188,188,188,SYNTHETIC_AUGMENTED
COHORT_2359,KERALA_DC_05,CS,CPC_GENERAL,2018,Filing / Registration,1,44,44,44,SYNTHETIC_AUGMENTED
COHORT_2360,KERALA_DC_05,CS,CPC_GENERAL,2018,Summons / Appearance,1,32,32,32,SYNTHETIC_AUGMENTED
COHORT_2361,KERALA_DC_05,CS,CPC_GENERAL,2020,Evidence / Argument,1,327,327,327,SYNTHETIC_AUGMENTED
COHORT_2362,KERALA_DC_05,CS,CPC_GENERAL,2020,Filing / Registration,1,7,7,7,SYNTHETIC_AUGMENTED
COHORT_2363,KERALA_DC_05,CS,CPC_GENERAL,2020,Final Arguments / Judgment,3,74,74,74,SYNTHETIC_AUGMENTED
COHORT_2364,KERALA_DC_05,CS,CPC_GENERAL,2020,Pleadings / Issues,1,133,133,133,SYNTHETIC_AUGMENTED
COHORT_2365,KERALA_DC_05,CS,CPC_GENERAL,2020,Summons / Appearance,9,100,239,265,SYNTHETIC_AUGMENTED
COHORT_2366,KERALA_DC_05,CS,CPC_GENERAL,2022,Evidence / Argument,10,358.0,372,407,SYNTHETIC_AUGMENTED
COHORT_2367,KERALA_DC_05,CS,CPC_GENERAL,2022,Filing / Registration,3,30,30,30,SYNTHETIC_AUGMENTED
COHORT_2368,KERALA_DC_05,CS,CPC_GENERAL,2022,Final Arguments / Judgment,4,110.0,144,144,SYNTHETIC_AUGMENTED
COHORT_2369,KERALA_DC_05,CS,CPC_GENERAL,2022,Pleadings / Issues,5,112,147,147,SYNTHETIC_AUGMENTED
COHORT_2370,KERALA_DC_05,CS,CPC_GENERAL,2022,Summons / Appearance,11,150,288,312,SYNTHETIC_AUGMENTED
COHORT_2371,KERALA_DC_05,CS,CPC_GENERAL,2024,Evidence / Argument,7,206,296,298,SYNTHETIC_AUGMENTED
COHORT_2372,KERALA_DC_05,CS,CPC_GENERAL,2024,Filing / Registration,1,19,19,19,SYNTHETIC_AUGMENTED
COHORT_2373,KERALA_DC_05,CS,CPC_GENERAL,2024,Final Arguments / Judgment,2,112.0,85,85,SYNTHETIC_AUGMENTED
COHORT_2374,KERALA_DC_05,CS,CPC_GENERAL,2024,Pleadings / Issues,1,178,178,178,SYNTHETIC_AUGMENTED
COHORT_2375,KERALA_DC_05,CS,CPC_GENERAL,2024,Summons / Appearance,6,182.5,211,357,SYNTHETIC_AUGMENTED
COHORT_2376,KERALA_DC_05,MACA,MOTOR_ACCIDENT,2018,Final Arguments / Judgment,1,12,12,12,SYNTHETIC_AUGMENTED
COHORT_2377,KERALA_DC_05,MACA,MOTOR_ACCIDENT,2018,Pleadings / Issues,1,125,125,125,SYNTHETIC_AUGMENTED
COHORT_2378,KERALA_DC_05,MACA,MOTOR_ACCIDENT,2020,Evidence / Argument,3,98,98,98,SYNTHETIC_AUGMENTED
COHORT_2379,KERALA_DC_05,MACA,MOTOR_ACCIDENT,2020,Summons / Appearance,1,220,220,220,SYNTHETIC_AUGMENTED
COHORT_2380,KERALA_DC_05,MACA,MOTOR_ACCIDENT,2022,Evidence / Argument,3,206,206,206,SYNTHETIC_AUGMENTED
COHORT_2381,KERALA_DC_05,MACA,MOTOR_ACCIDENT,2022,Filing / Registration,1,13,13,13,SYNTHETIC_AUGMENTED
COHORT_2382,KERALA_DC_05,MACA,MOTOR_ACCIDENT,2022,Summons / Appearance,3,65,65,65,SYNTHETIC_AUGMENTED
COHORT_2383,KERALA_DC_05,MACA,MOTOR_ACCIDENT,2024,Evidence / Argument,2,206.5,175,175,SYNTHETIC_AUGMENTED
COHORT_2384,KERALA_DC_05,MACA,MOTOR_ACCIDENT,2024,Summons / Appearance,3,152,152,152,SYNTHETIC_AUGMENTED
COHORT_2385,KERALA_DC_05,WP_C,WRIT_GENERAL,2018,Pleadings / Issues,1,109,109,109,SYNTHETIC_AUGMENTED
COHORT_2386,KERALA_DC_05,WP_C,WRIT_GENERAL,2018,Summons / Appearance,1,59,59,59,SYNTHETIC_AUGMENTED
COHORT_2387,KERALA_DC_05,WP_C,WRIT_GENERAL,2020,Evidence / Argument,2,326.0,307,307,SYNTHETIC_AUGMENTED
COHORT_2388,KERALA_DC_05,WP_C,WRIT_GENERAL,2020,Filing / Registration,2,26.5,20,20,SYNTHETIC_AUGMENTED
COHORT_2389,KERALA_DC_05,WP_C,WRIT_GENERAL,2020,Final Arguments / Judgment,2,63.5,38,38,SYNTHETIC_AUGMENTED
COHORT_2390,KERALA_DC_05,WP_C,WRIT_GENERAL,2020,Pleadings / Issues,4,155.0,184,184,SYNTHETIC_AUGMENTED
COHORT_2391,KERALA_DC_05,WP_C,WRIT_GENERAL,2020,Summons / Appearance,5,195,285,285,SYNTHETIC_AUGMENTED
COHORT_2392,KERALA_DC_05,WP_C,WRIT_GENERAL,2022,Evidence / Argument,3,91,91,91,SYNTHETIC_AUGMENTED
COHORT_2393,KERALA_DC_05,WP_C,WRIT_GENERAL,2022,Filing / Registration,1,14,14,14,SYNTHETIC_AUGMENTED
COHORT_2394,KERALA_DC_05,WP_C,WRIT_GENERAL,2022,Final Arguments / Judgment,1,56,56,56,SYNTHETIC_AUGMENTED
COHORT_2395,KERALA_DC_05,WP_C,WRIT_GENERAL,2022,Pleadings / Issues,3,73,73,73,SYNTHETIC_AUGMENTED
COHORT_2396,KERALA_DC_05,WP_C,WRIT_GENERAL,2022,Summons / Appearance,9,138,358,377,SYNTHETIC_AUGMENTED
COHORT_2397,KERALA_DC_05,WP_C,WRIT_GENERAL,2024,Evidence / Argument,2,374.5,349,349,SYNTHETIC_AUGMENTED
COHORT_2398,KERALA_DC_05,WP_C,WRIT_GENERAL,2024,Filing / Registration,1,16,16,16,SYNTHETIC_AUGMENTED
COHORT_2399,KERALA_DC_05,WP_C,WRIT_GENERAL,2024,Final Arguments / Judgment,3,62,62,62,SYNTHETIC_AUGMENTED
COHORT_2400,KERALA_DC_05,WP_C,WRIT_GENERAL,2024,Pleadings / Issues,2,75.0,72,72,SYNTHETIC_AUGMENTED
COHORT_2401,KERALA_DC_05,WP_C,WRIT_GENERAL,2024,Summons / Appearance,2,163.5,88,88,SYNTHETIC_AUGMENTED
COHORT_2402,MADHYA_DC_01,BA,BAIL_GENERAL,2018,Filing / Registration,1,13,13,13,SYNTHETIC_AUGMENTED
COHORT_2403,MADHYA_DC_01,BA,BAIL_GENERAL,2018,Summons / Appearance,1,175,175,175,SYNTHETIC_AUGMENTED
COHORT_2404,MADHYA_DC_01,BA,BAIL_GENERAL,2022,Evidence / Argument,1,397,397,397,SYNTHETIC_AUGMENTED
COHORT_2405,MADHYA_DC_01,BA,BAIL_GENERAL,2022,Final Arguments / Judgment,1,55,55,55,SYNTHETIC_AUGMENTED
COHORT_2406,MADHYA_DC_01,BA,BAIL_GENERAL,2022,Pleadings / Issues,1,89,89,89,SYNTHETIC_AUGMENTED
COHORT_2407,MADHYA_DC_01,BA,BAIL_GENERAL,2022,Summons / Appearance,8,121.5,148,189,SYNTHETIC_AUGMENTED
COHORT_2408,MADHYA_DC_01,BA,BAIL_GENERAL,2024,Evidence / Argument,2,253.0,35,35,SYNTHETIC_AUGMENTED
COHORT_2409,MADHYA_DC_01,BA,BAIL_GENERAL,2024,Summons / Appearance,3,90,90,90,SYNTHETIC_AUGMENTED
COHORT_2410,MADHYA_DC_01,CRL_A,CRIMINAL_APPEAL,2020,Final Arguments / Judgment,1,94,94,94,SYNTHETIC_AUGMENTED
COHORT_2411,MADHYA_DC_01,CRL_A,CRIMINAL_APPEAL,2020,Summons / Appearance,3,86,86,86,SYNTHETIC_AUGMENTED
COHORT_2412,MADHYA_DC_01,CRL_A,CRIMINAL_APPEAL,2022,Evidence / Argument,3,168,168,168,SYNTHETIC_AUGMENTED
COHORT_2413,MADHYA_DC_01,CRL_A,CRIMINAL_APPEAL,2022,Pleadings / Issues,2,93.0,59,59,SYNTHETIC_AUGMENTED
COHORT_2414,MADHYA_DC_01,CRL_A,CRIMINAL_APPEAL,2022,Summons / Appearance,2,81.0,61,61,SYNTHETIC_AUGMENTED
COHORT_2415,MADHYA_DC_01,CRL_A,CRIMINAL_APPEAL,2024,Evidence / Argument,2,101.0,54,54,SYNTHETIC_AUGMENTED
COHORT_2416,MADHYA_DC_01,CRL_A,CRIMINAL_APPEAL,2024,Pleadings / Issues,1,85,85,85,SYNTHETIC_AUGMENTED
COHORT_2417,MADHYA_DC_01,CRL_A,CRIMINAL_APPEAL,2024,Summons / Appearance,2,129.5,80,80,SYNTHETIC_AUGMENTED
COHORT_2418,MADHYA_DC_01,CS,CPC_GENERAL,2018,Summons / Appearance,1,38,38,38,SYNTHETIC_AUGMENTED
COHORT_2419,MADHYA_DC_01,CS,CPC_GENERAL,2020,Evidence / Argument,1,280,280,280,SYNTHETIC_AUGMENTED
COHORT_2420,MADHYA_DC_01,CS,CPC_GENERAL,2020,Filing / Registration,1,15,15,15,SYNTHETIC_AUGMENTED
COHORT_2421,MADHYA_DC_01,CS,CPC_GENERAL,2020,Final Arguments / Judgment,1,50,50,50,SYNTHETIC_AUGMENTED
COHORT_2422,MADHYA_DC_01,CS,CPC_GENERAL,2020,Pleadings / Issues,1,82,82,82,SYNTHETIC_AUGMENTED
COHORT_2423,MADHYA_DC_01,CS,CPC_GENERAL,2022,Evidence / Argument,2,155.5,131,131,SYNTHETIC_AUGMENTED
COHORT_2424,MADHYA_DC_01,CS,CPC_GENERAL,2022,Filing / Registration,2,12.5,12,12,SYNTHETIC_AUGMENTED
COHORT_2425,MADHYA_DC_01,CS,CPC_GENERAL,2022,Pleadings / Issues,3,83,83,83,SYNTHETIC_AUGMENTED
COHORT_2426,MADHYA_DC_01,CS,CPC_GENERAL,2022,Summons / Appearance,4,71.5,75,75,SYNTHETIC_AUGMENTED
COHORT_2427,MADHYA_DC_01,CS,CPC_GENERAL,2024,Filing / Registration,2,36.0,22,22,SYNTHETIC_AUGMENTED
COHORT_2428,MADHYA_DC_01,CS,CPC_GENERAL,2024,Pleadings / Issues,1,88,88,88,SYNTHETIC_AUGMENTED
COHORT_2429,MADHYA_DC_01,CS,CPC_GENERAL,2024,Summons / Appearance,2,269.5,215,215,SYNTHETIC_AUGMENTED
COHORT_2430,MADHYA_DC_01,MACA,MOTOR_ACCIDENT,2018,Summons / Appearance,1,166,166,166,SYNTHETIC_AUGMENTED
COHORT_2431,MADHYA_DC_01,MACA,MOTOR_ACCIDENT,2020,Evidence / Argument,1,120,120,120,SYNTHETIC_AUGMENTED
COHORT_2432,MADHYA_DC_01,MACA,MOTOR_ACCIDENT,2022,Pleadings / Issues,1,66,66,66,SYNTHETIC_AUGMENTED
COHORT_2433,MADHYA_DC_01,MACA,MOTOR_ACCIDENT,2022,Summons / Appearance,1,255,255,255,SYNTHETIC_AUGMENTED
COHORT_2434,MADHYA_DC_01,WP_C,WRIT_GENERAL,2022,Pleadings / Issues,2,134.5,122,122,SYNTHETIC_AUGMENTED
COHORT_2435,MADHYA_DC_01,WP_C,WRIT_GENERAL,2022,Summons / Appearance,3,119,119,119,SYNTHETIC_AUGMENTED
COHORT_2436,MADHYA_DC_01,WP_C,WRIT_GENERAL,2024,Summons / Appearance,1,385,385,385,SYNTHETIC_AUGMENTED
COHORT_2437,MADHYA_DC_02,BA,BAIL_GENERAL,2018,Summons / Appearance,2,180.5,57,57,SYNTHETIC_AUGMENTED
COHORT_2438,MADHYA_DC_02,BA,BAIL_GENERAL,2020,Final Arguments / Judgment,1,69,69,69,SYNTHETIC_AUGMENTED
COHORT_2439,MADHYA_DC_02,BA,BAIL_GENERAL,2020,Pleadings / Issues,1,258,258,258,SYNTHETIC_AUGMENTED
COHORT_2440,MADHYA_DC_02,BA,BAIL_GENERAL,2022,Evidence / Argument,1,52,52,52,SYNTHETIC_AUGMENTED
COHORT_2441,MADHYA_DC_02,BA,BAIL_GENERAL,2022,Filing / Registration,1,5,5,5,SYNTHETIC_AUGMENTED
COHORT_2442,MADHYA_DC_02,BA,BAIL_GENERAL,2022,Pleadings / Issues,3,137,137,137,SYNTHETIC_AUGMENTED
COHORT_2443,MADHYA_DC_02,BA,BAIL_GENERAL,2022,Summons / Appearance,6,228.0,288,341,SYNTHETIC_AUGMENTED
COHORT_2444,MADHYA_DC_02,BA,BAIL_GENERAL,2024,Evidence / Argument,1,231,231,231,SYNTHETIC_AUGMENTED
COHORT_2445,MADHYA_DC_02,BA,BAIL_GENERAL,2024,Filing / Registration,1,27,27,27,SYNTHETIC_AUGMENTED
COHORT_2446,MADHYA_DC_02,BA,BAIL_GENERAL,2024,Summons / Appearance,1,170,170,170,SYNTHETIC_AUGMENTED
COHORT_2447,MADHYA_DC_02,CRL_A,CRIMINAL_APPEAL,2020,Evidence / Argument,1,118,118,118,SYNTHETIC_AUGMENTED
COHORT_2448,MADHYA_DC_02,CRL_A,CRIMINAL_APPEAL,2020,Final Arguments / Judgment,2,93.0,38,38,SYNTHETIC_AUGMENTED
COHORT_2449,MADHYA_DC_02,CRL_A,CRIMINAL_APPEAL,2020,Pleadings / Issues,2,169.5,74,74,SYNTHETIC_AUGMENTED
COHORT_2450,MADHYA_DC_02,CRL_A,CRIMINAL_APPEAL,2022,Evidence / Argument,3,285,285,285,SYNTHETIC_AUGMENTED
COHORT_2451,MADHYA_DC_02,CRL_A,CRIMINAL_APPEAL,2022,Filing / Registration,1,8,8,8,SYNTHETIC_AUGMENTED
COHORT_2452,MADHYA_DC_02,CRL_A,CRIMINAL_APPEAL,2022,Pleadings / Issues,1,139,139,139,SYNTHETIC_AUGMENTED
COHORT_2453,MADHYA_DC_02,CRL_A,CRIMINAL_APPEAL,2024,Evidence / Argument,1,265,265,265,SYNTHETIC_AUGMENTED
COHORT_2454,MADHYA_DC_02,CRL_A,CRIMINAL_APPEAL,2024,Filing / Registration,1,13,13,13,SYNTHETIC_AUGMENTED
COHORT_2455,MADHYA_DC_02,CRL_A,CRIMINAL_APPEAL,2024,Final Arguments / Judgment,1,37,37,37,SYNTHETIC_AUGMENTED
COHORT_2456,MADHYA_DC_02,CRL_A,CRIMINAL_APPEAL,2024,Summons / Appearance,2,145.0,57,57,SYNTHETIC_AUGMENTED
COHORT_2457,MADHYA_DC_02,CS,CPC_GENERAL,2018,Filing / Registration,1,12,12,12,SYNTHETIC_AUGMENTED
COHORT_2458,MADHYA_DC_02,CS,CPC_GENERAL,2018,Summons / Appearance,1,386,386,386,SYNTHETIC_AUGMENTED
COHORT_2459,MADHYA_DC_02,CS,CPC_GENERAL,2020,Pleadings / Issues,1,97,97,97,SYNTHETIC_AUGMENTED
COHORT_2460,MADHYA_DC_02,CS,CPC_GENERAL,2022,Evidence / Argument,2,258.0,172,172,SYNTHETIC_AUGMENTED
COHORT_2461,MADHYA_DC_02,CS,CPC_GENERAL,2022,Filing / Registration,1,30,30,30,SYNTHETIC_AUGMENTED
COHORT_2462,MADHYA_DC_02,CS,CPC_GENERAL,2022,Pleadings / Issues,1,228,228,228,SYNTHETIC_AUGMENTED
COHORT_2463,MADHYA_DC_02,CS,CPC_GENERAL,2022,Summons / Appearance,2,73.5,61,61,SYNTHETIC_AUGMENTED
COHORT_2464,MADHYA_DC_02,CS,CPC_GENERAL,2024,Filing / Registration,1,9,9,9,SYNTHETIC_AUGMENTED
COHORT_2465,MADHYA_DC_02,CS,CPC_GENERAL,2024,Pleadings / Issues,1,53,53,53,SYNTHETIC_AUGMENTED
COHORT_2466,MADHYA_DC_02,CS,CPC_GENERAL,2024,Summons / Appearance,2,100.0,32,32,SYNTHETIC_AUGMENTED
COHORT_2467,MADHYA_DC_02,MACA,MOTOR_ACCIDENT,2022,Evidence / Argument,1,484,484,484,SYNTHETIC_AUGMENTED
COHORT_2468,MADHYA_DC_02,MACA,MOTOR_ACCIDENT,2022,Pleadings / Issues,1,63,63,63,SYNTHETIC_AUGMENTED
COHORT_2469,MADHYA_DC_02,MACA,MOTOR_ACCIDENT,2024,Pleadings / Issues,1,99,99,99,SYNTHETIC_AUGMENTED
COHORT_2470,MADHYA_DC_02,WP_C,WRIT_GENERAL,2018,Evidence / Argument,1,235,235,235,SYNTHETIC_AUGMENTED
COHORT_2471,MADHYA_DC_02,WP_C,WRIT_GENERAL,2020,Final Arguments / Judgment,1,45,45,45,SYNTHETIC_AUGMENTED
COHORT_2472,MADHYA_DC_02,WP_C,WRIT_GENERAL,2022,Filing / Registration,1,16,16,16,SYNTHETIC_AUGMENTED
COHORT_2473,MADHYA_DC_02,WP_C,WRIT_GENERAL,2022,Final Arguments / Judgment,1,69,69,69,SYNTHETIC_AUGMENTED
COHORT_2474,MADHYA_DC_02,WP_C,WRIT_GENERAL,2022,Pleadings / Issues,4,86.5,89,89,SYNTHETIC_AUGMENTED
COHORT_2475,MADHYA_DC_02,WP_C,WRIT_GENERAL,2022,Summons / Appearance,1,319,319,319,SYNTHETIC_AUGMENTED
COHORT_2476,MADHYA_DC_02,WP_C,WRIT_GENERAL,2024,Evidence / Argument,1,208,208,208,SYNTHETIC_AUGMENTED
COHORT_2477,MADHYA_DC_03,BA,BAIL_GENERAL,2018,Filing / Registration,1,13,13,13,SYNTHETIC_AUGMENTED
COHORT_2478,MADHYA_DC_03,BA,BAIL_GENERAL,2018,Final Arguments / Judgment,1,34,34,34,SYNTHETIC_AUGMENTED
COHORT_2479,MADHYA_DC_03,BA,BAIL_GENERAL,2018,Summons / Appearance,1,116,116,116,SYNTHETIC_AUGMENTED
COHORT_2480,MADHYA_DC_03,BA,BAIL_GENERAL,2020,Final Arguments / Judgment,1,41,41,41,SYNTHETIC_AUGMENTED
COHORT_2481,MADHYA_DC_03,BA,BAIL_GENERAL,2020,Pleadings / Issues,1,111,111,111,SYNTHETIC_AUGMENTED
COHORT_2482,MADHYA_DC_03,BA,BAIL_GENERAL,2020,Summons / Appearance,2,110.5,55,55,SYNTHETIC_AUGMENTED
COHORT_2483,MADHYA_DC_03,BA,BAIL_GENERAL,2022,Filing / Registration,1,24,24,24,SYNTHETIC_AUGMENTED
COHORT_2484,MADHYA_DC_03,BA,BAIL_GENERAL,2022,Final Arguments / Judgment,2,50.0,32,32,SYNTHETIC_AUGMENTED
COHORT_2485,MADHYA_DC_03,BA,BAIL_GENERAL,2022,Pleadings / Issues,2,149.0,107,107,SYNTHETIC_AUGMENTED
COHORT_2486,MADHYA_DC_03,BA,BAIL_GENERAL,2022,Summons / Appearance,4,115.5,132,132,SYNTHETIC_AUGMENTED
COHORT_2487,MADHYA_DC_03,BA,BAIL_GENERAL,2024,Filing / Registration,2,9.5,5,5,SYNTHETIC_AUGMENTED
COHORT_2488,MADHYA_DC_03,BA,BAIL_GENERAL,2024,Pleadings / Issues,2,99.0,84,84,SYNTHETIC_AUGMENTED
COHORT_2489,MADHYA_DC_03,CRL_A,CRIMINAL_APPEAL,2020,Filing / Registration,1,18,18,18,SYNTHETIC_AUGMENTED
COHORT_2490,MADHYA_DC_03,CRL_A,CRIMINAL_APPEAL,2020,Final Arguments / Judgment,1,66,66,66,SYNTHETIC_AUGMENTED
COHORT_2491,MADHYA_DC_03,CRL_A,CRIMINAL_APPEAL,2022,Evidence / Argument,2,106.0,30,30,SYNTHETIC_AUGMENTED
COHORT_2492,MADHYA_DC_03,CRL_A,CRIMINAL_APPEAL,2022,Final Arguments / Judgment,1,56,56,56,SYNTHETIC_AUGMENTED
COHORT_2493,MADHYA_DC_03,CRL_A,CRIMINAL_APPEAL,2024,Evidence / Argument,1,197,197,197,SYNTHETIC_AUGMENTED
COHORT_2494,MADHYA_DC_03,CRL_A,CRIMINAL_APPEAL,2024,Pleadings / Issues,2,111.5,106,106,SYNTHETIC_AUGMENTED
COHORT_2495,MADHYA_DC_03,CRL_A,CRIMINAL_APPEAL,2024,Summons / Appearance,1,72,72,72,SYNTHETIC_AUGMENTED
COHORT_2496,MADHYA_DC_03,CS,CPC_GENERAL,2018,Pleadings / Issues,1,282,282,282,SYNTHETIC_AUGMENTED
COHORT_2497,MADHYA_DC_03,CS,CPC_GENERAL,2018,Summons / Appearance,1,68,68,68,SYNTHETIC_AUGMENTED
COHORT_2498,MADHYA_DC_03,CS,CPC_GENERAL,2020,Evidence / Argument,1,119,119,119,SYNTHETIC_AUGMENTED
COHORT_2499,MADHYA_DC_03,CS,CPC_GENERAL,2020,Final Arguments / Judgment,1,39,39,39,SYNTHETIC_AUGMENTED
COHORT_2500,MADHYA_DC_03,CS,CPC_GENERAL,2022,Evidence / Argument,2,155.5,118,118,SYNTHETIC_AUGMENTED
COHORT_2501,MADHYA_DC_03,CS,CPC_GENERAL,2022,Final Arguments / Judgment,1,53,53,53,SYNTHETIC_AUGMENTED
COHORT_2502,MADHYA_DC_03,CS,CPC_GENERAL,2022,Pleadings / Issues,2,125.0,75,75,SYNTHETIC_AUGMENTED
COHORT_2503,MADHYA_DC_03,CS,CPC_GENERAL,2022,Summons / Appearance,4,103.0,111,111,SYNTHETIC_AUGMENTED
COHORT_2504,MADHYA_DC_03,CS,CPC_GENERAL,2024,Pleadings / Issues,2,87.5,71,71,SYNTHETIC_AUGMENTED
COHORT_2505,MADHYA_DC_03,CS,CPC_GENERAL,2024,Summons / Appearance,1,67,67,67,SYNTHETIC_AUGMENTED
COHORT_2506,MADHYA_DC_03,MACA,MOTOR_ACCIDENT,2020,Final Arguments / Judgment,1,75,75,75,SYNTHETIC_AUGMENTED
COHORT_2507,MADHYA_DC_03,MACA,MOTOR_ACCIDENT,2022,Pleadings / Issues,1,106,106,106,SYNTHETIC_AUGMENTED
COHORT_2508,MADHYA_DC_03,MACA,MOTOR_ACCIDENT,2022,Summons / Appearance,1,178,178,178,SYNTHETIC_AUGMENTED
COHORT_2509,MADHYA_DC_03,MACA,MOTOR_ACCIDENT,2024,Filing / Registration,1,12,12,12,SYNTHETIC_AUGMENTED
COHORT_2510,MADHYA_DC_03,WP_C,WRIT_GENERAL,2020,Evidence / Argument,1,123,123,123,SYNTHETIC_AUGMENTED
COHORT_2511,MADHYA_DC_03,WP_C,WRIT_GENERAL,2020,Summons / Appearance,1,293,293,293,SYNTHETIC_AUGMENTED
COHORT_2512,MADHYA_DC_03,WP_C,WRIT_GENERAL,2022,Final Arguments / Judgment,1,74,74,74,SYNTHETIC_AUGMENTED
COHORT_2513,MADHYA_DC_03,WP_C,WRIT_GENERAL,2022,Pleadings / Issues,2,161.5,77,77,SYNTHETIC_AUGMENTED
COHORT_2514,MADHYA_DC_03,WP_C,WRIT_GENERAL,2024,Filing / Registration,1,11,11,11,SYNTHETIC_AUGMENTED
COHORT_2515,MADHYA_DC_03,WP_C,WRIT_GENERAL,2024,Summons / Appearance,1,81,81,81,SYNTHETIC_AUGMENTED
COHORT_2516,MADHYA_DC_04,BA,BAIL_GENERAL,2018,Evidence / Argument,1,247,247,247,SYNTHETIC_AUGMENTED
COHORT_2517,MADHYA_DC_04,BA,BAIL_GENERAL,2020,Evidence / Argument,1,132,132,132,SYNTHETIC_AUGMENTED
COHORT_2518,MADHYA_DC_04,BA,BAIL_GENERAL,2020,Filing / Registration,1,14,14,14,SYNTHETIC_AUGMENTED
COHORT_2519,MADHYA_DC_04,BA,BAIL_GENERAL,2020,Pleadings / Issues,1,92,92,92,SYNTHETIC_AUGMENTED
COHORT_2520,MADHYA_DC_04,BA,BAIL_GENERAL,2020,Summons / Appearance,1,99,99,99,SYNTHETIC_AUGMENTED
COHORT_2521,MADHYA_DC_04,BA,BAIL_GENERAL,2022,Evidence / Argument,2,231.0,165,165,SYNTHETIC_AUGMENTED
COHORT_2522,MADHYA_DC_04,BA,BAIL_GENERAL,2022,Final Arguments / Judgment,3,71,71,71,SYNTHETIC_AUGMENTED
COHORT_2523,MADHYA_DC_04,BA,BAIL_GENERAL,2022,Pleadings / Issues,1,79,79,79,SYNTHETIC_AUGMENTED
COHORT_2524,MADHYA_DC_04,BA,BAIL_GENERAL,2022,Summons / Appearance,3,64,64,64,SYNTHETIC_AUGMENTED
COHORT_2525,MADHYA_DC_04,BA,BAIL_GENERAL,2024,Evidence / Argument,2,235.0,221,221,SYNTHETIC_AUGMENTED
COHORT_2526,MADHYA_DC_04,BA,BAIL_GENERAL,2024,Filing / Registration,1,16,16,16,SYNTHETIC_AUGMENTED
COHORT_2527,MADHYA_DC_04,BA,BAIL_GENERAL,2024,Pleadings / Issues,3,93,93,93,SYNTHETIC_AUGMENTED
COHORT_2528,MADHYA_DC_04,CRL_A,CRIMINAL_APPEAL,2018,Evidence / Argument,1,319,319,319,SYNTHETIC_AUGMENTED
COHORT_2529,MADHYA_DC_04,CRL_A,CRIMINAL_APPEAL,2018,Summons / Appearance,1,403,403,403,SYNTHETIC_AUGMENTED
COHORT_2530,MADHYA_DC_04,CRL_A,CRIMINAL_APPEAL,2020,Summons / Appearance,1,62,62,62,SYNTHETIC_AUGMENTED
COHORT_2531,MADHYA_DC_04,CRL_A,CRIMINAL_APPEAL,2022,Evidence / Argument,1,107,107,107,SYNTHETIC_AUGMENTED
COHORT_2532,MADHYA_DC_04,CRL_A,CRIMINAL_APPEAL,2022,Filing / Registration,2,30.0,18,18,SYNTHETIC_AUGMENTED
COHORT_2533,MADHYA_DC_04,CRL_A,CRIMINAL_APPEAL,2022,Final Arguments / Judgment,1,57,57,57,SYNTHETIC_AUGMENTED
COHORT_2534,MADHYA_DC_04,CRL_A,CRIMINAL_APPEAL,2022,Summons / Appearance,4,47.5,61,61,SYNTHETIC_AUGMENTED
COHORT_2535,MADHYA_DC_04,CRL_A,CRIMINAL_APPEAL,2024,Evidence / Argument,1,329,329,329,SYNTHETIC_AUGMENTED
COHORT_2536,MADHYA_DC_04,CRL_A,CRIMINAL_APPEAL,2024,Pleadings / Issues,1,71,71,71,SYNTHETIC_AUGMENTED
COHORT_2537,MADHYA_DC_04,CRL_A,CRIMINAL_APPEAL,2024,Summons / Appearance,1,40,40,40,SYNTHETIC_AUGMENTED
COHORT_2538,MADHYA_DC_04,CS,CPC_GENERAL,2018,Filing / Registration,1,28,28,28,SYNTHETIC_AUGMENTED
COHORT_2539,MADHYA_DC_04,CS,CPC_GENERAL,2020,Evidence / Argument,1,330,330,330,SYNTHETIC_AUGMENTED
COHORT_2540,MADHYA_DC_04,CS,CPC_GENERAL,2020,Filing / Registration,2,15.0,14,14,SYNTHETIC_AUGMENTED
COHORT_2541,MADHYA_DC_04,CS,CPC_GENERAL,2022,Filing / Registration,2,18.5,15,15,SYNTHETIC_AUGMENTED
COHORT_2542,MADHYA_DC_04,CS,CPC_GENERAL,2022,Final Arguments / Judgment,2,58.5,34,34,SYNTHETIC_AUGMENTED
COHORT_2543,MADHYA_DC_04,CS,CPC_GENERAL,2022,Pleadings / Issues,1,150,150,150,SYNTHETIC_AUGMENTED
COHORT_2544,MADHYA_DC_04,CS,CPC_GENERAL,2022,Summons / Appearance,2,136.5,87,87,SYNTHETIC_AUGMENTED
COHORT_2545,MADHYA_DC_04,CS,CPC_GENERAL,2024,Evidence / Argument,1,185,185,185,SYNTHETIC_AUGMENTED
COHORT_2546,MADHYA_DC_04,CS,CPC_GENERAL,2024,Summons / Appearance,1,62,62,62,SYNTHETIC_AUGMENTED
COHORT_2547,MADHYA_DC_04,MACA,MOTOR_ACCIDENT,2020,Evidence / Argument,1,174,174,174,SYNTHETIC_AUGMENTED
COHORT_2548,MADHYA_DC_04,MACA,MOTOR_ACCIDENT,2024,Final Arguments / Judgment,1,65,65,65,SYNTHETIC_AUGMENTED
COHORT_2549,MADHYA_DC_04,WP_C,WRIT_GENERAL,2018,Filing / Registration,1,17,17,17,SYNTHETIC_AUGMENTED
COHORT_2550,MADHYA_DC_04,WP_C,WRIT_GENERAL,2022,Pleadings / Issues,2,85.0,77,77,SYNTHETIC_AUGMENTED
COHORT_2551,MADHYA_DC_04,WP_C,WRIT_GENERAL,2022,Summons / Appearance,1,70,70,70,SYNTHETIC_AUGMENTED
COHORT_2552,MADHYA_DC_05,BA,BAIL_GENERAL,2018,Summons / Appearance,1,68,68,68,SYNTHETIC_AUGMENTED
COHORT_2553,MADHYA_DC_05,BA,BAIL_GENERAL,2020,Evidence / Argument,1,74,74,74,SYNTHETIC_AUGMENTED
COHORT_2554,MADHYA_DC_05,BA,BAIL_GENERAL,2020,Filing / Registration,1,36,36,36,SYNTHETIC_AUGMENTED
COHORT_2555,MADHYA_DC_05,BA,BAIL_GENERAL,2020,Summons / Appearance,1,262,262,262,SYNTHETIC_AUGMENTED
COHORT_2556,MADHYA_DC_05,BA,BAIL_GENERAL,2022,Evidence / Argument,1,392,392,392,SYNTHETIC_AUGMENTED
COHORT_2557,MADHYA_DC_05,BA,BAIL_GENERAL,2022,Filing / Registration,1,12,12,12,SYNTHETIC_AUGMENTED
COHORT_2558,MADHYA_DC_05,BA,BAIL_GENERAL,2022,Final Arguments / Judgment,1,141,141,141,SYNTHETIC_AUGMENTED
COHORT_2559,MADHYA_DC_05,BA,BAIL_GENERAL,2022,Pleadings / Issues,1,50,50,50,SYNTHETIC_AUGMENTED
COHORT_2560,MADHYA_DC_05,BA,BAIL_GENERAL,2022,Summons / Appearance,3,78,78,78,SYNTHETIC_AUGMENTED
COHORT_2561,MADHYA_DC_05,BA,BAIL_GENERAL,2024,Pleadings / Issues,1,109,109,109,SYNTHETIC_AUGMENTED
COHORT_2562,MADHYA_DC_05,BA,BAIL_GENERAL,2024,Summons / Appearance,2,203.5,92,92,SYNTHETIC_AUGMENTED
COHORT_2563,MADHYA_DC_05,CRL_A,CRIMINAL_APPEAL,2018,Evidence / Argument,1,175,175,175,SYNTHETIC_AUGMENTED
COHORT_2564,MADHYA_DC_05,CRL_A,CRIMINAL_APPEAL,2018,Pleadings / Issues,1,124,124,124,SYNTHETIC_AUGMENTED
COHORT_2565,MADHYA_DC_05,CRL_A,CRIMINAL_APPEAL,2020,Filing / Registration,1,9,9,9,SYNTHETIC_AUGMENTED
COHORT_2566,MADHYA_DC_05,CRL_A,CRIMINAL_APPEAL,2020,Pleadings / Issues,1,112,112,112,SYNTHETIC_AUGMENTED
COHORT_2567,MADHYA_DC_05,CRL_A,CRIMINAL_APPEAL,2022,Final Arguments / Judgment,1,76,76,76,SYNTHETIC_AUGMENTED
COHORT_2568,MADHYA_DC_05,CRL_A,CRIMINAL_APPEAL,2022,Pleadings / Issues,1,118,118,118,SYNTHETIC_AUGMENTED
COHORT_2569,MADHYA_DC_05,CRL_A,CRIMINAL_APPEAL,2022,Summons / Appearance,3,65,65,65,SYNTHETIC_AUGMENTED
COHORT_2570,MADHYA_DC_05,CRL_A,CRIMINAL_APPEAL,2024,Filing / Registration,2,20.0,15,15,SYNTHETIC_AUGMENTED
COHORT_2571,MADHYA_DC_05,CRL_A,CRIMINAL_APPEAL,2024,Final Arguments / Judgment,1,93,93,93,SYNTHETIC_AUGMENTED
COHORT_2572,MADHYA_DC_05,CRL_A,CRIMINAL_APPEAL,2024,Pleadings / Issues,1,250,250,250,SYNTHETIC_AUGMENTED
COHORT_2573,MADHYA_DC_05,CRL_A,CRIMINAL_APPEAL,2024,Summons / Appearance,1,65,65,65,SYNTHETIC_AUGMENTED
COHORT_2574,MADHYA_DC_05,CS,CPC_GENERAL,2020,Evidence / Argument,1,182,182,182,SYNTHETIC_AUGMENTED
COHORT_2575,MADHYA_DC_05,CS,CPC_GENERAL,2020,Final Arguments / Judgment,2,112.0,38,38,SYNTHETIC_AUGMENTED
COHORT_2576,MADHYA_DC_05,CS,CPC_GENERAL,2020,Pleadings / Issues,1,95,95,95,SYNTHETIC_AUGMENTED
COHORT_2577,MADHYA_DC_05,CS,CPC_GENERAL,2020,Summons / Appearance,3,382,382,382,SYNTHETIC_AUGMENTED
COHORT_2578,MADHYA_DC_05,CS,CPC_GENERAL,2022,Evidence / Argument,3,231,231,231,SYNTHETIC_AUGMENTED
COHORT_2579,MADHYA_DC_05,CS,CPC_GENERAL,2022,Filing / Registration,1,26,26,26,SYNTHETIC_AUGMENTED
COHORT_2580,MADHYA_DC_05,CS,CPC_GENERAL,2022,Pleadings / Issues,1,205,205,205,SYNTHETIC_AUGMENTED
COHORT_2581,MADHYA_DC_05,CS,CPC_GENERAL,2022,Summons / Appearance,5,164,353,353,SYNTHETIC_AUGMENTED
COHORT_2582,MADHYA_DC_05,CS,CPC_GENERAL,2024,Evidence / Argument,1,93,93,93,SYNTHETIC_AUGMENTED
COHORT_2583,MADHYA_DC_05,CS,CPC_GENERAL,2024,Final Arguments / Judgment,1,79,79,79,SYNTHETIC_AUGMENTED
COHORT_2584,MADHYA_DC_05,CS,CPC_GENERAL,2024,Pleadings / Issues,2,71.0,15,15,SYNTHETIC_AUGMENTED
COHORT_2585,MADHYA_DC_05,MACA,MOTOR_ACCIDENT,2018,Summons / Appearance,1,101,101,101,SYNTHETIC_AUGMENTED
COHORT_2586,MADHYA_DC_05,MACA,MOTOR_ACCIDENT,2022,Summons / Appearance,1,363,363,363,SYNTHETIC_AUGMENTED
COHORT_2587,MADHYA_DC_05,MACA,MOTOR_ACCIDENT,2024,Filing / Registration,1,16,16,16,SYNTHETIC_AUGMENTED
COHORT_2588,MADHYA_DC_05,WP_C,WRIT_GENERAL,2018,Evidence / Argument,1,113,113,113,SYNTHETIC_AUGMENTED
COHORT_2589,MADHYA_DC_05,WP_C,WRIT_GENERAL,2018,Summons / Appearance,2,53.5,49,49,SYNTHETIC_AUGMENTED
COHORT_2590,MADHYA_DC_05,WP_C,WRIT_GENERAL,2020,Evidence / Argument,1,209,209,209,SYNTHETIC_AUGMENTED
COHORT_2591,MADHYA_DC_05,WP_C,WRIT_GENERAL,2020,Pleadings / Issues,1,77,77,77,SYNTHETIC_AUGMENTED
COHORT_2592,MADHYA_DC_05,WP_C,WRIT_GENERAL,2022,Filing / Registration,1,11,11,11,SYNTHETIC_AUGMENTED
COHORT_2593,MADHYA_DC_05,WP_C,WRIT_GENERAL,2022,Summons / Appearance,4,147.0,220,220,SYNTHETIC_AUGMENTED
COHORT_2594,MAHARA_DC_01,BA,BAIL_GENERAL,2018,Evidence / Argument,3,185,185,185,SYNTHETIC_AUGMENTED
COHORT_2595,MAHARA_DC_01,BA,BAIL_GENERAL,2018,Final Arguments / Judgment,3,74,74,74,SYNTHETIC_AUGMENTED
COHORT_2596,MAHARA_DC_01,BA,BAIL_GENERAL,2018,Pleadings / Issues,2,126.5,103,103,SYNTHETIC_AUGMENTED
COHORT_2597,MAHARA_DC_01,BA,BAIL_GENERAL,2018,Summons / Appearance,3,189,189,189,SYNTHETIC_AUGMENTED
COHORT_2598,MAHARA_DC_01,BA,BAIL_GENERAL,2020,Evidence / Argument,3,229,229,229,SYNTHETIC_AUGMENTED
COHORT_2599,MAHARA_DC_01,BA,BAIL_GENERAL,2020,Filing / Registration,1,46,46,46,SYNTHETIC_AUGMENTED
COHORT_2600,MAHARA_DC_01,BA,BAIL_GENERAL,2020,Final Arguments / Judgment,2,83.5,58,58,SYNTHETIC_AUGMENTED
COHORT_2601,MAHARA_DC_01,BA,BAIL_GENERAL,2020,Pleadings / Issues,3,113,113,113,SYNTHETIC_AUGMENTED
COHORT_2602,MAHARA_DC_01,BA,BAIL_GENERAL,2020,Summons / Appearance,7,86,94,94,SYNTHETIC_AUGMENTED
COHORT_2603,MAHARA_DC_01,BA,BAIL_GENERAL,2022,Evidence / Argument,15,140,200,316,SYNTHETIC_AUGMENTED
COHORT_2604,MAHARA_DC_01,BA,BAIL_GENERAL,2022,Filing / Registration,2,15.0,12,12,SYNTHETIC_AUGMENTED
COHORT_2605,MAHARA_DC_01,BA,BAIL_GENERAL,2022,Final Arguments / Judgment,4,78.0,84,84,SYNTHETIC_AUGMENTED
COHORT_2606,MAHARA_DC_01,BA,BAIL_GENERAL,2022,Pleadings / Issues,11,127,140,270,SYNTHETIC_AUGMENTED
COHORT_2607,MAHARA_DC_01,BA,BAIL_GENERAL,2022,Summons / Appearance,19,96,208,368,SYNTHETIC_AUGMENTED
COHORT_2608,MAHARA_DC_01,BA,BAIL_GENERAL,2024,Evidence / Argument,7,188,211,246,SYNTHETIC_AUGMENTED
COHORT_2609,MAHARA_DC_01,BA,BAIL_GENERAL,2024,Filing / Registration,2,13.5,12,12,SYNTHETIC_AUGMENTED
COHORT_2610,MAHARA_DC_01,BA,BAIL_GENERAL,2024,Pleadings / Issues,4,78.0,95,95,SYNTHETIC_AUGMENTED
COHORT_2611,MAHARA_DC_01,BA,BAIL_GENERAL,2024,Summons / Appearance,6,116.0,163,275,SYNTHETIC_AUGMENTED
COHORT_2612,MAHARA_DC_01,CRL_A,CRIMINAL_APPEAL,2018,Pleadings / Issues,1,66,66,66,SYNTHETIC_AUGMENTED
COHORT_2613,MAHARA_DC_01,CRL_A,CRIMINAL_APPEAL,2018,Summons / Appearance,4,257.5,410,410,SYNTHETIC_AUGMENTED
COHORT_2614,MAHARA_DC_01,CRL_A,CRIMINAL_APPEAL,2020,Evidence / Argument,4,174.5,176,176,SYNTHETIC_AUGMENTED
COHORT_2615,MAHARA_DC_01,CRL_A,CRIMINAL_APPEAL,2020,Filing / Registration,2,10.5,6,6,SYNTHETIC_AUGMENTED
COHORT_2616,MAHARA_DC_01,CRL_A,CRIMINAL_APPEAL,2020,Final Arguments / Judgment,5,42,48,48,SYNTHETIC_AUGMENTED
COHORT_2617,MAHARA_DC_01,CRL_A,CRIMINAL_APPEAL,2020,Pleadings / Issues,2,125.5,124,124,SYNTHETIC_AUGMENTED
COHORT_2618,MAHARA_DC_01,CRL_A,CRIMINAL_APPEAL,2020,Summons / Appearance,7,160,165,349,SYNTHETIC_AUGMENTED
COHORT_2619,MAHARA_DC_01,CRL_A,CRIMINAL_APPEAL,2022,Evidence / Argument,5,366,378,378,SYNTHETIC_AUGMENTED
COHORT_2620,MAHARA_DC_01,CRL_A,CRIMINAL_APPEAL,2022,Filing / Registration,3,21,21,21,SYNTHETIC_AUGMENTED
COHORT_2621,MAHARA_DC_01,CRL_A,CRIMINAL_APPEAL,2022,Final Arguments / Judgment,5,80,86,86,SYNTHETIC_AUGMENTED
COHORT_2622,MAHARA_DC_01,CRL_A,CRIMINAL_APPEAL,2022,Pleadings / Issues,12,101.5,122,128,SYNTHETIC_AUGMENTED
COHORT_2623,MAHARA_DC_01,CRL_A,CRIMINAL_APPEAL,2022,Summons / Appearance,14,59.0,70,154,SYNTHETIC_AUGMENTED
COHORT_2624,MAHARA_DC_01,CRL_A,CRIMINAL_APPEAL,2024,Evidence / Argument,2,133.0,123,123,SYNTHETIC_AUGMENTED
COHORT_2625,MAHARA_DC_01,CRL_A,CRIMINAL_APPEAL,2024,Filing / Registration,1,15,15,15,SYNTHETIC_AUGMENTED
COHORT_2626,MAHARA_DC_01,CRL_A,CRIMINAL_APPEAL,2024,Pleadings / Issues,6,126.0,127,133,SYNTHETIC_AUGMENTED
COHORT_2627,MAHARA_DC_01,CRL_A,CRIMINAL_APPEAL,2024,Summons / Appearance,7,90,149,159,SYNTHETIC_AUGMENTED
COHORT_2628,MAHARA_DC_01,CS,CPC_GENERAL,2018,Evidence / Argument,2,117.0,97,97,SYNTHETIC_AUGMENTED
COHORT_2629,MAHARA_DC_01,CS,CPC_GENERAL,2018,Final Arguments / Judgment,2,104.0,67,67,SYNTHETIC_AUGMENTED
COHORT_2630,MAHARA_DC_01,CS,CPC_GENERAL,2018,Pleadings / Issues,1,73,73,73,SYNTHETIC_AUGMENTED
COHORT_2631,MAHARA_DC_01,CS,CPC_GENERAL,2018,Summons / Appearance,2,139.5,62,62,SYNTHETIC_AUGMENTED
COHORT_2632,MAHARA_DC_01,CS,CPC_GENERAL,2020,Evidence / Argument,5,272,273,273,SYNTHETIC_AUGMENTED
COHORT_2633,MAHARA_DC_01,CS,CPC_GENERAL,2020,Filing / Registration,3,17,17,17,SYNTHETIC_AUGMENTED
COHORT_2634,MAHARA_DC_01,CS,CPC_GENERAL,2020,Final Arguments / Judgment,3,65,65,65,SYNTHETIC_AUGMENTED
COHORT_2635,MAHARA_DC_01,CS,CPC_GENERAL,2020,Pleadings / Issues,2,97.5,71,71,SYNTHETIC_AUGMENTED
COHORT_2636,MAHARA_DC_01,CS,CPC_GENERAL,2020,Summons / Appearance,8,117.0,171,177,SYNTHETIC_AUGMENTED
COHORT_2637,MAHARA_DC_01,CS,CPC_GENERAL,2022,Evidence / Argument,10,185.5,220,327,SYNTHETIC_AUGMENTED
COHORT_2638,MAHARA_DC_01,CS,CPC_GENERAL,2022,Filing / Registration,3,23,23,23,SYNTHETIC_AUGMENTED
COHORT_2639,MAHARA_DC_01,CS,CPC_GENERAL,2022,Final Arguments / Judgment,3,106,106,106,SYNTHETIC_AUGMENTED
COHORT_2640,MAHARA_DC_01,CS,CPC_GENERAL,2022,Pleadings / Issues,10,130.0,165,187,SYNTHETIC_AUGMENTED
COHORT_2641,MAHARA_DC_01,CS,CPC_GENERAL,2022,Summons / Appearance,10,67.5,79,124,SYNTHETIC_AUGMENTED
COHORT_2642,MAHARA_DC_01,CS,CPC_GENERAL,2024,Evidence / Argument,2,150.5,109,109,SYNTHETIC_AUGMENTED
COHORT_2643,MAHARA_DC_01,CS,CPC_GENERAL,2024,Final Arguments / Judgment,4,71.5,79,79,SYNTHETIC_AUGMENTED
COHORT_2644,MAHARA_DC_01,CS,CPC_GENERAL,2024,Pleadings / Issues,7,111,141,200,SYNTHETIC_AUGMENTED
COHORT_2645,MAHARA_DC_01,CS,CPC_GENERAL,2024,Summons / Appearance,12,186.5,277,365,SYNTHETIC_AUGMENTED
COHORT_2646,MAHARA_DC_01,MACA,MOTOR_ACCIDENT,2018,Pleadings / Issues,1,163,163,163,SYNTHETIC_AUGMENTED
COHORT_2647,MAHARA_DC_01,MACA,MOTOR_ACCIDENT,2020,Final Arguments / Judgment,2,110.0,64,64,SYNTHETIC_AUGMENTED
COHORT_2648,MAHARA_DC_01,MACA,MOTOR_ACCIDENT,2020,Pleadings / Issues,3,74,74,74,SYNTHETIC_AUGMENTED
COHORT_2649,MAHARA_DC_01,MACA,MOTOR_ACCIDENT,2020,Summons / Appearance,2,103.0,49,49,SYNTHETIC_AUGMENTED
COHORT_2650,MAHARA_DC_01,MACA,MOTOR_ACCIDENT,2022,Evidence / Argument,2,168.0,153,153,SYNTHETIC_AUGMENTED
COHORT_2651,MAHARA_DC_01,MACA,MOTOR_ACCIDENT,2022,Final Arguments / Judgment,4,64.0,68,68,SYNTHETIC_AUGMENTED
COHORT_2652,MAHARA_DC_01,MACA,MOTOR_ACCIDENT,2022,Summons / Appearance,3,195,195,195,SYNTHETIC_AUGMENTED
COHORT_2653,MAHARA_DC_01,MACA,MOTOR_ACCIDENT,2024,Final Arguments / Judgment,1,78,78,78,SYNTHETIC_AUGMENTED
COHORT_2654,MAHARA_DC_01,MACA,MOTOR_ACCIDENT,2024,Pleadings / Issues,1,87,87,87,SYNTHETIC_AUGMENTED
COHORT_2655,MAHARA_DC_01,WP_C,WRIT_GENERAL,2018,Evidence / Argument,2,298.0,154,154,SYNTHETIC_AUGMENTED
COHORT_2656,MAHARA_DC_01,WP_C,WRIT_GENERAL,2018,Pleadings / Issues,1,100,100,100,SYNTHETIC_AUGMENTED
COHORT_2657,MAHARA_DC_01,WP_C,WRIT_GENERAL,2018,Summons / Appearance,1,32,32,32,SYNTHETIC_AUGMENTED
COHORT_2658,MAHARA_DC_01,WP_C,WRIT_GENERAL,2020,Evidence / Argument,3,114,114,114,SYNTHETIC_AUGMENTED
COHORT_2659,MAHARA_DC_01,WP_C,WRIT_GENERAL,2020,Filing / Registration,1,16,16,16,SYNTHETIC_AUGMENTED
COHORT_2660,MAHARA_DC_01,WP_C,WRIT_GENERAL,2020,Final Arguments / Judgment,3,100,100,100,SYNTHETIC_AUGMENTED
COHORT_2661,MAHARA_DC_01,WP_C,WRIT_GENERAL,2020,Pleadings / Issues,5,138,217,217,SYNTHETIC_AUGMENTED
COHORT_2662,MAHARA_DC_01,WP_C,WRIT_GENERAL,2020,Summons / Appearance,5,81,96,96,SYNTHETIC_AUGMENTED
COHORT_2663,MAHARA_DC_01,WP_C,WRIT_GENERAL,2022,Evidence / Argument,6,195.0,219,219,SYNTHETIC_AUGMENTED
COHORT_2664,MAHARA_DC_01,WP_C,WRIT_GENERAL,2022,Filing / Registration,1,24,24,24,SYNTHETIC_AUGMENTED
COHORT_2665,MAHARA_DC_01,WP_C,WRIT_GENERAL,2022,Final Arguments / Judgment,1,63,63,63,SYNTHETIC_AUGMENTED
COHORT_2666,MAHARA_DC_01,WP_C,WRIT_GENERAL,2022,Pleadings / Issues,4,116.0,144,144,SYNTHETIC_AUGMENTED
COHORT_2667,MAHARA_DC_01,WP_C,WRIT_GENERAL,2022,Summons / Appearance,10,174.5,241,328,SYNTHETIC_AUGMENTED
COHORT_2668,MAHARA_DC_01,WP_C,WRIT_GENERAL,2024,Evidence / Argument,1,141,141,141,SYNTHETIC_AUGMENTED
COHORT_2669,MAHARA_DC_01,WP_C,WRIT_GENERAL,2024,Filing / Registration,1,20,20,20,SYNTHETIC_AUGMENTED
COHORT_2670,MAHARA_DC_01,WP_C,WRIT_GENERAL,2024,Final Arguments / Judgment,3,77,77,77,SYNTHETIC_AUGMENTED
COHORT_2671,MAHARA_DC_01,WP_C,WRIT_GENERAL,2024,Pleadings / Issues,4,161.5,214,214,SYNTHETIC_AUGMENTED
COHORT_2672,MAHARA_DC_01,WP_C,WRIT_GENERAL,2024,Summons / Appearance,7,82,117,294,SYNTHETIC_AUGMENTED
COHORT_2673,MAHARA_DC_02,BA,BAIL_GENERAL,2018,Evidence / Argument,2,235.0,42,42,SYNTHETIC_AUGMENTED
COHORT_2674,MAHARA_DC_02,BA,BAIL_GENERAL,2018,Final Arguments / Judgment,3,146,146,146,SYNTHETIC_AUGMENTED
COHORT_2675,MAHARA_DC_02,BA,BAIL_GENERAL,2018,Pleadings / Issues,2,124.5,92,92,SYNTHETIC_AUGMENTED
COHORT_2676,MAHARA_DC_02,BA,BAIL_GENERAL,2018,Summons / Appearance,2,208.5,99,99,SYNTHETIC_AUGMENTED
COHORT_2677,MAHARA_DC_02,BA,BAIL_GENERAL,2020,Evidence / Argument,6,157.5,172,237,SYNTHETIC_AUGMENTED
COHORT_2678,MAHARA_DC_02,BA,BAIL_GENERAL,2020,Filing / Registration,5,23,49,49,SYNTHETIC_AUGMENTED
COHORT_2679,MAHARA_DC_02,BA,BAIL_GENERAL,2020,Final Arguments / Judgment,4,59.0,74,74,SYNTHETIC_AUGMENTED
COHORT_2680,MAHARA_DC_02,BA,BAIL_GENERAL,2020,Pleadings / Issues,5,145,209,209,SYNTHETIC_AUGMENTED
COHORT_2681,MAHARA_DC_02,BA,BAIL_GENERAL,2020,Summons / Appearance,7,218,275,308,SYNTHETIC_AUGMENTED
COHORT_2682,MAHARA_DC_02,BA,BAIL_GENERAL,2022,Evidence / Argument,11,189,232,349,SYNTHETIC_AUGMENTED
COHORT_2683,MAHARA_DC_02,BA,BAIL_GENERAL,2022,Filing / Registration,2,13.5,8,8,SYNTHETIC_AUGMENTED
COHORT_2684,MAHARA_DC_02,BA,BAIL_GENERAL,2022,Final Arguments / Judgment,4,73.0,77,77,SYNTHETIC_AUGMENTED
COHORT_2685,MAHARA_DC_02,BA,BAIL_GENERAL,2022,Pleadings / Issues,11,127,155,189,SYNTHETIC_AUGMENTED
COHORT_2686,MAHARA_DC_02,BA,BAIL_GENERAL,2022,Summons / Appearance,11,88,163,296,SYNTHETIC_AUGMENTED
COHORT_2687,MAHARA_DC_02,BA,BAIL_GENERAL,2024,Evidence / Argument,4,190.0,213,213,SYNTHETIC_AUGMENTED
COHORT_2688,MAHARA_DC_02,BA,BAIL_GENERAL,2024,Filing / Registration,2,16.5,16,16,SYNTHETIC_AUGMENTED
COHORT_2689,MAHARA_DC_02,BA,BAIL_GENERAL,2024,Final Arguments / Judgment,1,40,40,40,SYNTHETIC_AUGMENTED
COHORT_2690,MAHARA_DC_02,BA,BAIL_GENERAL,2024,Pleadings / Issues,2,94.0,56,56,SYNTHETIC_AUGMENTED
COHORT_2691,MAHARA_DC_02,BA,BAIL_GENERAL,2024,Summons / Appearance,4,72.5,90,90,SYNTHETIC_AUGMENTED
COHORT_2692,MAHARA_DC_02,CRL_A,CRIMINAL_APPEAL,2018,Evidence / Argument,2,173.0,94,94,SYNTHETIC_AUGMENTED
COHORT_2693,MAHARA_DC_02,CRL_A,CRIMINAL_APPEAL,2018,Final Arguments / Judgment,1,12,12,12,SYNTHETIC_AUGMENTED
COHORT_2694,MAHARA_DC_02,CRL_A,CRIMINAL_APPEAL,2018,Summons / Appearance,2,66.0,38,38,SYNTHETIC_AUGMENTED
COHORT_2695,MAHARA_DC_02,CRL_A,CRIMINAL_APPEAL,2020,Evidence / Argument,2,162.0,141,141,SYNTHETIC_AUGMENTED
COHORT_2696,MAHARA_DC_02,CRL_A,CRIMINAL_APPEAL,2020,Filing / Registration,3,15,15,15,SYNTHETIC_AUGMENTED
COHORT_2697,MAHARA_DC_02,CRL_A,CRIMINAL_APPEAL,2020,Final Arguments / Judgment,3,81,81,81,SYNTHETIC_AUGMENTED
COHORT_2698,MAHARA_DC_02,CRL_A,CRIMINAL_APPEAL,2020,Pleadings / Issues,4,87.5,90,90,SYNTHETIC_AUGMENTED
COHORT_2699,MAHARA_DC_02,CRL_A,CRIMINAL_APPEAL,2020,Summons / Appearance,6,72.0,80,134,SYNTHETIC_AUGMENTED
COHORT_2700,MAHARA_DC_02,CRL_A,CRIMINAL_APPEAL,2022,Evidence / Argument,9,203,291,395,SYNTHETIC_AUGMENTED
COHORT_2701,MAHARA_DC_02,CRL_A,CRIMINAL_APPEAL,2022,Filing / Registration,1,12,12,12,SYNTHETIC_AUGMENTED
COHORT_2702,MAHARA_DC_02,CRL_A,CRIMINAL_APPEAL,2022,Final Arguments / Judgment,2,51.0,41,41,SYNTHETIC_AUGMENTED
COHORT_2703,MAHARA_DC_02,CRL_A,CRIMINAL_APPEAL,2022,Pleadings / Issues,10,104.0,168,187,SYNTHETIC_AUGMENTED
COHORT_2704,MAHARA_DC_02,CRL_A,CRIMINAL_APPEAL,2022,Summons / Appearance,16,78.5,109,155,SYNTHETIC_AUGMENTED
COHORT_2705,MAHARA_DC_02,CRL_A,CRIMINAL_APPEAL,2024,Evidence / Argument,4,292.0,387,387,SYNTHETIC_AUGMENTED
COHORT_2706,MAHARA_DC_02,CRL_A,CRIMINAL_APPEAL,2024,Final Arguments / Judgment,1,184,184,184,SYNTHETIC_AUGMENTED
COHORT_2707,MAHARA_DC_02,CRL_A,CRIMINAL_APPEAL,2024,Pleadings / Issues,2,59.0,39,39,SYNTHETIC_AUGMENTED
COHORT_2708,MAHARA_DC_02,CRL_A,CRIMINAL_APPEAL,2024,Summons / Appearance,3,152,152,152,SYNTHETIC_AUGMENTED
COHORT_2709,MAHARA_DC_02,CS,CPC_GENERAL,2018,Evidence / Argument,2,177.5,112,112,SYNTHETIC_AUGMENTED
COHORT_2710,MAHARA_DC_02,CS,CPC_GENERAL,2018,Summons / Appearance,4,92.5,128,128,SYNTHETIC_AUGMENTED
COHORT_2711,MAHARA_DC_02,CS,CPC_GENERAL,2020,Evidence / Argument,3,148,148,148,SYNTHETIC_AUGMENTED
COHORT_2712,MAHARA_DC_02,CS,CPC_GENERAL,2020,Filing / Registration,1,7,7,7,SYNTHETIC_AUGMENTED
COHORT_2713,MAHARA_DC_02,CS,CPC_GENERAL,2020,Final Arguments / Judgment,2,114.0,18,18,SYNTHETIC_AUGMENTED
COHORT_2714,MAHARA_DC_02,CS,CPC_GENERAL,2020,Pleadings / Issues,4,134.0,137,137,SYNTHETIC_AUGMENTED
COHORT_2715,MAHARA_DC_02,CS,CPC_GENERAL,2020,Summons / Appearance,5,65,120,120,SYNTHETIC_AUGMENTED
COHORT_2716,MAHARA_DC_02,CS,CPC_GENERAL,2022,Evidence / Argument,11,176,268,408,SYNTHETIC_AUGMENTED
COHORT_2717,MAHARA_DC_02,CS,CPC_GENERAL,2022,Filing / Registration,5,13,15,15,SYNTHETIC_AUGMENTED
COHORT_2718,MAHARA_DC_02,CS,CPC_GENERAL,2022,Final Arguments / Judgment,11,88,122,216,SYNTHETIC_AUGMENTED
COHORT_2719,MAHARA_DC_02,CS,CPC_GENERAL,2022,Pleadings / Issues,8,101.0,114,120,SYNTHETIC_AUGMENTED
COHORT_2720,MAHARA_DC_02,CS,CPC_GENERAL,2022,Summons / Appearance,12,194.0,342,346,SYNTHETIC_AUGMENTED
COHORT_2721,MAHARA_DC_02,CS,CPC_GENERAL,2024,Evidence / Argument,7,266,309,431,SYNTHETIC_AUGMENTED
COHORT_2722,MAHARA_DC_02,CS,CPC_GENERAL,2024,Filing / Registration,3,22,22,22,SYNTHETIC_AUGMENTED
COHORT_2723,MAHARA_DC_02,CS,CPC_GENERAL,2024,Final Arguments / Judgment,2,67.5,64,64,SYNTHETIC_AUGMENTED
COHORT_2724,MAHARA_DC_02,CS,CPC_GENERAL,2024,Pleadings / Issues,10,124.0,147,162,SYNTHETIC_AUGMENTED
COHORT_2725,MAHARA_DC_02,CS,CPC_GENERAL,2024,Summons / Appearance,9,97,152,161,SYNTHETIC_AUGMENTED
COHORT_2726,MAHARA_DC_02,MACA,MOTOR_ACCIDENT,2018,Final Arguments / Judgment,1,43,43,43,SYNTHETIC_AUGMENTED
COHORT_2727,MAHARA_DC_02,MACA,MOTOR_ACCIDENT,2020,Summons / Appearance,3,151,151,151,SYNTHETIC_AUGMENTED
COHORT_2728,MAHARA_DC_02,MACA,MOTOR_ACCIDENT,2022,Evidence / Argument,1,84,84,84,SYNTHETIC_AUGMENTED
COHORT_2729,MAHARA_DC_02,MACA,MOTOR_ACCIDENT,2022,Final Arguments / Judgment,3,60,60,60,SYNTHETIC_AUGMENTED
COHORT_2730,MAHARA_DC_02,MACA,MOTOR_ACCIDENT,2022,Pleadings / Issues,2,139.0,101,101,SYNTHETIC_AUGMENTED
COHORT_2731,MAHARA_DC_02,MACA,MOTOR_ACCIDENT,2024,Final Arguments / Judgment,1,75,75,75,SYNTHETIC_AUGMENTED
COHORT_2732,MAHARA_DC_02,MACA,MOTOR_ACCIDENT,2024,Pleadings / Issues,2,121.0,91,91,SYNTHETIC_AUGMENTED
COHORT_2733,MAHARA_DC_02,MACA,MOTOR_ACCIDENT,2024,Summons / Appearance,1,46,46,46,SYNTHETIC_AUGMENTED
COHORT_2734,MAHARA_DC_02,WP_C,WRIT_GENERAL,2018,Evidence / Argument,1,130,130,130,SYNTHETIC_AUGMENTED
COHORT_2735,MAHARA_DC_02,WP_C,WRIT_GENERAL,2018,Pleadings / Issues,1,118,118,118,SYNTHETIC_AUGMENTED
COHORT_2736,MAHARA_DC_02,WP_C,WRIT_GENERAL,2018,Summons / Appearance,2,322.0,297,297,SYNTHETIC_AUGMENTED
COHORT_2737,MAHARA_DC_02,WP_C,WRIT_GENERAL,2020,Evidence / Argument,1,362,362,362,SYNTHETIC_AUGMENTED
COHORT_2738,MAHARA_DC_02,WP_C,WRIT_GENERAL,2020,Final Arguments / Judgment,1,44,44,44,SYNTHETIC_AUGMENTED
COHORT_2739,MAHARA_DC_02,WP_C,WRIT_GENERAL,2020,Pleadings / Issues,1,90,90,90,SYNTHETIC_AUGMENTED
COHORT_2740,MAHARA_DC_02,WP_C,WRIT_GENERAL,2020,Summons / Appearance,4,91.0,104,104,SYNTHETIC_AUGMENTED
COHORT_2741,MAHARA_DC_02,WP_C,WRIT_GENERAL,2022,Evidence / Argument,8,281.5,391,448,SYNTHETIC_AUGMENTED
COHORT_2742,MAHARA_DC_02,WP_C,WRIT_GENERAL,2022,Filing / Registration,1,20,20,20,SYNTHETIC_AUGMENTED
COHORT_2743,MAHARA_DC_02,WP_C,WRIT_GENERAL,2022,Final Arguments / Judgment,5,38,57,57,SYNTHETIC_AUGMENTED
COHORT_2744,MAHARA_DC_02,WP_C,WRIT_GENERAL,2022,Pleadings / Issues,3,93,93,93,SYNTHETIC_AUGMENTED
COHORT_2745,MAHARA_DC_02,WP_C,WRIT_GENERAL,2022,Summons / Appearance,8,64.5,98,163,SYNTHETIC_AUGMENTED
COHORT_2746,MAHARA_DC_02,WP_C,WRIT_GENERAL,2024,Evidence / Argument,2,127.5,122,122,SYNTHETIC_AUGMENTED
COHORT_2747,MAHARA_DC_02,WP_C,WRIT_GENERAL,2024,Final Arguments / Judgment,1,112,112,112,SYNTHETIC_AUGMENTED
COHORT_2748,MAHARA_DC_02,WP_C,WRIT_GENERAL,2024,Pleadings / Issues,5,128,205,205,SYNTHETIC_AUGMENTED
COHORT_2749,MAHARA_DC_02,WP_C,WRIT_GENERAL,2024,Summons / Appearance,5,71,217,217,SYNTHETIC_AUGMENTED
COHORT_2750,MAHARA_DC_03,BA,BAIL_GENERAL,2018,Evidence / Argument,3,285,285,285,SYNTHETIC_AUGMENTED
COHORT_2751,MAHARA_DC_03,BA,BAIL_GENERAL,2018,Filing / Registration,1,10,10,10,SYNTHETIC_AUGMENTED
COHORT_2752,MAHARA_DC_03,BA,BAIL_GENERAL,2018,Final Arguments / Judgment,1,128,128,128,SYNTHETIC_AUGMENTED
COHORT_2753,MAHARA_DC_03,BA,BAIL_GENERAL,2018,Summons / Appearance,1,216,216,216,SYNTHETIC_AUGMENTED
COHORT_2754,MAHARA_DC_03,BA,BAIL_GENERAL,2020,Evidence / Argument,5,281,305,305,SYNTHETIC_AUGMENTED
COHORT_2755,MAHARA_DC_03,BA,BAIL_GENERAL,2020,Filing / Registration,2,21.0,19,19,SYNTHETIC_AUGMENTED
COHORT_2756,MAHARA_DC_03,BA,BAIL_GENERAL,2020,Final Arguments / Judgment,1,206,206,206,SYNTHETIC_AUGMENTED
COHORT_2757,MAHARA_DC_03,BA,BAIL_GENERAL,2020,Pleadings / Issues,2,137.0,130,130,SYNTHETIC_AUGMENTED
COHORT_2758,MAHARA_DC_03,BA,BAIL_GENERAL,2020,Summons / Appearance,8,215.0,306,332,SYNTHETIC_AUGMENTED
COHORT_2759,MAHARA_DC_03,BA,BAIL_GENERAL,2022,Evidence / Argument,11,149,215,263,SYNTHETIC_AUGMENTED
COHORT_2760,MAHARA_DC_03,BA,BAIL_GENERAL,2022,Filing / Registration,4,28.5,47,47,SYNTHETIC_AUGMENTED
COHORT_2761,MAHARA_DC_03,BA,BAIL_GENERAL,2022,Final Arguments / Judgment,7,118,121,174,SYNTHETIC_AUGMENTED
COHORT_2762,MAHARA_DC_03,BA,BAIL_GENERAL,2022,Pleadings / Issues,6,111.5,130,177,SYNTHETIC_AUGMENTED
COHORT_2763,MAHARA_DC_03,BA,BAIL_GENERAL,2022,Summons / Appearance,15,81,234,322,SYNTHETIC_AUGMENTED
COHORT_2764,MAHARA_DC_03,BA,BAIL_GENERAL,2024,Evidence / Argument,5,250,287,287,SYNTHETIC_AUGMENTED
COHORT_2765,MAHARA_DC_03,BA,BAIL_GENERAL,2024,Final Arguments / Judgment,1,94,94,94,SYNTHETIC_AUGMENTED
COHORT_2766,MAHARA_DC_03,BA,BAIL_GENERAL,2024,Pleadings / Issues,5,104,116,116,SYNTHETIC_AUGMENTED
COHORT_2767,MAHARA_DC_03,BA,BAIL_GENERAL,2024,Summons / Appearance,4,103.5,128,128,SYNTHETIC_AUGMENTED
COHORT_2768,MAHARA_DC_03,CRL_A,CRIMINAL_APPEAL,2018,Evidence / Argument,2,181.0,111,111,SYNTHETIC_AUGMENTED
COHORT_2769,MAHARA_DC_03,CRL_A,CRIMINAL_APPEAL,2018,Pleadings / Issues,1,199,199,199,SYNTHETIC_AUGMENTED
COHORT_2770,MAHARA_DC_03,CRL_A,CRIMINAL_APPEAL,2018,Summons / Appearance,6,99.0,105,179,SYNTHETIC_AUGMENTED
COHORT_2771,MAHARA_DC_03,CRL_A,CRIMINAL_APPEAL,2020,Evidence / Argument,3,165,165,165,SYNTHETIC_AUGMENTED
COHORT_2772,MAHARA_DC_03,CRL_A,CRIMINAL_APPEAL,2020,Final Arguments / Judgment,4,108.0,121,121,SYNTHETIC_AUGMENTED
COHORT_2773,MAHARA_DC_03,CRL_A,CRIMINAL_APPEAL,2020,Pleadings / Issues,4,71.5,75,75,SYNTHETIC_AUGMENTED
COHORT_2774,MAHARA_DC_03,CRL_A,CRIMINAL_APPEAL,2020,Summons / Appearance,2,234.0,61,61,SYNTHETIC_AUGMENTED
COHORT_2775,MAHARA_DC_03,CRL_A,CRIMINAL_APPEAL,2022,Evidence / Argument,5,181,188,188,SYNTHETIC_AUGMENTED
COHORT_2776,MAHARA_DC_03,CRL_A,CRIMINAL_APPEAL,2022,Filing / Registration,6,17.5,18,19,SYNTHETIC_AUGMENTED
COHORT_2777,MAHARA_DC_03,CRL_A,CRIMINAL_APPEAL,2022,Final Arguments / Judgment,4,54.0,62,62,SYNTHETIC_AUGMENTED
COHORT_2778,MAHARA_DC_03,CRL_A,CRIMINAL_APPEAL,2022,Pleadings / Issues,4,97.0,105,105,SYNTHETIC_AUGMENTED
COHORT_2779,MAHARA_DC_03,CRL_A,CRIMINAL_APPEAL,2022,Summons / Appearance,7,87,166,207,SYNTHETIC_AUGMENTED
COHORT_2780,MAHARA_DC_03,CRL_A,CRIMINAL_APPEAL,2024,Evidence / Argument,2,238.0,202,202,SYNTHETIC_AUGMENTED
COHORT_2781,MAHARA_DC_03,CRL_A,CRIMINAL_APPEAL,2024,Filing / Registration,1,5,5,5,SYNTHETIC_AUGMENTED
COHORT_2782,MAHARA_DC_03,CRL_A,CRIMINAL_APPEAL,2024,Pleadings / Issues,5,80,96,96,SYNTHETIC_AUGMENTED
COHORT_2783,MAHARA_DC_03,CRL_A,CRIMINAL_APPEAL,2024,Summons / Appearance,6,61.0,62,63,SYNTHETIC_AUGMENTED
COHORT_2784,MAHARA_DC_03,CS,CPC_GENERAL,2018,Evidence / Argument,2,239.0,221,221,SYNTHETIC_AUGMENTED
COHORT_2785,MAHARA_DC_03,CS,CPC_GENERAL,2018,Final Arguments / Judgment,1,210,210,210,SYNTHETIC_AUGMENTED
COHORT_2786,MAHARA_DC_03,CS,CPC_GENERAL,2018,Summons / Appearance,3,161,161,161,SYNTHETIC_AUGMENTED
COHORT_2787,MAHARA_DC_03,CS,CPC_GENERAL,2020,Evidence / Argument,6,193.0,195,274,SYNTHETIC_AUGMENTED
COHORT_2788,MAHARA_DC_03,CS,CPC_GENERAL,2020,Filing / Registration,1,19,19,19,SYNTHETIC_AUGMENTED
COHORT_2789,MAHARA_DC_03,CS,CPC_GENERAL,2020,Final Arguments / Judgment,3,43,43,43,SYNTHETIC_AUGMENTED
COHORT_2790,MAHARA_DC_03,CS,CPC_GENERAL,2020,Pleadings / Issues,2,88.5,61,61,SYNTHETIC_AUGMENTED
COHORT_2791,MAHARA_DC_03,CS,CPC_GENERAL,2020,Summons / Appearance,8,126.5,221,329,SYNTHETIC_AUGMENTED
COHORT_2792,MAHARA_DC_03,CS,CPC_GENERAL,2022,Evidence / Argument,6,244.0,252,304,SYNTHETIC_AUGMENTED
COHORT_2793,MAHARA_DC_03,CS,CPC_GENERAL,2022,Filing / Registration,3,24,24,24,SYNTHETIC_AUGMENTED
COHORT_2794,MAHARA_DC_03,CS,CPC_GENERAL,2022,Final Arguments / Judgment,5,44,51,51,SYNTHETIC_AUGMENTED
COHORT_2795,MAHARA_DC_03,CS,CPC_GENERAL,2022,Pleadings / Issues,9,111,182,250,SYNTHETIC_AUGMENTED
COHORT_2796,MAHARA_DC_03,CS,CPC_GENERAL,2022,Summons / Appearance,15,136,235,303,SYNTHETIC_AUGMENTED
COHORT_2797,MAHARA_DC_03,CS,CPC_GENERAL,2024,Evidence / Argument,5,248,248,248,SYNTHETIC_AUGMENTED
COHORT_2798,MAHARA_DC_03,CS,CPC_GENERAL,2024,Filing / Registration,1,28,28,28,SYNTHETIC_AUGMENTED
COHORT_2799,MAHARA_DC_03,CS,CPC_GENERAL,2024,Final Arguments / Judgment,3,64,64,64,SYNTHETIC_AUGMENTED
COHORT_2800,MAHARA_DC_03,CS,CPC_GENERAL,2024,Pleadings / Issues,7,136,155,275,SYNTHETIC_AUGMENTED
COHORT_2801,MAHARA_DC_03,CS,CPC_GENERAL,2024,Summons / Appearance,4,342.0,360,360,SYNTHETIC_AUGMENTED
COHORT_2802,MAHARA_DC_03,MACA,MOTOR_ACCIDENT,2018,Pleadings / Issues,3,73,73,73,SYNTHETIC_AUGMENTED
COHORT_2803,MAHARA_DC_03,MACA,MOTOR_ACCIDENT,2020,Filing / Registration,1,9,9,9,SYNTHETIC_AUGMENTED
COHORT_2804,MAHARA_DC_03,MACA,MOTOR_ACCIDENT,2020,Pleadings / Issues,2,211.5,109,109,SYNTHETIC_AUGMENTED
COHORT_2805,MAHARA_DC_03,MACA,MOTOR_ACCIDENT,2020,Summons / Appearance,1,397,397,397,SYNTHETIC_AUGMENTED
COHORT_2806,MAHARA_DC_03,MACA,MOTOR_ACCIDENT,2022,Evidence / Argument,4,227.5,312,312,SYNTHETIC_AUGMENTED
COHORT_2807,MAHARA_DC_03,MACA,MOTOR_ACCIDENT,2022,Final Arguments / Judgment,3,94,94,94,SYNTHETIC_AUGMENTED
COHORT_2808,MAHARA_DC_03,MACA,MOTOR_ACCIDENT,2022,Pleadings / Issues,1,112,112,112,SYNTHETIC_AUGMENTED
COHORT_2809,MAHARA_DC_03,WP_C,WRIT_GENERAL,2020,Evidence / Argument,1,230,230,230,SYNTHETIC_AUGMENTED
COHORT_2810,MAHARA_DC_03,WP_C,WRIT_GENERAL,2020,Final Arguments / Judgment,3,66,66,66,SYNTHETIC_AUGMENTED
COHORT_2811,MAHARA_DC_03,WP_C,WRIT_GENERAL,2020,Summons / Appearance,2,105.0,66,66,SYNTHETIC_AUGMENTED
COHORT_2812,MAHARA_DC_03,WP_C,WRIT_GENERAL,2022,Evidence / Argument,6,134.0,143,152,SYNTHETIC_AUGMENTED
COHORT_2813,MAHARA_DC_03,WP_C,WRIT_GENERAL,2022,Filing / Registration,1,33,33,33,SYNTHETIC_AUGMENTED
COHORT_2814,MAHARA_DC_03,WP_C,WRIT_GENERAL,2022,Final Arguments / Judgment,2,56.0,48,48,SYNTHETIC_AUGMENTED
COHORT_2815,MAHARA_DC_03,WP_C,WRIT_GENERAL,2022,Pleadings / Issues,7,88,105,123,SYNTHETIC_AUGMENTED
COHORT_2816,MAHARA_DC_03,WP_C,WRIT_GENERAL,2022,Summons / Appearance,5,167,233,233,SYNTHETIC_AUGMENTED
COHORT_2817,MAHARA_DC_03,WP_C,WRIT_GENERAL,2024,Pleadings / Issues,3,127,127,127,SYNTHETIC_AUGMENTED
COHORT_2818,MAHARA_DC_03,WP_C,WRIT_GENERAL,2024,Summons / Appearance,3,65,65,65,SYNTHETIC_AUGMENTED
COHORT_2819,MAHARA_DC_04,BA,BAIL_GENERAL,2018,Evidence / Argument,4,209.5,217,217,SYNTHETIC_AUGMENTED
COHORT_2820,MAHARA_DC_04,BA,BAIL_GENERAL,2018,Pleadings / Issues,2,93.5,48,48,SYNTHETIC_AUGMENTED
COHORT_2821,MAHARA_DC_04,BA,BAIL_GENERAL,2020,Evidence / Argument,7,155,230,230,SYNTHETIC_AUGMENTED
COHORT_2822,MAHARA_DC_04,BA,BAIL_GENERAL,2020,Filing / Registration,1,13,13,13,SYNTHETIC_AUGMENTED
COHORT_2823,MAHARA_DC_04,BA,BAIL_GENERAL,2020,Pleadings / Issues,3,228,228,228,SYNTHETIC_AUGMENTED
COHORT_2824,MAHARA_DC_04,BA,BAIL_GENERAL,2020,Summons / Appearance,10,154.5,164,289,SYNTHETIC_AUGMENTED
COHORT_2825,MAHARA_DC_04,BA,BAIL_GENERAL,2022,Evidence / Argument,12,191.5,351,355,SYNTHETIC_AUGMENTED
COHORT_2826,MAHARA_DC_04,BA,BAIL_GENERAL,2022,Filing / Registration,4,12.0,14,14,SYNTHETIC_AUGMENTED
COHORT_2827,MAHARA_DC_04,BA,BAIL_GENERAL,2022,Final Arguments / Judgment,9,76,105,191,SYNTHETIC_AUGMENTED
COHORT_2828,MAHARA_DC_04,BA,BAIL_GENERAL,2022,Pleadings / Issues,8,125.0,145,212,SYNTHETIC_AUGMENTED
COHORT_2829,MAHARA_DC_04,BA,BAIL_GENERAL,2022,Summons / Appearance,16,75.0,89,191,SYNTHETIC_AUGMENTED
COHORT_2830,MAHARA_DC_04,BA,BAIL_GENERAL,2024,Evidence / Argument,1,397,397,397,SYNTHETIC_AUGMENTED
COHORT_2831,MAHARA_DC_04,BA,BAIL_GENERAL,2024,Pleadings / Issues,3,90,90,90,SYNTHETIC_AUGMENTED
COHORT_2832,MAHARA_DC_04,BA,BAIL_GENERAL,2024,Summons / Appearance,8,178.5,269,283,SYNTHETIC_AUGMENTED
COHORT_2833,MAHARA_DC_04,CRL_A,CRIMINAL_APPEAL,2018,Evidence / Argument,4,203.0,233,233,SYNTHETIC_AUGMENTED
COHORT_2834,MAHARA_DC_04,CRL_A,CRIMINAL_APPEAL,2018,Final Arguments / Judgment,1,53,53,53,SYNTHETIC_AUGMENTED
COHORT_2835,MAHARA_DC_04,CRL_A,CRIMINAL_APPEAL,2018,Pleadings / Issues,1,78,78,78,SYNTHETIC_AUGMENTED
COHORT_2836,MAHARA_DC_04,CRL_A,CRIMINAL_APPEAL,2018,Summons / Appearance,3,51,51,51,SYNTHETIC_AUGMENTED
COHORT_2837,MAHARA_DC_04,CRL_A,CRIMINAL_APPEAL,2020,Evidence / Argument,2,132.5,104,104,SYNTHETIC_AUGMENTED
COHORT_2838,MAHARA_DC_04,CRL_A,CRIMINAL_APPEAL,2020,Final Arguments / Judgment,3,57,57,57,SYNTHETIC_AUGMENTED
COHORT_2839,MAHARA_DC_04,CRL_A,CRIMINAL_APPEAL,2020,Pleadings / Issues,2,119.0,107,107,SYNTHETIC_AUGMENTED
COHORT_2840,MAHARA_DC_04,CRL_A,CRIMINAL_APPEAL,2020,Summons / Appearance,5,225,373,373,SYNTHETIC_AUGMENTED
COHORT_2841,MAHARA_DC_04,CRL_A,CRIMINAL_APPEAL,2022,Evidence / Argument,6,112.0,117,136,SYNTHETIC_AUGMENTED
COHORT_2842,MAHARA_DC_04,CRL_A,CRIMINAL_APPEAL,2022,Filing / Registration,3,16,16,16,SYNTHETIC_AUGMENTED
COHORT_2843,MAHARA_DC_04,CRL_A,CRIMINAL_APPEAL,2022,Final Arguments / Judgment,5,80,118,118,SYNTHETIC_AUGMENTED
COHORT_2844,MAHARA_DC_04,CRL_A,CRIMINAL_APPEAL,2022,Pleadings / Issues,6,122.0,127,186,SYNTHETIC_AUGMENTED
COHORT_2845,MAHARA_DC_04,CRL_A,CRIMINAL_APPEAL,2022,Summons / Appearance,5,75,83,83,SYNTHETIC_AUGMENTED
COHORT_2846,MAHARA_DC_04,CRL_A,CRIMINAL_APPEAL,2024,Evidence / Argument,3,228,228,228,SYNTHETIC_AUGMENTED
COHORT_2847,MAHARA_DC_04,CRL_A,CRIMINAL_APPEAL,2024,Filing / Registration,2,21.0,9,9,SYNTHETIC_AUGMENTED
COHORT_2848,MAHARA_DC_04,CRL_A,CRIMINAL_APPEAL,2024,Final Arguments / Judgment,2,40.0,37,37,SYNTHETIC_AUGMENTED
COHORT_2849,MAHARA_DC_04,CRL_A,CRIMINAL_APPEAL,2024,Pleadings / Issues,2,301.0,284,284,SYNTHETIC_AUGMENTED
COHORT_2850,MAHARA_DC_04,CRL_A,CRIMINAL_APPEAL,2024,Summons / Appearance,3,79,79,79,SYNTHETIC_AUGMENTED
COHORT_2851,MAHARA_DC_04,CS,CPC_GENERAL,2018,Evidence / Argument,2,263.0,174,174,SYNTHETIC_AUGMENTED
COHORT_2852,MAHARA_DC_04,CS,CPC_GENERAL,2018,Filing / Registration,2,17.5,14,14,SYNTHETIC_AUGMENTED
COHORT_2853,MAHARA_DC_04,CS,CPC_GENERAL,2018,Final Arguments / Judgment,1,72,72,72,SYNTHETIC_AUGMENTED
COHORT_2854,MAHARA_DC_04,CS,CPC_GENERAL,2018,Pleadings / Issues,3,80,80,80,SYNTHETIC_AUGMENTED
COHORT_2855,MAHARA_DC_04,CS,CPC_GENERAL,2018,Summons / Appearance,5,187,214,214,SYNTHETIC_AUGMENTED
COHORT_2856,MAHARA_DC_04,CS,CPC_GENERAL,2020,Evidence / Argument,5,214,318,318,SYNTHETIC_AUGMENTED
COHORT_2857,MAHARA_DC_04,CS,CPC_GENERAL,2020,Final Arguments / Judgment,3,92,92,92,SYNTHETIC_AUGMENTED
COHORT_2858,MAHARA_DC_04,CS,CPC_GENERAL,2020,Pleadings / Issues,8,79.0,86,114,SYNTHETIC_AUGMENTED
COHORT_2859,MAHARA_DC_04,CS,CPC_GENERAL,2020,Summons / Appearance,8,141.5,164,349,SYNTHETIC_AUGMENTED
COHORT_2860,MAHARA_DC_04,CS,CPC_GENERAL,2022,Evidence / Argument,8,235.0,325,373,SYNTHETIC_AUGMENTED
COHORT_2861,MAHARA_DC_04,CS,CPC_GENERAL,2022,Filing / Registration,2,18.0,15,15,SYNTHETIC_AUGMENTED
COHORT_2862,MAHARA_DC_04,CS,CPC_GENERAL,2022,Final Arguments / Judgment,7,56,69,72,SYNTHETIC_AUGMENTED
COHORT_2863,MAHARA_DC_04,CS,CPC_GENERAL,2022,Pleadings / Issues,7,118,137,155,SYNTHETIC_AUGMENTED
COHORT_2864,MAHARA_DC_04,CS,CPC_GENERAL,2022,Summons / Appearance,15,75,113,170,SYNTHETIC_AUGMENTED
COHORT_2865,MAHARA_DC_04,CS,CPC_GENERAL,2024,Evidence / Argument,4,183.5,199,199,SYNTHETIC_AUGMENTED
COHORT_2866,MAHARA_DC_04,CS,CPC_GENERAL,2024,Filing / Registration,2,15.0,14,14,SYNTHETIC_AUGMENTED
COHORT_2867,MAHARA_DC_04,CS,CPC_GENERAL,2024,Final Arguments / Judgment,1,41,41,41,SYNTHETIC_AUGMENTED
COHORT_2868,MAHARA_DC_04,CS,CPC_GENERAL,2024,Pleadings / Issues,6,125.5,127,145,SYNTHETIC_AUGMENTED
COHORT_2869,MAHARA_DC_04,CS,CPC_GENERAL,2024,Summons / Appearance,7,199,261,314,SYNTHETIC_AUGMENTED
COHORT_2870,MAHARA_DC_04,MACA,MOTOR_ACCIDENT,2018,Filing / Registration,1,26,26,26,SYNTHETIC_AUGMENTED
COHORT_2871,MAHARA_DC_04,MACA,MOTOR_ACCIDENT,2018,Final Arguments / Judgment,2,125.5,78,78,SYNTHETIC_AUGMENTED
COHORT_2872,MAHARA_DC_04,MACA,MOTOR_ACCIDENT,2020,Final Arguments / Judgment,1,52,52,52,SYNTHETIC_AUGMENTED
COHORT_2873,MAHARA_DC_04,MACA,MOTOR_ACCIDENT,2020,Summons / Appearance,1,56,56,56,SYNTHETIC_AUGMENTED
COHORT_2874,MAHARA_DC_04,MACA,MOTOR_ACCIDENT,2022,Evidence / Argument,2,281.5,117,117,SYNTHETIC_AUGMENTED
COHORT_2875,MAHARA_DC_04,MACA,MOTOR_ACCIDENT,2022,Filing / Registration,1,13,13,13,SYNTHETIC_AUGMENTED
COHORT_2876,MAHARA_DC_04,MACA,MOTOR_ACCIDENT,2022,Final Arguments / Judgment,1,71,71,71,SYNTHETIC_AUGMENTED
COHORT_2877,MAHARA_DC_04,MACA,MOTOR_ACCIDENT,2022,Pleadings / Issues,2,150.5,34,34,SYNTHETIC_AUGMENTED
COHORT_2878,MAHARA_DC_04,MACA,MOTOR_ACCIDENT,2022,Summons / Appearance,4,132.0,135,135,SYNTHETIC_AUGMENTED
COHORT_2879,MAHARA_DC_04,MACA,MOTOR_ACCIDENT,2024,Evidence / Argument,1,198,198,198,SYNTHETIC_AUGMENTED
COHORT_2880,MAHARA_DC_04,MACA,MOTOR_ACCIDENT,2024,Filing / Registration,1,17,17,17,SYNTHETIC_AUGMENTED
COHORT_2881,MAHARA_DC_04,MACA,MOTOR_ACCIDENT,2024,Final Arguments / Judgment,2,94.0,48,48,SYNTHETIC_AUGMENTED
COHORT_2882,MAHARA_DC_04,MACA,MOTOR_ACCIDENT,2024,Pleadings / Issues,1,64,64,64,SYNTHETIC_AUGMENTED
COHORT_2883,MAHARA_DC_04,MACA,MOTOR_ACCIDENT,2024,Summons / Appearance,3,60,60,60,SYNTHETIC_AUGMENTED
COHORT_2884,MAHARA_DC_04,WP_C,WRIT_GENERAL,2018,Evidence / Argument,3,251,251,251,SYNTHETIC_AUGMENTED
COHORT_2885,MAHARA_DC_04,WP_C,WRIT_GENERAL,2018,Filing / Registration,1,20,20,20,SYNTHETIC_AUGMENTED
COHORT_2886,MAHARA_DC_04,WP_C,WRIT_GENERAL,2018,Final Arguments / Judgment,1,98,98,98,SYNTHETIC_AUGMENTED
COHORT_2887,MAHARA_DC_04,WP_C,WRIT_GENERAL,2020,Evidence / Argument,4,212.0,295,295,SYNTHETIC_AUGMENTED
COHORT_2888,MAHARA_DC_04,WP_C,WRIT_GENERAL,2020,Filing / Registration,1,28,28,28,SYNTHETIC_AUGMENTED
COHORT_2889,MAHARA_DC_04,WP_C,WRIT_GENERAL,2020,Final Arguments / Judgment,2,117.5,88,88,SYNTHETIC_AUGMENTED
COHORT_2890,MAHARA_DC_04,WP_C,WRIT_GENERAL,2020,Pleadings / Issues,2,80.0,62,62,SYNTHETIC_AUGMENTED
COHORT_2891,MAHARA_DC_04,WP_C,WRIT_GENERAL,2020,Summons / Appearance,3,91,91,91,SYNTHETIC_AUGMENTED
COHORT_2892,MAHARA_DC_04,WP_C,WRIT_GENERAL,2022,Evidence / Argument,3,154,154,154,SYNTHETIC_AUGMENTED
COHORT_2893,MAHARA_DC_04,WP_C,WRIT_GENERAL,2022,Filing / Registration,2,35.5,25,25,SYNTHETIC_AUGMENTED
COHORT_2894,MAHARA_DC_04,WP_C,WRIT_GENERAL,2022,Final Arguments / Judgment,1,38,38,38,SYNTHETIC_AUGMENTED
COHORT_2895,MAHARA_DC_04,WP_C,WRIT_GENERAL,2022,Pleadings / Issues,4,127.5,160,160,SYNTHETIC_AUGMENTED
COHORT_2896,MAHARA_DC_04,WP_C,WRIT_GENERAL,2022,Summons / Appearance,10,110.5,157,226,SYNTHETIC_AUGMENTED
COHORT_2897,MAHARA_DC_04,WP_C,WRIT_GENERAL,2024,Evidence / Argument,2,357.0,209,209,SYNTHETIC_AUGMENTED
COHORT_2898,MAHARA_DC_04,WP_C,WRIT_GENERAL,2024,Filing / Registration,1,15,15,15,SYNTHETIC_AUGMENTED
COHORT_2899,MAHARA_DC_04,WP_C,WRIT_GENERAL,2024,Final Arguments / Judgment,1,55,55,55,SYNTHETIC_AUGMENTED
COHORT_2900,MAHARA_DC_04,WP_C,WRIT_GENERAL,2024,Pleadings / Issues,4,80.0,87,87,SYNTHETIC_AUGMENTED
COHORT_2901,MAHARA_DC_04,WP_C,WRIT_GENERAL,2024,Summons / Appearance,3,320,320,320,SYNTHETIC_AUGMENTED
COHORT_2902,MAHARA_DC_05,BA,BAIL_GENERAL,2018,Filing / Registration,1,19,19,19,SYNTHETIC_AUGMENTED
COHORT_2903,MAHARA_DC_05,BA,BAIL_GENERAL,2018,Final Arguments / Judgment,1,172,172,172,SYNTHETIC_AUGMENTED
COHORT_2904,MAHARA_DC_05,BA,BAIL_GENERAL,2018,Pleadings / Issues,4,245.5,264,264,SYNTHETIC_AUGMENTED
COHORT_2905,MAHARA_DC_05,BA,BAIL_GENERAL,2018,Summons / Appearance,2,184.0,72,72,SYNTHETIC_AUGMENTED
COHORT_2906,MAHARA_DC_05,BA,BAIL_GENERAL,2020,Evidence / Argument,8,173.0,231,336,SYNTHETIC_AUGMENTED
COHORT_2907,MAHARA_DC_05,BA,BAIL_GENERAL,2020,Filing / Registration,1,18,18,18,SYNTHETIC_AUGMENTED
COHORT_2908,MAHARA_DC_05,BA,BAIL_GENERAL,2020,Final Arguments / Judgment,3,60,60,60,SYNTHETIC_AUGMENTED
COHORT_2909,MAHARA_DC_05,BA,BAIL_GENERAL,2020,Pleadings / Issues,5,133,139,139,SYNTHETIC_AUGMENTED
COHORT_2910,MAHARA_DC_05,BA,BAIL_GENERAL,2020,Summons / Appearance,10,89.5,101,134,SYNTHETIC_AUGMENTED
COHORT_2911,MAHARA_DC_05,BA,BAIL_GENERAL,2022,Evidence / Argument,8,136.5,341,383,SYNTHETIC_AUGMENTED
COHORT_2912,MAHARA_DC_05,BA,BAIL_GENERAL,2022,Filing / Registration,3,28,28,28,SYNTHETIC_AUGMENTED
COHORT_2913,MAHARA_DC_05,BA,BAIL_GENERAL,2022,Final Arguments / Judgment,4,80.5,83,83,SYNTHETIC_AUGMENTED
COHORT_2914,MAHARA_DC_05,BA,BAIL_GENERAL,2022,Pleadings / Issues,7,98,119,187,SYNTHETIC_AUGMENTED
COHORT_2915,MAHARA_DC_05,BA,BAIL_GENERAL,2022,Summons / Appearance,14,140.0,164,272,SYNTHETIC_AUGMENTED
COHORT_2916,MAHARA_DC_05,BA,BAIL_GENERAL,2024,Evidence / Argument,8,139.5,196,199,SYNTHETIC_AUGMENTED
COHORT_2917,MAHARA_DC_05,BA,BAIL_GENERAL,2024,Filing / Registration,2,15.0,14,14,SYNTHETIC_AUGMENTED
COHORT_2918,MAHARA_DC_05,BA,BAIL_GENERAL,2024,Pleadings / Issues,2,111.5,44,44,SYNTHETIC_AUGMENTED
COHORT_2919,MAHARA_DC_05,BA,BAIL_GENERAL,2024,Summons / Appearance,6,91.5,98,314,SYNTHETIC_AUGMENTED
COHORT_2920,MAHARA_DC_05,CRL_A,CRIMINAL_APPEAL,2018,Summons / Appearance,2,149.0,40,40,SYNTHETIC_AUGMENTED
COHORT_2921,MAHARA_DC_05,CRL_A,CRIMINAL_APPEAL,2020,Evidence / Argument,2,68.5,57,57,SYNTHETIC_AUGMENTED
COHORT_2922,MAHARA_DC_05,CRL_A,CRIMINAL_APPEAL,2020,Filing / Registration,2,19.5,17,17,SYNTHETIC_AUGMENTED
COHORT_2923,MAHARA_DC_05,CRL_A,CRIMINAL_APPEAL,2020,Pleadings / Issues,3,81,81,81,SYNTHETIC_AUGMENTED
COHORT_2924,MAHARA_DC_05,CRL_A,CRIMINAL_APPEAL,2020,Summons / Appearance,3,230,230,230,SYNTHETIC_AUGMENTED
COHORT_2925,MAHARA_DC_05,CRL_A,CRIMINAL_APPEAL,2022,Evidence / Argument,5,221,286,286,SYNTHETIC_AUGMENTED
COHORT_2926,MAHARA_DC_05,CRL_A,CRIMINAL_APPEAL,2022,Filing / Registration,3,10,10,10,SYNTHETIC_AUGMENTED
COHORT_2927,MAHARA_DC_05,CRL_A,CRIMINAL_APPEAL,2022,Final Arguments / Judgment,3,59,59,59,SYNTHETIC_AUGMENTED
COHORT_2928,MAHARA_DC_05,CRL_A,CRIMINAL_APPEAL,2022,Pleadings / Issues,4,212.0,272,272,SYNTHETIC_AUGMENTED
COHORT_2929,MAHARA_DC_05,CRL_A,CRIMINAL_APPEAL,2022,Summons / Appearance,6,115.0,146,240,SYNTHETIC_AUGMENTED
COHORT_2930,MAHARA_DC_05,CRL_A,CRIMINAL_APPEAL,2024,Evidence / Argument,3,190,190,190,SYNTHETIC_AUGMENTED
COHORT_2931,MAHARA_DC_05,CRL_A,CRIMINAL_APPEAL,2024,Pleadings / Issues,5,77,94,94,SYNTHETIC_AUGMENTED
COHORT_2932,MAHARA_DC_05,CRL_A,CRIMINAL_APPEAL,2024,Summons / Appearance,4,100.5,147,147,SYNTHETIC_AUGMENTED
COHORT_2933,MAHARA_DC_05,CS,CPC_GENERAL,2018,Evidence / Argument,2,220.5,183,183,SYNTHETIC_AUGMENTED
COHORT_2934,MAHARA_DC_05,CS,CPC_GENERAL,2018,Final Arguments / Judgment,1,45,45,45,SYNTHETIC_AUGMENTED
COHORT_2935,MAHARA_DC_05,CS,CPC_GENERAL,2018,Pleadings / Issues,1,310,310,310,SYNTHETIC_AUGMENTED
COHORT_2936,MAHARA_DC_05,CS,CPC_GENERAL,2018,Summons / Appearance,5,210,221,221,SYNTHETIC_AUGMENTED
COHORT_2937,MAHARA_DC_05,CS,CPC_GENERAL,2020,Evidence / Argument,4,454.5,465,465,SYNTHETIC_AUGMENTED
COHORT_2938,MAHARA_DC_05,CS,CPC_GENERAL,2020,Filing / Registration,1,36,36,36,SYNTHETIC_AUGMENTED
COHORT_2939,MAHARA_DC_05,CS,CPC_GENERAL,2020,Pleadings / Issues,3,125,125,125,SYNTHETIC_AUGMENTED
COHORT_2940,MAHARA_DC_05,CS,CPC_GENERAL,2020,Summons / Appearance,5,71,141,141,SYNTHETIC_AUGMENTED
COHORT_2941,MAHARA_DC_05,CS,CPC_GENERAL,2022,Evidence / Argument,13,171,336,346,SYNTHETIC_AUGMENTED
COHORT_2942,MAHARA_DC_05,CS,CPC_GENERAL,2022,Filing / Registration,1,8,8,8,SYNTHETIC_AUGMENTED
COHORT_2943,MAHARA_DC_05,CS,CPC_GENERAL,2022,Final Arguments / Judgment,5,86,93,93,SYNTHETIC_AUGMENTED
COHORT_2944,MAHARA_DC_05,CS,CPC_GENERAL,2022,Pleadings / Issues,12,83.0,120,126,SYNTHETIC_AUGMENTED
COHORT_2945,MAHARA_DC_05,CS,CPC_GENERAL,2022,Summons / Appearance,12,60.0,80,84,SYNTHETIC_AUGMENTED
COHORT_2946,MAHARA_DC_05,CS,CPC_GENERAL,2024,Evidence / Argument,4,240.5,316,316,SYNTHETIC_AUGMENTED
COHORT_2947,MAHARA_DC_05,CS,CPC_GENERAL,2024,Filing / Registration,2,27.0,22,22,SYNTHETIC_AUGMENTED
COHORT_2948,MAHARA_DC_05,CS,CPC_GENERAL,2024,Final Arguments / Judgment,4,74.5,94,94,SYNTHETIC_AUGMENTED
COHORT_2949,MAHARA_DC_05,CS,CPC_GENERAL,2024,Summons / Appearance,9,195,239,257,SYNTHETIC_AUGMENTED
COHORT_2950,MAHARA_DC_05,MACA,MOTOR_ACCIDENT,2018,Summons / Appearance,3,120,120,120,SYNTHETIC_AUGMENTED
COHORT_2951,MAHARA_DC_05,MACA,MOTOR_ACCIDENT,2020,Evidence / Argument,2,313.0,208,208,SYNTHETIC_AUGMENTED
COHORT_2952,MAHARA_DC_05,MACA,MOTOR_ACCIDENT,2020,Summons / Appearance,2,114.0,92,92,SYNTHETIC_AUGMENTED
COHORT_2953,MAHARA_DC_05,MACA,MOTOR_ACCIDENT,2022,Evidence / Argument,3,238,238,238,SYNTHETIC_AUGMENTED
COHORT_2954,MAHARA_DC_05,MACA,MOTOR_ACCIDENT,2022,Filing / Registration,1,16,16,16,SYNTHETIC_AUGMENTED
COHORT_2955,MAHARA_DC_05,MACA,MOTOR_ACCIDENT,2022,Final Arguments / Judgment,1,74,74,74,SYNTHETIC_AUGMENTED
COHORT_2956,MAHARA_DC_05,MACA,MOTOR_ACCIDENT,2022,Pleadings / Issues,1,100,100,100,SYNTHETIC_AUGMENTED
COHORT_2957,MAHARA_DC_05,MACA,MOTOR_ACCIDENT,2022,Summons / Appearance,2,206.5,69,69,SYNTHETIC_AUGMENTED
COHORT_2958,MAHARA_DC_05,MACA,MOTOR_ACCIDENT,2024,Evidence / Argument,3,196,196,196,SYNTHETIC_AUGMENTED
COHORT_2959,MAHARA_DC_05,MACA,MOTOR_ACCIDENT,2024,Pleadings / Issues,2,106.0,92,92,SYNTHETIC_AUGMENTED
COHORT_2960,MAHARA_DC_05,WP_C,WRIT_GENERAL,2018,Evidence / Argument,1,159,159,159,SYNTHETIC_AUGMENTED
COHORT_2961,MAHARA_DC_05,WP_C,WRIT_GENERAL,2018,Pleadings / Issues,1,124,124,124,SYNTHETIC_AUGMENTED
COHORT_2962,MAHARA_DC_05,WP_C,WRIT_GENERAL,2018,Summons / Appearance,4,85.5,109,109,SYNTHETIC_AUGMENTED
COHORT_2963,MAHARA_DC_05,WP_C,WRIT_GENERAL,2020,Filing / Registration,1,35,35,35,SYNTHETIC_AUGMENTED
COHORT_2964,MAHARA_DC_05,WP_C,WRIT_GENERAL,2020,Final Arguments / Judgment,1,68,68,68,SYNTHETIC_AUGMENTED
COHORT_2965,MAHARA_DC_05,WP_C,WRIT_GENERAL,2020,Pleadings / Issues,3,92,92,92,SYNTHETIC_AUGMENTED
COHORT_2966,MAHARA_DC_05,WP_C,WRIT_GENERAL,2020,Summons / Appearance,3,93,93,93,SYNTHETIC_AUGMENTED
COHORT_2967,MAHARA_DC_05,WP_C,WRIT_GENERAL,2022,Evidence / Argument,6,208.5,221,259,SYNTHETIC_AUGMENTED
COHORT_2968,MAHARA_DC_05,WP_C,WRIT_GENERAL,2022,Filing / Registration,1,18,18,18,SYNTHETIC_AUGMENTED
COHORT_2969,MAHARA_DC_05,WP_C,WRIT_GENERAL,2022,Final Arguments / Judgment,5,56,65,65,SYNTHETIC_AUGMENTED
COHORT_2970,MAHARA_DC_05,WP_C,WRIT_GENERAL,2022,Pleadings / Issues,4,109.5,125,125,SYNTHETIC_AUGMENTED
COHORT_2971,MAHARA_DC_05,WP_C,WRIT_GENERAL,2022,Summons / Appearance,5,94,158,158,SYNTHETIC_AUGMENTED
COHORT_2972,MAHARA_DC_05,WP_C,WRIT_GENERAL,2024,Filing / Registration,1,16,16,16,SYNTHETIC_AUGMENTED
COHORT_2973,MAHARA_DC_05,WP_C,WRIT_GENERAL,2024,Final Arguments / Judgment,1,50,50,50,SYNTHETIC_AUGMENTED
COHORT_2974,MAHARA_DC_05,WP_C,WRIT_GENERAL,2024,Pleadings / Issues,4,62.0,65,65,SYNTHETIC_AUGMENTED
COHORT_2975,MAHARA_DC_05,WP_C,WRIT_GENERAL,2024,Summons / Appearance,2,92.0,37,37,SYNTHETIC_AUGMENTED
COHORT_2976,ODISHA_DC_01,BA,BAIL_GENERAL,2020,Evidence / Argument,1,156,156,156,SYNTHETIC_AUGMENTED
COHORT_2977,ODISHA_DC_01,BA,BAIL_GENERAL,2022,Evidence / Argument,3,201,201,201,SYNTHETIC_AUGMENTED
COHORT_2978,ODISHA_DC_01,BA,BAIL_GENERAL,2022,Pleadings / Issues,1,64,64,64,SYNTHETIC_AUGMENTED
COHORT_2979,ODISHA_DC_01,BA,BAIL_GENERAL,2022,Summons / Appearance,3,204,204,204,SYNTHETIC_AUGMENTED
COHORT_2980,ODISHA_DC_01,BA,BAIL_GENERAL,2024,Final Arguments / Judgment,1,33,33,33,SYNTHETIC_AUGMENTED
COHORT_2981,ODISHA_DC_01,BA,BAIL_GENERAL,2024,Pleadings / Issues,1,108,108,108,SYNTHETIC_AUGMENTED
COHORT_2982,ODISHA_DC_01,CRL_A,CRIMINAL_APPEAL,2020,Summons / Appearance,1,31,31,31,SYNTHETIC_AUGMENTED
COHORT_2983,ODISHA_DC_01,CRL_A,CRIMINAL_APPEAL,2022,Final Arguments / Judgment,2,55.0,40,40,SYNTHETIC_AUGMENTED
COHORT_2984,ODISHA_DC_01,CRL_A,CRIMINAL_APPEAL,2022,Summons / Appearance,2,78.0,19,19,SYNTHETIC_AUGMENTED
COHORT_2985,ODISHA_DC_01,CRL_A,CRIMINAL_APPEAL,2024,Evidence / Argument,3,226,226,226,SYNTHETIC_AUGMENTED
COHORT_2986,ODISHA_DC_01,CRL_A,CRIMINAL_APPEAL,2024,Final Arguments / Judgment,1,58,58,58,SYNTHETIC_AUGMENTED
COHORT_2987,ODISHA_DC_01,CRL_A,CRIMINAL_APPEAL,2024,Summons / Appearance,1,79,79,79,SYNTHETIC_AUGMENTED
COHORT_2988,ODISHA_DC_01,CS,CPC_GENERAL,2020,Final Arguments / Judgment,1,45,45,45,SYNTHETIC_AUGMENTED
COHORT_2989,ODISHA_DC_01,CS,CPC_GENERAL,2020,Pleadings / Issues,1,65,65,65,SYNTHETIC_AUGMENTED
COHORT_2990,ODISHA_DC_01,CS,CPC_GENERAL,2020,Summons / Appearance,3,163,163,163,SYNTHETIC_AUGMENTED
COHORT_2991,ODISHA_DC_01,CS,CPC_GENERAL,2022,Filing / Registration,1,21,21,21,SYNTHETIC_AUGMENTED
COHORT_2992,ODISHA_DC_01,CS,CPC_GENERAL,2022,Final Arguments / Judgment,1,32,32,32,SYNTHETIC_AUGMENTED
COHORT_2993,ODISHA_DC_01,CS,CPC_GENERAL,2022,Pleadings / Issues,1,150,150,150,SYNTHETIC_AUGMENTED
COHORT_2994,ODISHA_DC_01,CS,CPC_GENERAL,2022,Summons / Appearance,3,220,220,220,SYNTHETIC_AUGMENTED
COHORT_2995,ODISHA_DC_01,CS,CPC_GENERAL,2024,Evidence / Argument,1,349,349,349,SYNTHETIC_AUGMENTED
COHORT_2996,ODISHA_DC_01,CS,CPC_GENERAL,2024,Summons / Appearance,1,41,41,41,SYNTHETIC_AUGMENTED
COHORT_2997,ODISHA_DC_01,MACA,MOTOR_ACCIDENT,2022,Summons / Appearance,2,294.0,204,204,SYNTHETIC_AUGMENTED
COHORT_2998,ODISHA_DC_01,WP_C,WRIT_GENERAL,2020,Filing / Registration,1,14,14,14,SYNTHETIC_AUGMENTED
COHORT_2999,ODISHA_DC_01,WP_C,WRIT_GENERAL,2020,Summons / Appearance,2,88.5,48,48,SYNTHETIC_AUGMENTED
COHORT_3000,ODISHA_DC_01,WP_C,WRIT_GENERAL,2022,Filing / Registration,1,36,36,36,SYNTHETIC_AUGMENTED
COHORT_3001,ODISHA_DC_01,WP_C,WRIT_GENERAL,2022,Summons / Appearance,1,48,48,48,SYNTHETIC_AUGMENTED
COHORT_3002,ODISHA_DC_01,WP_C,WRIT_GENERAL,2024,Evidence / Argument,1,128,128,128,SYNTHETIC_AUGMENTED
COHORT_3003,ODISHA_DC_01,WP_C,WRIT_GENERAL,2024,Filing / Registration,2,30.0,19,19,SYNTHETIC_AUGMENTED
COHORT_3004,ODISHA_DC_01,WP_C,WRIT_GENERAL,2024,Pleadings / Issues,2,102.0,96,96,SYNTHETIC_AUGMENTED
COHORT_3005,ODISHA_DC_01,WP_C,WRIT_GENERAL,2024,Summons / Appearance,1,59,59,59,SYNTHETIC_AUGMENTED
COHORT_3006,ODISHA_DC_02,BA,BAIL_GENERAL,2020,Pleadings / Issues,1,139,139,139,SYNTHETIC_AUGMENTED
COHORT_3007,ODISHA_DC_02,BA,BAIL_GENERAL,2020,Summons / Appearance,4,126.0,145,145,SYNTHETIC_AUGMENTED
COHORT_3008,ODISHA_DC_02,BA,BAIL_GENERAL,2022,Evidence / Argument,1,102,102,102,SYNTHETIC_AUGMENTED
COHORT_3009,ODISHA_DC_02,BA,BAIL_GENERAL,2022,Final Arguments / Judgment,3,155,155,155,SYNTHETIC_AUGMENTED
COHORT_3010,ODISHA_DC_02,BA,BAIL_GENERAL,2022,Pleadings / Issues,3,86,86,86,SYNTHETIC_AUGMENTED
COHORT_3011,ODISHA_DC_02,BA,BAIL_GENERAL,2024,Evidence / Argument,1,266,266,266,SYNTHETIC_AUGMENTED
COHORT_3012,ODISHA_DC_02,BA,BAIL_GENERAL,2024,Filing / Registration,1,45,45,45,SYNTHETIC_AUGMENTED
COHORT_3013,ODISHA_DC_02,BA,BAIL_GENERAL,2024,Pleadings / Issues,1,90,90,90,SYNTHETIC_AUGMENTED
COHORT_3014,ODISHA_DC_02,BA,BAIL_GENERAL,2024,Summons / Appearance,1,218,218,218,SYNTHETIC_AUGMENTED
COHORT_3015,ODISHA_DC_02,CRL_A,CRIMINAL_APPEAL,2018,Evidence / Argument,1,132,132,132,SYNTHETIC_AUGMENTED
COHORT_3016,ODISHA_DC_02,CRL_A,CRIMINAL_APPEAL,2020,Evidence / Argument,1,149,149,149,SYNTHETIC_AUGMENTED
COHORT_3017,ODISHA_DC_02,CRL_A,CRIMINAL_APPEAL,2020,Filing / Registration,1,20,20,20,SYNTHETIC_AUGMENTED
COHORT_3018,ODISHA_DC_02,CRL_A,CRIMINAL_APPEAL,2020,Pleadings / Issues,1,235,235,235,SYNTHETIC_AUGMENTED
COHORT_3019,ODISHA_DC_02,CRL_A,CRIMINAL_APPEAL,2022,Final Arguments / Judgment,1,164,164,164,SYNTHETIC_AUGMENTED
COHORT_3020,ODISHA_DC_02,CRL_A,CRIMINAL_APPEAL,2022,Pleadings / Issues,1,151,151,151,SYNTHETIC_AUGMENTED
COHORT_3021,ODISHA_DC_02,CRL_A,CRIMINAL_APPEAL,2022,Summons / Appearance,4,140.0,183,183,SYNTHETIC_AUGMENTED
COHORT_3022,ODISHA_DC_02,CRL_A,CRIMINAL_APPEAL,2024,Final Arguments / Judgment,1,52,52,52,SYNTHETIC_AUGMENTED
COHORT_3023,ODISHA_DC_02,CRL_A,CRIMINAL_APPEAL,2024,Summons / Appearance,1,125,125,125,SYNTHETIC_AUGMENTED
COHORT_3024,ODISHA_DC_02,CS,CPC_GENERAL,2018,Summons / Appearance,1,200,200,200,SYNTHETIC_AUGMENTED
COHORT_3025,ODISHA_DC_02,CS,CPC_GENERAL,2020,Evidence / Argument,1,218,218,218,SYNTHETIC_AUGMENTED
COHORT_3026,ODISHA_DC_02,CS,CPC_GENERAL,2020,Final Arguments / Judgment,1,82,82,82,SYNTHETIC_AUGMENTED
COHORT_3027,ODISHA_DC_02,CS,CPC_GENERAL,2020,Pleadings / Issues,1,75,75,75,SYNTHETIC_AUGMENTED
COHORT_3028,ODISHA_DC_02,CS,CPC_GENERAL,2020,Summons / Appearance,1,45,45,45,SYNTHETIC_AUGMENTED
COHORT_3029,ODISHA_DC_02,CS,CPC_GENERAL,2022,Evidence / Argument,5,176,199,199,SYNTHETIC_AUGMENTED
COHORT_3030,ODISHA_DC_02,CS,CPC_GENERAL,2022,Pleadings / Issues,1,79,79,79,SYNTHETIC_AUGMENTED
COHORT_3031,ODISHA_DC_02,CS,CPC_GENERAL,2022,Summons / Appearance,6,81.0,83,101,SYNTHETIC_AUGMENTED
COHORT_3032,ODISHA_DC_02,CS,CPC_GENERAL,2024,Evidence / Argument,1,272,272,272,SYNTHETIC_AUGMENTED
COHORT_3033,ODISHA_DC_02,CS,CPC_GENERAL,2024,Filing / Registration,1,11,11,11,SYNTHETIC_AUGMENTED
COHORT_3034,ODISHA_DC_02,CS,CPC_GENERAL,2024,Final Arguments / Judgment,1,54,54,54,SYNTHETIC_AUGMENTED
COHORT_3035,ODISHA_DC_02,CS,CPC_GENERAL,2024,Summons / Appearance,2,86.0,79,79,SYNTHETIC_AUGMENTED
COHORT_3036,ODISHA_DC_02,MACA,MOTOR_ACCIDENT,2018,Summons / Appearance,1,200,200,200,SYNTHETIC_AUGMENTED
COHORT_3037,ODISHA_DC_02,MACA,MOTOR_ACCIDENT,2020,Evidence / Argument,1,109,109,109,SYNTHETIC_AUGMENTED
COHORT_3038,ODISHA_DC_02,MACA,MOTOR_ACCIDENT,2022,Pleadings / Issues,1,127,127,127,SYNTHETIC_AUGMENTED
COHORT_3039,ODISHA_DC_02,MACA,MOTOR_ACCIDENT,2024,Summons / Appearance,1,151,151,151,SYNTHETIC_AUGMENTED
COHORT_3040,ODISHA_DC_02,WP_C,WRIT_GENERAL,2018,Pleadings / Issues,1,71,71,71,SYNTHETIC_AUGMENTED
COHORT_3041,ODISHA_DC_02,WP_C,WRIT_GENERAL,2022,Evidence / Argument,1,164,164,164,SYNTHETIC_AUGMENTED
COHORT_3042,ODISHA_DC_02,WP_C,WRIT_GENERAL,2022,Summons / Appearance,2,156.0,114,114,SYNTHETIC_AUGMENTED
COHORT_3043,ODISHA_DC_02,WP_C,WRIT_GENERAL,2024,Evidence / Argument,1,128,128,128,SYNTHETIC_AUGMENTED
COHORT_3044,ODISHA_DC_03,BA,BAIL_GENERAL,2018,Evidence / Argument,1,163,163,163,SYNTHETIC_AUGMENTED
COHORT_3045,ODISHA_DC_03,BA,BAIL_GENERAL,2018,Final Arguments / Judgment,1,54,54,54,SYNTHETIC_AUGMENTED
COHORT_3046,ODISHA_DC_03,BA,BAIL_GENERAL,2020,Evidence / Argument,1,166,166,166,SYNTHETIC_AUGMENTED
COHORT_3047,ODISHA_DC_03,BA,BAIL_GENERAL,2020,Final Arguments / Judgment,1,122,122,122,SYNTHETIC_AUGMENTED
COHORT_3048,ODISHA_DC_03,BA,BAIL_GENERAL,2022,Evidence / Argument,2,259.5,104,104,SYNTHETIC_AUGMENTED
COHORT_3049,ODISHA_DC_03,BA,BAIL_GENERAL,2022,Filing / Registration,1,15,15,15,SYNTHETIC_AUGMENTED
COHORT_3050,ODISHA_DC_03,BA,BAIL_GENERAL,2022,Final Arguments / Judgment,2,58.0,34,34,SYNTHETIC_AUGMENTED
COHORT_3051,ODISHA_DC_03,BA,BAIL_GENERAL,2022,Pleadings / Issues,2,39.0,38,38,SYNTHETIC_AUGMENTED
COHORT_3052,ODISHA_DC_03,BA,BAIL_GENERAL,2024,Evidence / Argument,2,249.5,145,145,SYNTHETIC_AUGMENTED
COHORT_3053,ODISHA_DC_03,BA,BAIL_GENERAL,2024,Summons / Appearance,1,341,341,341,SYNTHETIC_AUGMENTED
COHORT_3054,ODISHA_DC_03,CRL_A,CRIMINAL_APPEAL,2020,Evidence / Argument,1,263,263,263,SYNTHETIC_AUGMENTED
COHORT_3055,ODISHA_DC_03,CRL_A,CRIMINAL_APPEAL,2020,Pleadings / Issues,1,101,101,101,SYNTHETIC_AUGMENTED
COHORT_3056,ODISHA_DC_03,CRL_A,CRIMINAL_APPEAL,2020,Summons / Appearance,2,79.0,57,57,SYNTHETIC_AUGMENTED
COHORT_3057,ODISHA_DC_03,CRL_A,CRIMINAL_APPEAL,2022,Evidence / Argument,3,302,302,302,SYNTHETIC_AUGMENTED
COHORT_3058,ODISHA_DC_03,CRL_A,CRIMINAL_APPEAL,2022,Filing / Registration,1,11,11,11,SYNTHETIC_AUGMENTED
COHORT_3059,ODISHA_DC_03,CRL_A,CRIMINAL_APPEAL,2022,Pleadings / Issues,1,129,129,129,SYNTHETIC_AUGMENTED
COHORT_3060,ODISHA_DC_03,CRL_A,CRIMINAL_APPEAL,2022,Summons / Appearance,5,70,210,210,SYNTHETIC_AUGMENTED
COHORT_3061,ODISHA_DC_03,CRL_A,CRIMINAL_APPEAL,2024,Evidence / Argument,1,104,104,104,SYNTHETIC_AUGMENTED
COHORT_3062,ODISHA_DC_03,CRL_A,CRIMINAL_APPEAL,2024,Summons / Appearance,1,58,58,58,SYNTHETIC_AUGMENTED
COHORT_3063,ODISHA_DC_03,CS,CPC_GENERAL,2018,Evidence / Argument,1,159,159,159,SYNTHETIC_AUGMENTED
COHORT_3064,ODISHA_DC_03,CS,CPC_GENERAL,2018,Filing / Registration,1,10,10,10,SYNTHETIC_AUGMENTED
COHORT_3065,ODISHA_DC_03,CS,CPC_GENERAL,2020,Pleadings / Issues,1,130,130,130,SYNTHETIC_AUGMENTED
COHORT_3066,ODISHA_DC_03,CS,CPC_GENERAL,2022,Evidence / Argument,1,305,305,305,SYNTHETIC_AUGMENTED
COHORT_3067,ODISHA_DC_03,CS,CPC_GENERAL,2022,Filing / Registration,1,18,18,18,SYNTHETIC_AUGMENTED
COHORT_3068,ODISHA_DC_03,CS,CPC_GENERAL,2022,Pleadings / Issues,2,48.0,42,42,SYNTHETIC_AUGMENTED
COHORT_3069,ODISHA_DC_03,CS,CPC_GENERAL,2022,Summons / Appearance,1,348,348,348,SYNTHETIC_AUGMENTED
COHORT_3070,ODISHA_DC_03,CS,CPC_GENERAL,2024,Evidence / Argument,2,164.5,120,120,SYNTHETIC_AUGMENTED
COHORT_3071,ODISHA_DC_03,CS,CPC_GENERAL,2024,Pleadings / Issues,1,115,115,115,SYNTHETIC_AUGMENTED
COHORT_3072,ODISHA_DC_03,CS,CPC_GENERAL,2024,Summons / Appearance,1,232,232,232,SYNTHETIC_AUGMENTED
COHORT_3073,ODISHA_DC_03,MACA,MOTOR_ACCIDENT,2020,Summons / Appearance,1,414,414,414,SYNTHETIC_AUGMENTED
COHORT_3074,ODISHA_DC_03,MACA,MOTOR_ACCIDENT,2022,Pleadings / Issues,1,32,32,32,SYNTHETIC_AUGMENTED
COHORT_3075,ODISHA_DC_03,WP_C,WRIT_GENERAL,2020,Pleadings / Issues,1,66,66,66,SYNTHETIC_AUGMENTED
COHORT_3076,ODISHA_DC_03,WP_C,WRIT_GENERAL,2020,Summons / Appearance,1,289,289,289,SYNTHETIC_AUGMENTED
COHORT_3077,ODISHA_DC_03,WP_C,WRIT_GENERAL,2022,Pleadings / Issues,1,94,94,94,SYNTHETIC_AUGMENTED
COHORT_3078,ODISHA_DC_03,WP_C,WRIT_GENERAL,2024,Final Arguments / Judgment,1,39,39,39,SYNTHETIC_AUGMENTED
COHORT_3079,ODISHA_DC_04,BA,BAIL_GENERAL,2018,Evidence / Argument,2,226.5,119,119,SYNTHETIC_AUGMENTED
COHORT_3080,ODISHA_DC_04,BA,BAIL_GENERAL,2020,Filing / Registration,1,19,19,19,SYNTHETIC_AUGMENTED
COHORT_3081,ODISHA_DC_04,BA,BAIL_GENERAL,2020,Pleadings / Issues,1,110,110,110,SYNTHETIC_AUGMENTED
COHORT_3082,ODISHA_DC_04,BA,BAIL_GENERAL,2020,Summons / Appearance,3,64,64,64,SYNTHETIC_AUGMENTED
COHORT_3083,ODISHA_DC_04,BA,BAIL_GENERAL,2022,Evidence / Argument,2,173.0,152,152,SYNTHETIC_AUGMENTED
COHORT_3084,ODISHA_DC_04,BA,BAIL_GENERAL,2022,Final Arguments / Judgment,1,52,52,52,SYNTHETIC_AUGMENTED
COHORT_3085,ODISHA_DC_04,BA,BAIL_GENERAL,2022,Summons / Appearance,3,146,146,146,SYNTHETIC_AUGMENTED
COHORT_3086,ODISHA_DC_04,BA,BAIL_GENERAL,2024,Evidence / Argument,2,249.5,152,152,SYNTHETIC_AUGMENTED
COHORT_3087,ODISHA_DC_04,BA,BAIL_GENERAL,2024,Summons / Appearance,1,168,168,168,SYNTHETIC_AUGMENTED
COHORT_3088,ODISHA_DC_04,CRL_A,CRIMINAL_APPEAL,2018,Pleadings / Issues,1,134,134,134,SYNTHETIC_AUGMENTED
COHORT_3089,ODISHA_DC_04,CRL_A,CRIMINAL_APPEAL,2020,Evidence / Argument,2,302.5,221,221,SYNTHETIC_AUGMENTED
COHORT_3090,ODISHA_DC_04,CRL_A,CRIMINAL_APPEAL,2020,Summons / Appearance,3,61,61,61,SYNTHETIC_AUGMENTED
COHORT_3091,ODISHA_DC_04,CRL_A,CRIMINAL_APPEAL,2022,Evidence / Argument,2,321.5,185,185,SYNTHETIC_AUGMENTED
COHORT_3092,ODISHA_DC_04,CRL_A,CRIMINAL_APPEAL,2022,Final Arguments / Judgment,2,49.5,19,19,SYNTHETIC_AUGMENTED
COHORT_3093,ODISHA_DC_04,CRL_A,CRIMINAL_APPEAL,2022,Pleadings / Issues,1,129,129,129,SYNTHETIC_AUGMENTED
COHORT_3094,ODISHA_DC_04,CRL_A,CRIMINAL_APPEAL,2022,Summons / Appearance,2,140.0,69,69,SYNTHETIC_AUGMENTED
COHORT_3095,ODISHA_DC_04,CRL_A,CRIMINAL_APPEAL,2024,Summons / Appearance,1,70,70,70,SYNTHETIC_AUGMENTED
COHORT_3096,ODISHA_DC_04,CS,CPC_GENERAL,2018,Summons / Appearance,1,27,27,27,SYNTHETIC_AUGMENTED
COHORT_3097,ODISHA_DC_04,CS,CPC_GENERAL,2020,Filing / Registration,1,37,37,37,SYNTHETIC_AUGMENTED
COHORT_3098,ODISHA_DC_04,CS,CPC_GENERAL,2020,Final Arguments / Judgment,1,29,29,29,SYNTHETIC_AUGMENTED
COHORT_3099,ODISHA_DC_04,CS,CPC_GENERAL,2020,Pleadings / Issues,1,146,146,146,SYNTHETIC_AUGMENTED
COHORT_3100,ODISHA_DC_04,CS,CPC_GENERAL,2020,Summons / Appearance,1,55,55,55,SYNTHETIC_AUGMENTED
COHORT_3101,ODISHA_DC_04,CS,CPC_GENERAL,2022,Evidence / Argument,3,198,198,198,SYNTHETIC_AUGMENTED
COHORT_3102,ODISHA_DC_04,CS,CPC_GENERAL,2022,Final Arguments / Judgment,1,86,86,86,SYNTHETIC_AUGMENTED
COHORT_3103,ODISHA_DC_04,CS,CPC_GENERAL,2022,Pleadings / Issues,1,41,41,41,SYNTHETIC_AUGMENTED
COHORT_3104,ODISHA_DC_04,CS,CPC_GENERAL,2022,Summons / Appearance,2,65.0,52,52,SYNTHETIC_AUGMENTED
COHORT_3105,ODISHA_DC_04,MACA,MOTOR_ACCIDENT,2018,Final Arguments / Judgment,1,76,76,76,SYNTHETIC_AUGMENTED
COHORT_3106,ODISHA_DC_04,MACA,MOTOR_ACCIDENT,2020,Pleadings / Issues,1,36,36,36,SYNTHETIC_AUGMENTED
COHORT_3107,ODISHA_DC_04,MACA,MOTOR_ACCIDENT,2022,Filing / Registration,1,50,50,50,SYNTHETIC_AUGMENTED
COHORT_3108,ODISHA_DC_04,MACA,MOTOR_ACCIDENT,2022,Final Arguments / Judgment,1,35,35,35,SYNTHETIC_AUGMENTED
COHORT_3109,ODISHA_DC_04,WP_C,WRIT_GENERAL,2020,Evidence / Argument,1,170,170,170,SYNTHETIC_AUGMENTED
COHORT_3110,ODISHA_DC_04,WP_C,WRIT_GENERAL,2020,Final Arguments / Judgment,1,68,68,68,SYNTHETIC_AUGMENTED
COHORT_3111,ODISHA_DC_04,WP_C,WRIT_GENERAL,2020,Pleadings / Issues,1,99,99,99,SYNTHETIC_AUGMENTED
COHORT_3112,ODISHA_DC_04,WP_C,WRIT_GENERAL,2020,Summons / Appearance,1,243,243,243,SYNTHETIC_AUGMENTED
COHORT_3113,ODISHA_DC_04,WP_C,WRIT_GENERAL,2022,Evidence / Argument,1,194,194,194,SYNTHETIC_AUGMENTED
COHORT_3114,ODISHA_DC_04,WP_C,WRIT_GENERAL,2022,Final Arguments / Judgment,1,46,46,46,SYNTHETIC_AUGMENTED
COHORT_3115,ODISHA_DC_04,WP_C,WRIT_GENERAL,2022,Summons / Appearance,3,202,202,202,SYNTHETIC_AUGMENTED
COHORT_3116,ODISHA_DC_04,WP_C,WRIT_GENERAL,2024,Final Arguments / Judgment,1,35,35,35,SYNTHETIC_AUGMENTED
COHORT_3117,ODISHA_DC_04,WP_C,WRIT_GENERAL,2024,Pleadings / Issues,1,199,199,199,SYNTHETIC_AUGMENTED
COHORT_3118,ODISHA_DC_04,WP_C,WRIT_GENERAL,2024,Summons / Appearance,2,83.5,60,60,SYNTHETIC_AUGMENTED
COHORT_3119,ODISHA_DC_05,BA,BAIL_GENERAL,2020,Evidence / Argument,1,335,335,335,SYNTHETIC_AUGMENTED
COHORT_3120,ODISHA_DC_05,BA,BAIL_GENERAL,2020,Filing / Registration,2,22.0,15,15,SYNTHETIC_AUGMENTED
COHORT_3121,ODISHA_DC_05,BA,BAIL_GENERAL,2020,Summons / Appearance,2,152.0,96,96,SYNTHETIC_AUGMENTED
COHORT_3122,ODISHA_DC_05,BA,BAIL_GENERAL,2022,Evidence / Argument,3,195,195,195,SYNTHETIC_AUGMENTED
COHORT_3123,ODISHA_DC_05,BA,BAIL_GENERAL,2022,Pleadings / Issues,2,190.5,185,185,SYNTHETIC_AUGMENTED
COHORT_3124,ODISHA_DC_05,BA,BAIL_GENERAL,2022,Summons / Appearance,2,194.0,129,129,SYNTHETIC_AUGMENTED
COHORT_3125,ODISHA_DC_05,BA,BAIL_GENERAL,2024,Evidence / Argument,2,297.5,150,150,SYNTHETIC_AUGMENTED
COHORT_3126,ODISHA_DC_05,BA,BAIL_GENERAL,2024,Filing / Registration,1,21,21,21,SYNTHETIC_AUGMENTED
COHORT_3127,ODISHA_DC_05,BA,BAIL_GENERAL,2024,Pleadings / Issues,2,119.0,95,95,SYNTHETIC_AUGMENTED
COHORT_3128,ODISHA_DC_05,BA,BAIL_GENERAL,2024,Summons / Appearance,2,201.0,94,94,SYNTHETIC_AUGMENTED
COHORT_3129,ODISHA_DC_05,CRL_A,CRIMINAL_APPEAL,2018,Final Arguments / Judgment,1,37,37,37,SYNTHETIC_AUGMENTED
COHORT_3130,ODISHA_DC_05,CRL_A,CRIMINAL_APPEAL,2020,Filing / Registration,1,19,19,19,SYNTHETIC_AUGMENTED
COHORT_3131,ODISHA_DC_05,CRL_A,CRIMINAL_APPEAL,2020,Summons / Appearance,2,202.0,70,70,SYNTHETIC_AUGMENTED
COHORT_3132,ODISHA_DC_05,CRL_A,CRIMINAL_APPEAL,2022,Evidence / Argument,1,178,178,178,SYNTHETIC_AUGMENTED
COHORT_3133,ODISHA_DC_05,CRL_A,CRIMINAL_APPEAL,2022,Summons / Appearance,3,88,88,88,SYNTHETIC_AUGMENTED
COHORT_3134,ODISHA_DC_05,CRL_A,CRIMINAL_APPEAL,2024,Filing / Registration,1,10,10,10,SYNTHETIC_AUGMENTED
COHORT_3135,ODISHA_DC_05,CRL_A,CRIMINAL_APPEAL,2024,Pleadings / Issues,1,134,134,134,SYNTHETIC_AUGMENTED
COHORT_3136,ODISHA_DC_05,CRL_A,CRIMINAL_APPEAL,2024,Summons / Appearance,1,72,72,72,SYNTHETIC_AUGMENTED
COHORT_3137,ODISHA_DC_05,CS,CPC_GENERAL,2020,Evidence / Argument,1,167,167,167,SYNTHETIC_AUGMENTED
COHORT_3138,ODISHA_DC_05,CS,CPC_GENERAL,2020,Final Arguments / Judgment,2,76.0,62,62,SYNTHETIC_AUGMENTED
COHORT_3139,ODISHA_DC_05,CS,CPC_GENERAL,2020,Summons / Appearance,1,51,51,51,SYNTHETIC_AUGMENTED
COHORT_3140,ODISHA_DC_05,CS,CPC_GENERAL,2022,Evidence / Argument,3,160,160,160,SYNTHETIC_AUGMENTED
COHORT_3141,ODISHA_DC_05,CS,CPC_GENERAL,2022,Filing / Registration,1,21,21,21,SYNTHETIC_AUGMENTED
COHORT_3142,ODISHA_DC_05,CS,CPC_GENERAL,2022,Pleadings / Issues,2,163.5,55,55,SYNTHETIC_AUGMENTED
COHORT_3143,ODISHA_DC_05,CS,CPC_GENERAL,2022,Summons / Appearance,5,183,337,337,SYNTHETIC_AUGMENTED
COHORT_3144,ODISHA_DC_05,CS,CPC_GENERAL,2024,Summons / Appearance,1,81,81,81,SYNTHETIC_AUGMENTED
COHORT_3145,ODISHA_DC_05,MACA,MOTOR_ACCIDENT,2018,Evidence / Argument,1,149,149,149,SYNTHETIC_AUGMENTED
COHORT_3146,ODISHA_DC_05,MACA,MOTOR_ACCIDENT,2020,Summons / Appearance,1,322,322,322,SYNTHETIC_AUGMENTED
COHORT_3147,ODISHA_DC_05,MACA,MOTOR_ACCIDENT,2022,Final Arguments / Judgment,1,58,58,58,SYNTHETIC_AUGMENTED
COHORT_3148,ODISHA_DC_05,MACA,MOTOR_ACCIDENT,2022,Summons / Appearance,1,82,82,82,SYNTHETIC_AUGMENTED
COHORT_3149,ODISHA_DC_05,WP_C,WRIT_GENERAL,2020,Evidence / Argument,1,171,171,171,SYNTHETIC_AUGMENTED
COHORT_3150,ODISHA_DC_05,WP_C,WRIT_GENERAL,2020,Final Arguments / Judgment,1,144,144,144,SYNTHETIC_AUGMENTED
COHORT_3151,ODISHA_DC_05,WP_C,WRIT_GENERAL,2020,Summons / Appearance,1,284,284,284,SYNTHETIC_AUGMENTED
COHORT_3152,ODISHA_DC_05,WP_C,WRIT_GENERAL,2022,Evidence / Argument,1,184,184,184,SYNTHETIC_AUGMENTED
COHORT_3153,ODISHA_DC_05,WP_C,WRIT_GENERAL,2022,Summons / Appearance,1,56,56,56,SYNTHETIC_AUGMENTED
COHORT_3154,ODISHA_DC_05,WP_C,WRIT_GENERAL,2024,Evidence / Argument,1,175,175,175,SYNTHETIC_AUGMENTED
COHORT_3155,ODISHA_DC_05,WP_C,WRIT_GENERAL,2024,Final Arguments / Judgment,1,35,35,35,SYNTHETIC_AUGMENTED
COHORT_3156,PUNE_SYN_DC_01,CS,CPC_GENERAL,2020,Summons / Appearance,2,166.0,45,45,SYNTHETIC_AUGMENTED
COHORT_3157,PUNJAB_DC_01,BA,BAIL_GENERAL,2020,Evidence / Argument,3,217,217,217,SYNTHETIC_AUGMENTED
COHORT_3158,PUNJAB_DC_01,BA,BAIL_GENERAL,2020,Final Arguments / Judgment,1,37,37,37,SYNTHETIC_AUGMENTED
COHORT_3159,PUNJAB_DC_01,BA,BAIL_GENERAL,2020,Pleadings / Issues,1,102,102,102,SYNTHETIC_AUGMENTED
COHORT_3160,PUNJAB_DC_01,BA,BAIL_GENERAL,2022,Final Arguments / Judgment,1,216,216,216,SYNTHETIC_AUGMENTED
COHORT_3161,PUNJAB_DC_01,BA,BAIL_GENERAL,2022,Pleadings / Issues,3,69,69,69,SYNTHETIC_AUGMENTED
COHORT_3162,PUNJAB_DC_01,BA,BAIL_GENERAL,2022,Summons / Appearance,3,83,83,83,SYNTHETIC_AUGMENTED
COHORT_3163,PUNJAB_DC_01,BA,BAIL_GENERAL,2024,Evidence / Argument,3,118,118,118,SYNTHETIC_AUGMENTED
COHORT_3164,PUNJAB_DC_01,BA,BAIL_GENERAL,2024,Filing / Registration,1,18,18,18,SYNTHETIC_AUGMENTED
COHORT_3165,PUNJAB_DC_01,BA,BAIL_GENERAL,2024,Pleadings / Issues,2,95.0,75,75,SYNTHETIC_AUGMENTED
COHORT_3166,PUNJAB_DC_01,CRL_A,CRIMINAL_APPEAL,2018,Summons / Appearance,1,96,96,96,SYNTHETIC_AUGMENTED
COHORT_3167,PUNJAB_DC_01,CRL_A,CRIMINAL_APPEAL,2020,Evidence / Argument,1,267,267,267,SYNTHETIC_AUGMENTED
COHORT_3168,PUNJAB_DC_01,CRL_A,CRIMINAL_APPEAL,2020,Summons / Appearance,1,177,177,177,SYNTHETIC_AUGMENTED
COHORT_3169,PUNJAB_DC_01,CRL_A,CRIMINAL_APPEAL,2022,Filing / Registration,1,7,7,7,SYNTHETIC_AUGMENTED
COHORT_3170,PUNJAB_DC_01,CRL_A,CRIMINAL_APPEAL,2022,Final Arguments / Judgment,1,48,48,48,SYNTHETIC_AUGMENTED
COHORT_3171,PUNJAB_DC_01,CRL_A,CRIMINAL_APPEAL,2022,Pleadings / Issues,1,309,309,309,SYNTHETIC_AUGMENTED
COHORT_3172,PUNJAB_DC_01,CRL_A,CRIMINAL_APPEAL,2022,Summons / Appearance,1,217,217,217,SYNTHETIC_AUGMENTED
COHORT_3173,PUNJAB_DC_01,CRL_A,CRIMINAL_APPEAL,2024,Evidence / Argument,2,140.0,124,124,SYNTHETIC_AUGMENTED
COHORT_3174,PUNJAB_DC_01,CS,CPC_GENERAL,2018,Evidence / Argument,1,139,139,139,SYNTHETIC_AUGMENTED
COHORT_3175,PUNJAB_DC_01,CS,CPC_GENERAL,2020,Summons / Appearance,2,89.5,82,82,SYNTHETIC_AUGMENTED
COHORT_3176,PUNJAB_DC_01,CS,CPC_GENERAL,2022,Evidence / Argument,2,171.0,129,129,SYNTHETIC_AUGMENTED
COHORT_3177,PUNJAB_DC_01,CS,CPC_GENERAL,2022,Filing / Registration,1,6,6,6,SYNTHETIC_AUGMENTED
COHORT_3178,PUNJAB_DC_01,CS,CPC_GENERAL,2022,Pleadings / Issues,3,147,147,147,SYNTHETIC_AUGMENTED
COHORT_3179,PUNJAB_DC_01,CS,CPC_GENERAL,2022,Summons / Appearance,1,414,414,414,SYNTHETIC_AUGMENTED
COHORT_3180,PUNJAB_DC_01,CS,CPC_GENERAL,2024,Evidence / Argument,2,236.5,134,134,SYNTHETIC_AUGMENTED
COHORT_3181,PUNJAB_DC_01,CS,CPC_GENERAL,2024,Filing / Registration,1,12,12,12,SYNTHETIC_AUGMENTED
COHORT_3182,PUNJAB_DC_01,CS,CPC_GENERAL,2024,Final Arguments / Judgment,1,44,44,44,SYNTHETIC_AUGMENTED
COHORT_3183,PUNJAB_DC_01,CS,CPC_GENERAL,2024,Pleadings / Issues,4,124.0,140,140,SYNTHETIC_AUGMENTED
COHORT_3184,PUNJAB_DC_01,CS,CPC_GENERAL,2024,Summons / Appearance,2,211.0,56,56,SYNTHETIC_AUGMENTED
COHORT_3185,PUNJAB_DC_01,MACA,MOTOR_ACCIDENT,2020,Evidence / Argument,1,147,147,147,SYNTHETIC_AUGMENTED
COHORT_3186,PUNJAB_DC_01,MACA,MOTOR_ACCIDENT,2022,Evidence / Argument,1,329,329,329,SYNTHETIC_AUGMENTED
COHORT_3187,PUNJAB_DC_01,MACA,MOTOR_ACCIDENT,2022,Pleadings / Issues,1,64,64,64,SYNTHETIC_AUGMENTED
COHORT_3188,PUNJAB_DC_01,WP_C,WRIT_GENERAL,2020,Filing / Registration,1,12,12,12,SYNTHETIC_AUGMENTED
COHORT_3189,PUNJAB_DC_01,WP_C,WRIT_GENERAL,2022,Evidence / Argument,1,243,243,243,SYNTHETIC_AUGMENTED
COHORT_3190,PUNJAB_DC_01,WP_C,WRIT_GENERAL,2022,Summons / Appearance,3,85,85,85,SYNTHETIC_AUGMENTED
COHORT_3191,PUNJAB_DC_01,WP_C,WRIT_GENERAL,2024,Evidence / Argument,1,435,435,435,SYNTHETIC_AUGMENTED
COHORT_3192,PUNJAB_DC_01,WP_C,WRIT_GENERAL,2024,Pleadings / Issues,2,209.0,120,120,SYNTHETIC_AUGMENTED
COHORT_3193,PUNJAB_DC_01,WP_C,WRIT_GENERAL,2024,Summons / Appearance,2,52.5,50,50,SYNTHETIC_AUGMENTED
COHORT_3194,PUNJAB_DC_02,BA,BAIL_GENERAL,2018,Evidence / Argument,1,162,162,162,SYNTHETIC_AUGMENTED
COHORT_3195,PUNJAB_DC_02,BA,BAIL_GENERAL,2020,Final Arguments / Judgment,1,71,71,71,SYNTHETIC_AUGMENTED
COHORT_3196,PUNJAB_DC_02,BA,BAIL_GENERAL,2020,Summons / Appearance,1,66,66,66,SYNTHETIC_AUGMENTED
COHORT_3197,PUNJAB_DC_02,BA,BAIL_GENERAL,2022,Evidence / Argument,2,97.5,90,90,SYNTHETIC_AUGMENTED
COHORT_3198,PUNJAB_DC_02,BA,BAIL_GENERAL,2022,Filing / Registration,1,23,23,23,SYNTHETIC_AUGMENTED
COHORT_3199,PUNJAB_DC_02,BA,BAIL_GENERAL,2022,Final Arguments / Judgment,1,79,79,79,SYNTHETIC_AUGMENTED
COHORT_3200,PUNJAB_DC_02,BA,BAIL_GENERAL,2022,Pleadings / Issues,2,105.0,92,92,SYNTHETIC_AUGMENTED
COHORT_3201,PUNJAB_DC_02,BA,BAIL_GENERAL,2022,Summons / Appearance,1,174,174,174,SYNTHETIC_AUGMENTED
COHORT_3202,PUNJAB_DC_02,BA,BAIL_GENERAL,2024,Evidence / Argument,1,287,287,287,SYNTHETIC_AUGMENTED
COHORT_3203,PUNJAB_DC_02,BA,BAIL_GENERAL,2024,Summons / Appearance,3,241,241,241,SYNTHETIC_AUGMENTED
COHORT_3204,PUNJAB_DC_02,CRL_A,CRIMINAL_APPEAL,2020,Evidence / Argument,3,182,182,182,SYNTHETIC_AUGMENTED
COHORT_3205,PUNJAB_DC_02,CRL_A,CRIMINAL_APPEAL,2020,Summons / Appearance,2,68.5,62,62,SYNTHETIC_AUGMENTED
COHORT_3206,PUNJAB_DC_02,CRL_A,CRIMINAL_APPEAL,2022,Evidence / Argument,3,331,331,331,SYNTHETIC_AUGMENTED
COHORT_3207,PUNJAB_DC_02,CRL_A,CRIMINAL_APPEAL,2022,Filing / Registration,1,13,13,13,SYNTHETIC_AUGMENTED
COHORT_3208,PUNJAB_DC_02,CRL_A,CRIMINAL_APPEAL,2022,Final Arguments / Judgment,1,167,167,167,SYNTHETIC_AUGMENTED
COHORT_3209,PUNJAB_DC_02,CRL_A,CRIMINAL_APPEAL,2022,Pleadings / Issues,2,87.0,60,60,SYNTHETIC_AUGMENTED
COHORT_3210,PUNJAB_DC_02,CRL_A,CRIMINAL_APPEAL,2022,Summons / Appearance,4,208.0,213,213,SYNTHETIC_AUGMENTED
COHORT_3211,PUNJAB_DC_02,CRL_A,CRIMINAL_APPEAL,2024,Evidence / Argument,1,435,435,435,SYNTHETIC_AUGMENTED
COHORT_3212,PUNJAB_DC_02,CRL_A,CRIMINAL_APPEAL,2024,Pleadings / Issues,1,123,123,123,SYNTHETIC_AUGMENTED
COHORT_3213,PUNJAB_DC_02,CRL_A,CRIMINAL_APPEAL,2024,Summons / Appearance,1,284,284,284,SYNTHETIC_AUGMENTED
COHORT_3214,PUNJAB_DC_02,CS,CPC_GENERAL,2020,Evidence / Argument,1,184,184,184,SYNTHETIC_AUGMENTED
COHORT_3215,PUNJAB_DC_02,CS,CPC_GENERAL,2020,Pleadings / Issues,2,87.0,76,76,SYNTHETIC_AUGMENTED
COHORT_3216,PUNJAB_DC_02,CS,CPC_GENERAL,2020,Summons / Appearance,1,46,46,46,SYNTHETIC_AUGMENTED
COHORT_3217,PUNJAB_DC_02,CS,CPC_GENERAL,2022,Evidence / Argument,3,256,256,256,SYNTHETIC_AUGMENTED
COHORT_3218,PUNJAB_DC_02,CS,CPC_GENERAL,2022,Filing / Registration,1,28,28,28,SYNTHETIC_AUGMENTED
COHORT_3219,PUNJAB_DC_02,CS,CPC_GENERAL,2022,Summons / Appearance,4,48.0,50,50,SYNTHETIC_AUGMENTED
COHORT_3220,PUNJAB_DC_02,CS,CPC_GENERAL,2024,Evidence / Argument,2,187.0,98,98,SYNTHETIC_AUGMENTED
COHORT_3221,PUNJAB_DC_02,CS,CPC_GENERAL,2024,Filing / Registration,1,16,16,16,SYNTHETIC_AUGMENTED
COHORT_3222,PUNJAB_DC_02,CS,CPC_GENERAL,2024,Summons / Appearance,1,65,65,65,SYNTHETIC_AUGMENTED
COHORT_3223,PUNJAB_DC_02,MACA,MOTOR_ACCIDENT,2020,Evidence / Argument,2,176.5,100,100,SYNTHETIC_AUGMENTED
COHORT_3224,PUNJAB_DC_02,MACA,MOTOR_ACCIDENT,2022,Filing / Registration,1,6,6,6,SYNTHETIC_AUGMENTED
COHORT_3225,PUNJAB_DC_02,MACA,MOTOR_ACCIDENT,2022,Final Arguments / Judgment,1,32,32,32,SYNTHETIC_AUGMENTED
COHORT_3226,PUNJAB_DC_02,MACA,MOTOR_ACCIDENT,2022,Pleadings / Issues,1,83,83,83,SYNTHETIC_AUGMENTED
COHORT_3227,PUNJAB_DC_02,MACA,MOTOR_ACCIDENT,2022,Summons / Appearance,1,329,329,329,SYNTHETIC_AUGMENTED
COHORT_3228,PUNJAB_DC_02,WP_C,WRIT_GENERAL,2018,Summons / Appearance,1,73,73,73,SYNTHETIC_AUGMENTED
COHORT_3229,PUNJAB_DC_02,WP_C,WRIT_GENERAL,2020,Final Arguments / Judgment,1,86,86,86,SYNTHETIC_AUGMENTED
COHORT_3230,PUNJAB_DC_02,WP_C,WRIT_GENERAL,2020,Pleadings / Issues,1,196,196,196,SYNTHETIC_AUGMENTED
COHORT_3231,PUNJAB_DC_02,WP_C,WRIT_GENERAL,2022,Final Arguments / Judgment,1,45,45,45,SYNTHETIC_AUGMENTED
COHORT_3232,PUNJAB_DC_02,WP_C,WRIT_GENERAL,2022,Pleadings / Issues,1,154,154,154,SYNTHETIC_AUGMENTED
COHORT_3233,PUNJAB_DC_02,WP_C,WRIT_GENERAL,2022,Summons / Appearance,1,68,68,68,SYNTHETIC_AUGMENTED
COHORT_3234,PUNJAB_DC_02,WP_C,WRIT_GENERAL,2024,Evidence / Argument,1,93,93,93,SYNTHETIC_AUGMENTED
COHORT_3235,PUNJAB_DC_02,WP_C,WRIT_GENERAL,2024,Summons / Appearance,2,185.0,173,173,SYNTHETIC_AUGMENTED
COHORT_3236,PUNJAB_DC_03,BA,BAIL_GENERAL,2018,Evidence / Argument,1,140,140,140,SYNTHETIC_AUGMENTED
COHORT_3237,PUNJAB_DC_03,BA,BAIL_GENERAL,2020,Evidence / Argument,1,231,231,231,SYNTHETIC_AUGMENTED
COHORT_3238,PUNJAB_DC_03,BA,BAIL_GENERAL,2020,Filing / Registration,1,19,19,19,SYNTHETIC_AUGMENTED
COHORT_3239,PUNJAB_DC_03,BA,BAIL_GENERAL,2020,Final Arguments / Judgment,1,222,222,222,SYNTHETIC_AUGMENTED
COHORT_3240,PUNJAB_DC_03,BA,BAIL_GENERAL,2020,Pleadings / Issues,1,242,242,242,SYNTHETIC_AUGMENTED
COHORT_3241,PUNJAB_DC_03,BA,BAIL_GENERAL,2022,Evidence / Argument,2,108.0,56,56,SYNTHETIC_AUGMENTED
COHORT_3242,PUNJAB_DC_03,BA,BAIL_GENERAL,2022,Filing / Registration,4,16.0,16,16,SYNTHETIC_AUGMENTED
COHORT_3243,PUNJAB_DC_03,BA,BAIL_GENERAL,2022,Final Arguments / Judgment,2,132.5,108,108,SYNTHETIC_AUGMENTED
COHORT_3244,PUNJAB_DC_03,BA,BAIL_GENERAL,2022,Pleadings / Issues,4,97.0,100,100,SYNTHETIC_AUGMENTED
COHORT_3245,PUNJAB_DC_03,BA,BAIL_GENERAL,2022,Summons / Appearance,2,201.5,107,107,SYNTHETIC_AUGMENTED
COHORT_3246,PUNJAB_DC_03,BA,BAIL_GENERAL,2024,Evidence / Argument,2,251.0,76,76,SYNTHETIC_AUGMENTED
COHORT_3247,PUNJAB_DC_03,BA,BAIL_GENERAL,2024,Final Arguments / Judgment,1,69,69,69,SYNTHETIC_AUGMENTED
COHORT_3248,PUNJAB_DC_03,CRL_A,CRIMINAL_APPEAL,2020,Filing / Registration,1,17,17,17,SYNTHETIC_AUGMENTED
COHORT_3249,PUNJAB_DC_03,CRL_A,CRIMINAL_APPEAL,2020,Final Arguments / Judgment,1,148,148,148,SYNTHETIC_AUGMENTED
COHORT_3250,PUNJAB_DC_03,CRL_A,CRIMINAL_APPEAL,2020,Pleadings / Issues,3,92,92,92,SYNTHETIC_AUGMENTED
COHORT_3251,PUNJAB_DC_03,CRL_A,CRIMINAL_APPEAL,2022,Evidence / Argument,1,126,126,126,SYNTHETIC_AUGMENTED
COHORT_3252,PUNJAB_DC_03,CRL_A,CRIMINAL_APPEAL,2022,Filing / Registration,1,33,33,33,SYNTHETIC_AUGMENTED
COHORT_3253,PUNJAB_DC_03,CRL_A,CRIMINAL_APPEAL,2022,Summons / Appearance,1,199,199,199,SYNTHETIC_AUGMENTED
COHORT_3254,PUNJAB_DC_03,CRL_A,CRIMINAL_APPEAL,2024,Evidence / Argument,1,133,133,133,SYNTHETIC_AUGMENTED
COHORT_3255,PUNJAB_DC_03,CRL_A,CRIMINAL_APPEAL,2024,Pleadings / Issues,1,155,155,155,SYNTHETIC_AUGMENTED
COHORT_3256,PUNJAB_DC_03,CS,CPC_GENERAL,2018,Evidence / Argument,1,68,68,68,SYNTHETIC_AUGMENTED
COHORT_3257,PUNJAB_DC_03,CS,CPC_GENERAL,2018,Summons / Appearance,1,262,262,262,SYNTHETIC_AUGMENTED
COHORT_3258,PUNJAB_DC_03,CS,CPC_GENERAL,2020,Evidence / Argument,1,99,99,99,SYNTHETIC_AUGMENTED
COHORT_3259,PUNJAB_DC_03,CS,CPC_GENERAL,2022,Pleadings / Issues,2,212.0,113,113,SYNTHETIC_AUGMENTED
COHORT_3260,PUNJAB_DC_03,CS,CPC_GENERAL,2022,Summons / Appearance,3,89,89,89,SYNTHETIC_AUGMENTED
COHORT_3261,PUNJAB_DC_03,CS,CPC_GENERAL,2024,Evidence / Argument,2,253.0,137,137,SYNTHETIC_AUGMENTED
COHORT_3262,PUNJAB_DC_03,CS,CPC_GENERAL,2024,Pleadings / Issues,1,83,83,83,SYNTHETIC_AUGMENTED
COHORT_3263,PUNJAB_DC_03,MACA,MOTOR_ACCIDENT,2020,Summons / Appearance,1,197,197,197,SYNTHETIC_AUGMENTED
COHORT_3264,PUNJAB_DC_03,MACA,MOTOR_ACCIDENT,2022,Evidence / Argument,1,171,171,171,SYNTHETIC_AUGMENTED
COHORT_3265,PUNJAB_DC_03,MACA,MOTOR_ACCIDENT,2022,Filing / Registration,1,13,13,13,SYNTHETIC_AUGMENTED
COHORT_3266,PUNJAB_DC_03,MACA,MOTOR_ACCIDENT,2022,Pleadings / Issues,2,88.0,85,85,SYNTHETIC_AUGMENTED
COHORT_3267,PUNJAB_DC_03,MACA,MOTOR_ACCIDENT,2024,Evidence / Argument,1,292,292,292,SYNTHETIC_AUGMENTED
COHORT_3268,PUNJAB_DC_03,WP_C,WRIT_GENERAL,2018,Evidence / Argument,1,47,47,47,SYNTHETIC_AUGMENTED
COHORT_3269,PUNJAB_DC_03,WP_C,WRIT_GENERAL,2020,Evidence / Argument,1,404,404,404,SYNTHETIC_AUGMENTED
COHORT_3270,PUNJAB_DC_03,WP_C,WRIT_GENERAL,2020,Filing / Registration,1,5,5,5,SYNTHETIC_AUGMENTED
COHORT_3271,PUNJAB_DC_03,WP_C,WRIT_GENERAL,2020,Pleadings / Issues,1,75,75,75,SYNTHETIC_AUGMENTED
COHORT_3272,PUNJAB_DC_03,WP_C,WRIT_GENERAL,2022,Evidence / Argument,2,200.0,123,123,SYNTHETIC_AUGMENTED
COHORT_3273,PUNJAB_DC_03,WP_C,WRIT_GENERAL,2022,Final Arguments / Judgment,2,106.5,63,63,SYNTHETIC_AUGMENTED
COHORT_3274,PUNJAB_DC_03,WP_C,WRIT_GENERAL,2022,Pleadings / Issues,1,284,284,284,SYNTHETIC_AUGMENTED
COHORT_3275,PUNJAB_DC_03,WP_C,WRIT_GENERAL,2024,Pleadings / Issues,1,130,130,130,SYNTHETIC_AUGMENTED
COHORT_3276,PUNJAB_DC_03,WP_C,WRIT_GENERAL,2024,Summons / Appearance,1,114,114,114,SYNTHETIC_AUGMENTED
COHORT_3277,PUNJAB_DC_04,BA,BAIL_GENERAL,2020,Evidence / Argument,1,438,438,438,SYNTHETIC_AUGMENTED
COHORT_3278,PUNJAB_DC_04,BA,BAIL_GENERAL,2020,Pleadings / Issues,1,117,117,117,SYNTHETIC_AUGMENTED
COHORT_3279,PUNJAB_DC_04,BA,BAIL_GENERAL,2022,Final Arguments / Judgment,1,81,81,81,SYNTHETIC_AUGMENTED
COHORT_3280,PUNJAB_DC_04,BA,BAIL_GENERAL,2022,Pleadings / Issues,1,168,168,168,SYNTHETIC_AUGMENTED
COHORT_3281,PUNJAB_DC_04,BA,BAIL_GENERAL,2022,Summons / Appearance,3,64,64,64,SYNTHETIC_AUGMENTED
COHORT_3282,PUNJAB_DC_04,BA,BAIL_GENERAL,2024,Evidence / Argument,1,97,97,97,SYNTHETIC_AUGMENTED
COHORT_3283,PUNJAB_DC_04,BA,BAIL_GENERAL,2024,Filing / Registration,1,33,33,33,SYNTHETIC_AUGMENTED
COHORT_3284,PUNJAB_DC_04,BA,BAIL_GENERAL,2024,Summons / Appearance,1,67,67,67,SYNTHETIC_AUGMENTED
COHORT_3285,PUNJAB_DC_04,CRL_A,CRIMINAL_APPEAL,2020,Evidence / Argument,1,203,203,203,SYNTHETIC_AUGMENTED
COHORT_3286,PUNJAB_DC_04,CRL_A,CRIMINAL_APPEAL,2020,Final Arguments / Judgment,1,93,93,93,SYNTHETIC_AUGMENTED
COHORT_3287,PUNJAB_DC_04,CRL_A,CRIMINAL_APPEAL,2020,Pleadings / Issues,2,244.0,188,188,SYNTHETIC_AUGMENTED
COHORT_3288,PUNJAB_DC_04,CRL_A,CRIMINAL_APPEAL,2020,Summons / Appearance,4,68.0,84,84,SYNTHETIC_AUGMENTED
COHORT_3289,PUNJAB_DC_04,CRL_A,CRIMINAL_APPEAL,2022,Filing / Registration,2,23.0,17,17,SYNTHETIC_AUGMENTED
COHORT_3290,PUNJAB_DC_04,CRL_A,CRIMINAL_APPEAL,2022,Pleadings / Issues,2,173.0,118,118,SYNTHETIC_AUGMENTED
COHORT_3291,PUNJAB_DC_04,CRL_A,CRIMINAL_APPEAL,2022,Summons / Appearance,2,224.5,60,60,SYNTHETIC_AUGMENTED
COHORT_3292,PUNJAB_DC_04,CRL_A,CRIMINAL_APPEAL,2024,Final Arguments / Judgment,1,102,102,102,SYNTHETIC_AUGMENTED
COHORT_3293,PUNJAB_DC_04,CRL_A,CRIMINAL_APPEAL,2024,Summons / Appearance,2,259.5,201,201,SYNTHETIC_AUGMENTED
COHORT_3294,PUNJAB_DC_04,CS,CPC_GENERAL,2018,Evidence / Argument,1,170,170,170,SYNTHETIC_AUGMENTED
COHORT_3295,PUNJAB_DC_04,CS,CPC_GENERAL,2018,Filing / Registration,1,8,8,8,SYNTHETIC_AUGMENTED
COHORT_3296,PUNJAB_DC_04,CS,CPC_GENERAL,2018,Pleadings / Issues,2,104.5,73,73,SYNTHETIC_AUGMENTED
COHORT_3297,PUNJAB_DC_04,CS,CPC_GENERAL,2018,Summons / Appearance,2,99.5,64,64,SYNTHETIC_AUGMENTED
COHORT_3298,PUNJAB_DC_04,CS,CPC_GENERAL,2020,Evidence / Argument,1,123,123,123,SYNTHETIC_AUGMENTED
COHORT_3299,PUNJAB_DC_04,CS,CPC_GENERAL,2020,Filing / Registration,2,17.0,16,16,SYNTHETIC_AUGMENTED
COHORT_3300,PUNJAB_DC_04,CS,CPC_GENERAL,2020,Summons / Appearance,2,128.5,30,30,SYNTHETIC_AUGMENTED
COHORT_3301,PUNJAB_DC_04,CS,CPC_GENERAL,2022,Evidence / Argument,3,223,223,223,SYNTHETIC_AUGMENTED
COHORT_3302,PUNJAB_DC_04,CS,CPC_GENERAL,2022,Filing / Registration,2,20.0,11,11,SYNTHETIC_AUGMENTED
COHORT_3303,PUNJAB_DC_04,CS,CPC_GENERAL,2022,Final Arguments / Judgment,1,29,29,29,SYNTHETIC_AUGMENTED
COHORT_3304,PUNJAB_DC_04,CS,CPC_GENERAL,2022,Summons / Appearance,3,52,52,52,SYNTHETIC_AUGMENTED
COHORT_3305,PUNJAB_DC_04,CS,CPC_GENERAL,2024,Evidence / Argument,1,311,311,311,SYNTHETIC_AUGMENTED
COHORT_3306,PUNJAB_DC_04,CS,CPC_GENERAL,2024,Pleadings / Issues,1,114,114,114,SYNTHETIC_AUGMENTED
COHORT_3307,PUNJAB_DC_04,CS,CPC_GENERAL,2024,Summons / Appearance,2,75.5,46,46,SYNTHETIC_AUGMENTED
COHORT_3308,PUNJAB_DC_04,MACA,MOTOR_ACCIDENT,2022,Pleadings / Issues,1,88,88,88,SYNTHETIC_AUGMENTED
COHORT_3309,PUNJAB_DC_04,WP_C,WRIT_GENERAL,2020,Summons / Appearance,2,183.5,79,79,SYNTHETIC_AUGMENTED
COHORT_3310,PUNJAB_DC_04,WP_C,WRIT_GENERAL,2022,Summons / Appearance,1,287,287,287,SYNTHETIC_AUGMENTED
COHORT_3311,PUNJAB_DC_04,WP_C,WRIT_GENERAL,2024,Evidence / Argument,1,164,164,164,SYNTHETIC_AUGMENTED
COHORT_3312,PUNJAB_DC_05,BA,BAIL_GENERAL,2018,Summons / Appearance,3,53,53,53,SYNTHETIC_AUGMENTED
COHORT_3313,PUNJAB_DC_05,BA,BAIL_GENERAL,2020,Evidence / Argument,1,157,157,157,SYNTHETIC_AUGMENTED
COHORT_3314,PUNJAB_DC_05,BA,BAIL_GENERAL,2020,Pleadings / Issues,1,312,312,312,SYNTHETIC_AUGMENTED
COHORT_3315,PUNJAB_DC_05,BA,BAIL_GENERAL,2020,Summons / Appearance,1,42,42,42,SYNTHETIC_AUGMENTED
COHORT_3316,PUNJAB_DC_05,BA,BAIL_GENERAL,2022,Evidence / Argument,1,337,337,337,SYNTHETIC_AUGMENTED
COHORT_3317,PUNJAB_DC_05,BA,BAIL_GENERAL,2022,Pleadings / Issues,2,265.5,208,208,SYNTHETIC_AUGMENTED
COHORT_3318,PUNJAB_DC_05,BA,BAIL_GENERAL,2022,Summons / Appearance,1,403,403,403,SYNTHETIC_AUGMENTED
COHORT_3319,PUNJAB_DC_05,BA,BAIL_GENERAL,2024,Pleadings / Issues,3,170,170,170,SYNTHETIC_AUGMENTED
COHORT_3320,PUNJAB_DC_05,BA,BAIL_GENERAL,2024,Summons / Appearance,1,124,124,124,SYNTHETIC_AUGMENTED
COHORT_3321,PUNJAB_DC_05,CRL_A,CRIMINAL_APPEAL,2018,Final Arguments / Judgment,1,65,65,65,SYNTHETIC_AUGMENTED
COHORT_3322,PUNJAB_DC_05,CRL_A,CRIMINAL_APPEAL,2018,Summons / Appearance,1,316,316,316,SYNTHETIC_AUGMENTED
COHORT_3323,PUNJAB_DC_05,CRL_A,CRIMINAL_APPEAL,2020,Pleadings / Issues,1,195,195,195,SYNTHETIC_AUGMENTED
COHORT_3324,PUNJAB_DC_05,CRL_A,CRIMINAL_APPEAL,2022,Evidence / Argument,1,242,242,242,SYNTHETIC_AUGMENTED
COHORT_3325,PUNJAB_DC_05,CRL_A,CRIMINAL_APPEAL,2022,Final Arguments / Judgment,1,45,45,45,SYNTHETIC_AUGMENTED
COHORT_3326,PUNJAB_DC_05,CRL_A,CRIMINAL_APPEAL,2022,Pleadings / Issues,3,102,102,102,SYNTHETIC_AUGMENTED
COHORT_3327,PUNJAB_DC_05,CRL_A,CRIMINAL_APPEAL,2022,Summons / Appearance,5,93,95,95,SYNTHETIC_AUGMENTED
COHORT_3328,PUNJAB_DC_05,CRL_A,CRIMINAL_APPEAL,2024,Evidence / Argument,1,100,100,100,SYNTHETIC_AUGMENTED
COHORT_3329,PUNJAB_DC_05,CRL_A,CRIMINAL_APPEAL,2024,Final Arguments / Judgment,1,106,106,106,SYNTHETIC_AUGMENTED
COHORT_3330,PUNJAB_DC_05,CRL_A,CRIMINAL_APPEAL,2024,Summons / Appearance,2,129.0,77,77,SYNTHETIC_AUGMENTED
COHORT_3331,PUNJAB_DC_05,CS,CPC_GENERAL,2018,Filing / Registration,1,38,38,38,SYNTHETIC_AUGMENTED
COHORT_3332,PUNJAB_DC_05,CS,CPC_GENERAL,2018,Summons / Appearance,1,371,371,371,SYNTHETIC_AUGMENTED
COHORT_3333,PUNJAB_DC_05,CS,CPC_GENERAL,2020,Final Arguments / Judgment,1,76,76,76,SYNTHETIC_AUGMENTED
COHORT_3334,PUNJAB_DC_05,CS,CPC_GENERAL,2020,Summons / Appearance,1,100,100,100,SYNTHETIC_AUGMENTED
COHORT_3335,PUNJAB_DC_05,CS,CPC_GENERAL,2022,Evidence / Argument,1,196,196,196,SYNTHETIC_AUGMENTED
COHORT_3336,PUNJAB_DC_05,CS,CPC_GENERAL,2022,Pleadings / Issues,2,91.0,83,83,SYNTHETIC_AUGMENTED
COHORT_3337,PUNJAB_DC_05,CS,CPC_GENERAL,2022,Summons / Appearance,2,188.5,137,137,SYNTHETIC_AUGMENTED
COHORT_3338,PUNJAB_DC_05,CS,CPC_GENERAL,2024,Final Arguments / Judgment,2,68.5,43,43,SYNTHETIC_AUGMENTED
COHORT_3339,PUNJAB_DC_05,CS,CPC_GENERAL,2024,Pleadings / Issues,1,74,74,74,SYNTHETIC_AUGMENTED
COHORT_3340,PUNJAB_DC_05,MACA,MOTOR_ACCIDENT,2020,Final Arguments / Judgment,1,56,56,56,SYNTHETIC_AUGMENTED
COHORT_3341,PUNJAB_DC_05,MACA,MOTOR_ACCIDENT,2020,Pleadings / Issues,1,258,258,258,SYNTHETIC_AUGMENTED
COHORT_3342,PUNJAB_DC_05,MACA,MOTOR_ACCIDENT,2020,Summons / Appearance,1,58,58,58,SYNTHETIC_AUGMENTED
COHORT_3343,PUNJAB_DC_05,MACA,MOTOR_ACCIDENT,2022,Evidence / Argument,1,255,255,255,SYNTHETIC_AUGMENTED
COHORT_3344,PUNJAB_DC_05,MACA,MOTOR_ACCIDENT,2022,Summons / Appearance,1,198,198,198,SYNTHETIC_AUGMENTED
COHORT_3345,PUNJAB_DC_05,MACA,MOTOR_ACCIDENT,2024,Pleadings / Issues,1,224,224,224,SYNTHETIC_AUGMENTED
COHORT_3346,PUNJAB_DC_05,WP_C,WRIT_GENERAL,2018,Summons / Appearance,1,131,131,131,SYNTHETIC_AUGMENTED
COHORT_3347,PUNJAB_DC_05,WP_C,WRIT_GENERAL,2020,Evidence / Argument,1,397,397,397,SYNTHETIC_AUGMENTED
COHORT_3348,PUNJAB_DC_05,WP_C,WRIT_GENERAL,2020,Filing / Registration,1,39,39,39,SYNTHETIC_AUGMENTED
COHORT_3349,PUNJAB_DC_05,WP_C,WRIT_GENERAL,2020,Final Arguments / Judgment,1,126,126,126,SYNTHETIC_AUGMENTED
COHORT_3350,PUNJAB_DC_05,WP_C,WRIT_GENERAL,2020,Pleadings / Issues,1,132,132,132,SYNTHETIC_AUGMENTED
COHORT_3351,PUNJAB_DC_05,WP_C,WRIT_GENERAL,2022,Evidence / Argument,1,338,338,338,SYNTHETIC_AUGMENTED
COHORT_3352,PUNJAB_DC_05,WP_C,WRIT_GENERAL,2022,Final Arguments / Judgment,1,71,71,71,SYNTHETIC_AUGMENTED
COHORT_3353,PUNJAB_DC_05,WP_C,WRIT_GENERAL,2022,Pleadings / Issues,1,104,104,104,SYNTHETIC_AUGMENTED
COHORT_3354,PUNJAB_DC_05,WP_C,WRIT_GENERAL,2024,Filing / Registration,2,16.0,15,15,SYNTHETIC_AUGMENTED
COHORT_3355,PUNJAB_DC_05,WP_C,WRIT_GENERAL,2024,Summons / Appearance,1,81,81,81,SYNTHETIC_AUGMENTED
COHORT_3356,RAJAST_DC_01,BA,BAIL_GENERAL,2018,Summons / Appearance,1,152,152,152,SYNTHETIC_AUGMENTED
COHORT_3357,RAJAST_DC_01,BA,BAIL_GENERAL,2020,Evidence / Argument,1,252,252,252,SYNTHETIC_AUGMENTED
COHORT_3358,RAJAST_DC_01,BA,BAIL_GENERAL,2020,Final Arguments / Judgment,1,41,41,41,SYNTHETIC_AUGMENTED
COHORT_3359,RAJAST_DC_01,BA,BAIL_GENERAL,2022,Evidence / Argument,2,139.0,104,104,SYNTHETIC_AUGMENTED
COHORT_3360,RAJAST_DC_01,BA,BAIL_GENERAL,2022,Filing / Registration,1,21,21,21,SYNTHETIC_AUGMENTED
COHORT_3361,RAJAST_DC_01,BA,BAIL_GENERAL,2022,Final Arguments / Judgment,1,53,53,53,SYNTHETIC_AUGMENTED
COHORT_3362,RAJAST_DC_01,BA,BAIL_GENERAL,2022,Pleadings / Issues,2,113.5,83,83,SYNTHETIC_AUGMENTED
COHORT_3363,RAJAST_DC_01,BA,BAIL_GENERAL,2022,Summons / Appearance,3,319,319,319,SYNTHETIC_AUGMENTED
COHORT_3364,RAJAST_DC_01,BA,BAIL_GENERAL,2024,Evidence / Argument,4,166.5,190,190,SYNTHETIC_AUGMENTED
COHORT_3365,RAJAST_DC_01,BA,BAIL_GENERAL,2024,Final Arguments / Judgment,1,51,51,51,SYNTHETIC_AUGMENTED
COHORT_3366,RAJAST_DC_01,BA,BAIL_GENERAL,2024,Summons / Appearance,2,330.0,283,283,SYNTHETIC_AUGMENTED
COHORT_3367,RAJAST_DC_01,CRL_A,CRIMINAL_APPEAL,2020,Pleadings / Issues,2,73.5,67,67,SYNTHETIC_AUGMENTED
COHORT_3368,RAJAST_DC_01,CRL_A,CRIMINAL_APPEAL,2020,Summons / Appearance,1,283,283,283,SYNTHETIC_AUGMENTED
COHORT_3369,RAJAST_DC_01,CRL_A,CRIMINAL_APPEAL,2022,Evidence / Argument,1,109,109,109,SYNTHETIC_AUGMENTED
COHORT_3370,RAJAST_DC_01,CRL_A,CRIMINAL_APPEAL,2022,Filing / Registration,1,6,6,6,SYNTHETIC_AUGMENTED
COHORT_3371,RAJAST_DC_01,CRL_A,CRIMINAL_APPEAL,2022,Pleadings / Issues,1,78,78,78,SYNTHETIC_AUGMENTED
COHORT_3372,RAJAST_DC_01,CRL_A,CRIMINAL_APPEAL,2022,Summons / Appearance,3,242,242,242,SYNTHETIC_AUGMENTED
COHORT_3373,RAJAST_DC_01,CRL_A,CRIMINAL_APPEAL,2024,Final Arguments / Judgment,1,62,62,62,SYNTHETIC_AUGMENTED
COHORT_3374,RAJAST_DC_01,CRL_A,CRIMINAL_APPEAL,2024,Pleadings / Issues,1,139,139,139,SYNTHETIC_AUGMENTED
COHORT_3375,RAJAST_DC_01,CS,CPC_GENERAL,2018,Filing / Registration,1,48,48,48,SYNTHETIC_AUGMENTED
COHORT_3376,RAJAST_DC_01,CS,CPC_GENERAL,2018,Summons / Appearance,1,162,162,162,SYNTHETIC_AUGMENTED
COHORT_3377,RAJAST_DC_01,CS,CPC_GENERAL,2020,Evidence / Argument,1,205,205,205,SYNTHETIC_AUGMENTED
COHORT_3378,RAJAST_DC_01,CS,CPC_GENERAL,2020,Final Arguments / Judgment,2,67.5,61,61,SYNTHETIC_AUGMENTED
COHORT_3379,RAJAST_DC_01,CS,CPC_GENERAL,2020,Pleadings / Issues,2,117.0,79,79,SYNTHETIC_AUGMENTED
COHORT_3380,RAJAST_DC_01,CS,CPC_GENERAL,2022,Evidence / Argument,1,356,356,356,SYNTHETIC_AUGMENTED
COHORT_3381,RAJAST_DC_01,CS,CPC_GENERAL,2022,Filing / Registration,1,5,5,5,SYNTHETIC_AUGMENTED
COHORT_3382,RAJAST_DC_01,CS,CPC_GENERAL,2022,Final Arguments / Judgment,1,63,63,63,SYNTHETIC_AUGMENTED
COHORT_3383,RAJAST_DC_01,CS,CPC_GENERAL,2022,Pleadings / Issues,1,130,130,130,SYNTHETIC_AUGMENTED
COHORT_3384,RAJAST_DC_01,CS,CPC_GENERAL,2022,Summons / Appearance,5,141,159,159,SYNTHETIC_AUGMENTED
COHORT_3385,RAJAST_DC_01,CS,CPC_GENERAL,2024,Filing / Registration,1,18,18,18,SYNTHETIC_AUGMENTED
COHORT_3386,RAJAST_DC_01,MACA,MOTOR_ACCIDENT,2020,Final Arguments / Judgment,1,60,60,60,SYNTHETIC_AUGMENTED
COHORT_3387,RAJAST_DC_01,WP_C,WRIT_GENERAL,2018,Pleadings / Issues,1,58,58,58,SYNTHETIC_AUGMENTED
COHORT_3388,RAJAST_DC_01,WP_C,WRIT_GENERAL,2020,Final Arguments / Judgment,1,84,84,84,SYNTHETIC_AUGMENTED
COHORT_3389,RAJAST_DC_01,WP_C,WRIT_GENERAL,2022,Evidence / Argument,1,212,212,212,SYNTHETIC_AUGMENTED
COHORT_3390,RAJAST_DC_01,WP_C,WRIT_GENERAL,2022,Final Arguments / Judgment,1,39,39,39,SYNTHETIC_AUGMENTED
COHORT_3391,RAJAST_DC_01,WP_C,WRIT_GENERAL,2022,Summons / Appearance,3,69,69,69,SYNTHETIC_AUGMENTED
COHORT_3392,RAJAST_DC_01,WP_C,WRIT_GENERAL,2024,Pleadings / Issues,2,110.0,53,53,SYNTHETIC_AUGMENTED
COHORT_3393,RAJAST_DC_01,WP_C,WRIT_GENERAL,2024,Summons / Appearance,3,166,166,166,SYNTHETIC_AUGMENTED
COHORT_3394,RAJAST_DC_02,BA,BAIL_GENERAL,2018,Evidence / Argument,1,172,172,172,SYNTHETIC_AUGMENTED
COHORT_3395,RAJAST_DC_02,BA,BAIL_GENERAL,2018,Filing / Registration,1,10,10,10,SYNTHETIC_AUGMENTED
COHORT_3396,RAJAST_DC_02,BA,BAIL_GENERAL,2020,Evidence / Argument,1,88,88,88,SYNTHETIC_AUGMENTED
COHORT_3397,RAJAST_DC_02,BA,BAIL_GENERAL,2020,Summons / Appearance,2,109.5,50,50,SYNTHETIC_AUGMENTED
COHORT_3398,RAJAST_DC_02,BA,BAIL_GENERAL,2022,Evidence / Argument,1,215,215,215,SYNTHETIC_AUGMENTED
COHORT_3399,RAJAST_DC_02,BA,BAIL_GENERAL,2022,Final Arguments / Judgment,1,53,53,53,SYNTHETIC_AUGMENTED
COHORT_3400,RAJAST_DC_02,BA,BAIL_GENERAL,2022,Summons / Appearance,4,208.5,218,218,SYNTHETIC_AUGMENTED
COHORT_3401,RAJAST_DC_02,BA,BAIL_GENERAL,2024,Evidence / Argument,1,258,258,258,SYNTHETIC_AUGMENTED
COHORT_3402,RAJAST_DC_02,BA,BAIL_GENERAL,2024,Filing / Registration,1,17,17,17,SYNTHETIC_AUGMENTED
COHORT_3403,RAJAST_DC_02,BA,BAIL_GENERAL,2024,Final Arguments / Judgment,1,42,42,42,SYNTHETIC_AUGMENTED
COHORT_3404,RAJAST_DC_02,BA,BAIL_GENERAL,2024,Summons / Appearance,1,186,186,186,SYNTHETIC_AUGMENTED
COHORT_3405,RAJAST_DC_02,CRL_A,CRIMINAL_APPEAL,2018,Pleadings / Issues,1,128,128,128,SYNTHETIC_AUGMENTED
COHORT_3406,RAJAST_DC_02,CRL_A,CRIMINAL_APPEAL,2020,Summons / Appearance,1,223,223,223,SYNTHETIC_AUGMENTED
COHORT_3407,RAJAST_DC_02,CRL_A,CRIMINAL_APPEAL,2022,Filing / Registration,1,30,30,30,SYNTHETIC_AUGMENTED
COHORT_3408,RAJAST_DC_02,CRL_A,CRIMINAL_APPEAL,2022,Final Arguments / Judgment,1,77,77,77,SYNTHETIC_AUGMENTED
COHORT_3409,RAJAST_DC_02,CRL_A,CRIMINAL_APPEAL,2022,Pleadings / Issues,1,323,323,323,SYNTHETIC_AUGMENTED
COHORT_3410,RAJAST_DC_02,CRL_A,CRIMINAL_APPEAL,2022,Summons / Appearance,5,38,41,41,SYNTHETIC_AUGMENTED
COHORT_3411,RAJAST_DC_02,CRL_A,CRIMINAL_APPEAL,2024,Pleadings / Issues,1,142,142,142,SYNTHETIC_AUGMENTED
COHORT_3412,RAJAST_DC_02,CRL_A,CRIMINAL_APPEAL,2024,Summons / Appearance,2,339.5,322,322,SYNTHETIC_AUGMENTED
COHORT_3413,RAJAST_DC_02,CS,CPC_GENERAL,2018,Evidence / Argument,2,111.0,96,96,SYNTHETIC_AUGMENTED
COHORT_3414,RAJAST_DC_02,CS,CPC_GENERAL,2020,Final Arguments / Judgment,1,75,75,75,SYNTHETIC_AUGMENTED
COHORT_3415,RAJAST_DC_02,CS,CPC_GENERAL,2020,Pleadings / Issues,1,17,17,17,SYNTHETIC_AUGMENTED
COHORT_3416,RAJAST_DC_02,CS,CPC_GENERAL,2020,Summons / Appearance,1,111,111,111,SYNTHETIC_AUGMENTED
COHORT_3417,RAJAST_DC_02,CS,CPC_GENERAL,2022,Filing / Registration,2,26.0,15,15,SYNTHETIC_AUGMENTED
COHORT_3418,RAJAST_DC_02,CS,CPC_GENERAL,2022,Final Arguments / Judgment,1,66,66,66,SYNTHETIC_AUGMENTED
COHORT_3419,RAJAST_DC_02,CS,CPC_GENERAL,2022,Pleadings / Issues,1,104,104,104,SYNTHETIC_AUGMENTED
COHORT_3420,RAJAST_DC_02,CS,CPC_GENERAL,2022,Summons / Appearance,3,141,141,141,SYNTHETIC_AUGMENTED
COHORT_3421,RAJAST_DC_02,CS,CPC_GENERAL,2024,Evidence / Argument,2,365.0,311,311,SYNTHETIC_AUGMENTED
COHORT_3422,RAJAST_DC_02,CS,CPC_GENERAL,2024,Pleadings / Issues,1,87,87,87,SYNTHETIC_AUGMENTED
COHORT_3423,RAJAST_DC_02,CS,CPC_GENERAL,2024,Summons / Appearance,1,216,216,216,SYNTHETIC_AUGMENTED
COHORT_3424,RAJAST_DC_02,MACA,MOTOR_ACCIDENT,2022,Evidence / Argument,1,160,160,160,SYNTHETIC_AUGMENTED
COHORT_3425,RAJAST_DC_02,MACA,MOTOR_ACCIDENT,2022,Pleadings / Issues,2,162.0,60,60,SYNTHETIC_AUGMENTED
COHORT_3426,RAJAST_DC_02,MACA,MOTOR_ACCIDENT,2024,Pleadings / Issues,1,111,111,111,SYNTHETIC_AUGMENTED
COHORT_3427,RAJAST_DC_02,MACA,MOTOR_ACCIDENT,2024,Summons / Appearance,2,42.5,33,33,SYNTHETIC_AUGMENTED
COHORT_3428,RAJAST_DC_02,WP_C,WRIT_GENERAL,2018,Final Arguments / Judgment,1,59,59,59,SYNTHETIC_AUGMENTED
COHORT_3429,RAJAST_DC_02,WP_C,WRIT_GENERAL,2020,Evidence / Argument,1,397,397,397,SYNTHETIC_AUGMENTED
COHORT_3430,RAJAST_DC_02,WP_C,WRIT_GENERAL,2020,Final Arguments / Judgment,1,37,37,37,SYNTHETIC_AUGMENTED
COHORT_3431,RAJAST_DC_02,WP_C,WRIT_GENERAL,2022,Summons / Appearance,3,146,146,146,SYNTHETIC_AUGMENTED
COHORT_3432,RAJAST_DC_02,WP_C,WRIT_GENERAL,2024,Summons / Appearance,2,186.0,54,54,SYNTHETIC_AUGMENTED
COHORT_3433,RAJAST_DC_03,BA,BAIL_GENERAL,2020,Summons / Appearance,1,255,255,255,SYNTHETIC_AUGMENTED
COHORT_3434,RAJAST_DC_03,BA,BAIL_GENERAL,2022,Evidence / Argument,1,428,428,428,SYNTHETIC_AUGMENTED
COHORT_3435,RAJAST_DC_03,BA,BAIL_GENERAL,2022,Pleadings / Issues,2,61.5,32,32,SYNTHETIC_AUGMENTED
COHORT_3436,RAJAST_DC_03,BA,BAIL_GENERAL,2022,Summons / Appearance,2,210.5,98,98,SYNTHETIC_AUGMENTED
COHORT_3437,RAJAST_DC_03,BA,BAIL_GENERAL,2024,Evidence / Argument,1,146,146,146,SYNTHETIC_AUGMENTED
COHORT_3438,RAJAST_DC_03,BA,BAIL_GENERAL,2024,Pleadings / Issues,1,127,127,127,SYNTHETIC_AUGMENTED
COHORT_3439,RAJAST_DC_03,CRL_A,CRIMINAL_APPEAL,2020,Pleadings / Issues,1,99,99,99,SYNTHETIC_AUGMENTED
COHORT_3440,RAJAST_DC_03,CRL_A,CRIMINAL_APPEAL,2020,Summons / Appearance,3,70,70,70,SYNTHETIC_AUGMENTED
COHORT_3441,RAJAST_DC_03,CRL_A,CRIMINAL_APPEAL,2022,Evidence / Argument,2,237.0,204,204,SYNTHETIC_AUGMENTED
COHORT_3442,RAJAST_DC_03,CRL_A,CRIMINAL_APPEAL,2022,Pleadings / Issues,2,195.0,174,174,SYNTHETIC_AUGMENTED
COHORT_3443,RAJAST_DC_03,CRL_A,CRIMINAL_APPEAL,2022,Summons / Appearance,2,60.5,59,59,SYNTHETIC_AUGMENTED
COHORT_3444,RAJAST_DC_03,CRL_A,CRIMINAL_APPEAL,2024,Final Arguments / Judgment,1,49,49,49,SYNTHETIC_AUGMENTED
COHORT_3445,RAJAST_DC_03,CS,CPC_GENERAL,2018,Evidence / Argument,1,76,76,76,SYNTHETIC_AUGMENTED
COHORT_3446,RAJAST_DC_03,CS,CPC_GENERAL,2018,Summons / Appearance,1,104,104,104,SYNTHETIC_AUGMENTED
COHORT_3447,RAJAST_DC_03,CS,CPC_GENERAL,2020,Evidence / Argument,2,177.5,123,123,SYNTHETIC_AUGMENTED
COHORT_3448,RAJAST_DC_03,CS,CPC_GENERAL,2020,Filing / Registration,1,5,5,5,SYNTHETIC_AUGMENTED
COHORT_3449,RAJAST_DC_03,CS,CPC_GENERAL,2020,Final Arguments / Judgment,1,37,37,37,SYNTHETIC_AUGMENTED
COHORT_3450,RAJAST_DC_03,CS,CPC_GENERAL,2020,Pleadings / Issues,2,233.0,192,192,SYNTHETIC_AUGMENTED
COHORT_3451,RAJAST_DC_03,CS,CPC_GENERAL,2020,Summons / Appearance,2,49.0,44,44,SYNTHETIC_AUGMENTED
COHORT_3452,RAJAST_DC_03,CS,CPC_GENERAL,2022,Evidence / Argument,2,109.0,52,52,SYNTHETIC_AUGMENTED
COHORT_3453,RAJAST_DC_03,CS,CPC_GENERAL,2022,Final Arguments / Judgment,1,59,59,59,SYNTHETIC_AUGMENTED
COHORT_3454,RAJAST_DC_03,CS,CPC_GENERAL,2022,Pleadings / Issues,1,186,186,186,SYNTHETIC_AUGMENTED
COHORT_3455,RAJAST_DC_03,CS,CPC_GENERAL,2022,Summons / Appearance,1,30,30,30,SYNTHETIC_AUGMENTED
COHORT_3456,RAJAST_DC_03,CS,CPC_GENERAL,2024,Evidence / Argument,1,110,110,110,SYNTHETIC_AUGMENTED
COHORT_3457,RAJAST_DC_03,CS,CPC_GENERAL,2024,Filing / Registration,1,14,14,14,SYNTHETIC_AUGMENTED
COHORT_3458,RAJAST_DC_03,CS,CPC_GENERAL,2024,Final Arguments / Judgment,2,55.0,30,30,SYNTHETIC_AUGMENTED
COHORT_3459,RAJAST_DC_03,CS,CPC_GENERAL,2024,Pleadings / Issues,2,40.0,27,27,SYNTHETIC_AUGMENTED
COHORT_3460,RAJAST_DC_03,MACA,MOTOR_ACCIDENT,2020,Pleadings / Issues,1,62,62,62,SYNTHETIC_AUGMENTED
COHORT_3461,RAJAST_DC_03,MACA,MOTOR_ACCIDENT,2020,Summons / Appearance,1,336,336,336,SYNTHETIC_AUGMENTED
COHORT_3462,RAJAST_DC_03,MACA,MOTOR_ACCIDENT,2024,Summons / Appearance,1,306,306,306,SYNTHETIC_AUGMENTED
COHORT_3463,RAJAST_DC_03,WP_C,WRIT_GENERAL,2018,Summons / Appearance,1,133,133,133,SYNTHETIC_AUGMENTED
COHORT_3464,RAJAST_DC_03,WP_C,WRIT_GENERAL,2020,Evidence / Argument,2,191.5,130,130,SYNTHETIC_AUGMENTED
COHORT_3465,RAJAST_DC_03,WP_C,WRIT_GENERAL,2020,Summons / Appearance,1,288,288,288,SYNTHETIC_AUGMENTED
COHORT_3466,RAJAST_DC_03,WP_C,WRIT_GENERAL,2022,Final Arguments / Judgment,1,44,44,44,SYNTHETIC_AUGMENTED
COHORT_3467,RAJAST_DC_03,WP_C,WRIT_GENERAL,2024,Pleadings / Issues,2,113.5,92,92,SYNTHETIC_AUGMENTED
COHORT_3468,RAJAST_DC_04,BA,BAIL_GENERAL,2018,Filing / Registration,1,9,9,9,SYNTHETIC_AUGMENTED
COHORT_3469,RAJAST_DC_04,BA,BAIL_GENERAL,2020,Final Arguments / Judgment,1,45,45,45,SYNTHETIC_AUGMENTED
COHORT_3470,RAJAST_DC_04,BA,BAIL_GENERAL,2020,Summons / Appearance,1,405,405,405,SYNTHETIC_AUGMENTED
COHORT_3471,RAJAST_DC_04,BA,BAIL_GENERAL,2022,Evidence / Argument,2,345.5,327,327,SYNTHETIC_AUGMENTED
COHORT_3472,RAJAST_DC_04,BA,BAIL_GENERAL,2022,Final Arguments / Judgment,1,83,83,83,SYNTHETIC_AUGMENTED
COHORT_3473,RAJAST_DC_04,BA,BAIL_GENERAL,2022,Pleadings / Issues,2,106.0,82,82,SYNTHETIC_AUGMENTED
COHORT_3474,RAJAST_DC_04,BA,BAIL_GENERAL,2022,Summons / Appearance,5,88,183,183,SYNTHETIC_AUGMENTED
COHORT_3475,RAJAST_DC_04,BA,BAIL_GENERAL,2024,Evidence / Argument,1,26,26,26,SYNTHETIC_AUGMENTED
COHORT_3476,RAJAST_DC_04,BA,BAIL_GENERAL,2024,Filing / Registration,1,12,12,12,SYNTHETIC_AUGMENTED
COHORT_3477,RAJAST_DC_04,BA,BAIL_GENERAL,2024,Summons / Appearance,1,159,159,159,SYNTHETIC_AUGMENTED
COHORT_3478,RAJAST_DC_04,CRL_A,CRIMINAL_APPEAL,2018,Pleadings / Issues,1,113,113,113,SYNTHETIC_AUGMENTED
COHORT_3479,RAJAST_DC_04,CRL_A,CRIMINAL_APPEAL,2018,Summons / Appearance,1,58,58,58,SYNTHETIC_AUGMENTED
COHORT_3480,RAJAST_DC_04,CRL_A,CRIMINAL_APPEAL,2022,Evidence / Argument,2,152.0,95,95,SYNTHETIC_AUGMENTED
COHORT_3481,RAJAST_DC_04,CRL_A,CRIMINAL_APPEAL,2022,Filing / Registration,1,12,12,12,SYNTHETIC_AUGMENTED
COHORT_3482,RAJAST_DC_04,CRL_A,CRIMINAL_APPEAL,2022,Summons / Appearance,2,224.5,169,169,SYNTHETIC_AUGMENTED
COHORT_3483,RAJAST_DC_04,CRL_A,CRIMINAL_APPEAL,2024,Evidence / Argument,1,158,158,158,SYNTHETIC_AUGMENTED
COHORT_3484,RAJAST_DC_04,CRL_A,CRIMINAL_APPEAL,2024,Pleadings / Issues,1,21,21,21,SYNTHETIC_AUGMENTED
COHORT_3485,RAJAST_DC_04,CRL_A,CRIMINAL_APPEAL,2024,Summons / Appearance,1,43,43,43,SYNTHETIC_AUGMENTED
COHORT_3486,RAJAST_DC_04,CS,CPC_GENERAL,2018,Evidence / Argument,1,118,118,118,SYNTHETIC_AUGMENTED
COHORT_3487,RAJAST_DC_04,CS,CPC_GENERAL,2018,Summons / Appearance,1,211,211,211,SYNTHETIC_AUGMENTED
COHORT_3488,RAJAST_DC_04,CS,CPC_GENERAL,2020,Evidence / Argument,2,398.0,318,318,SYNTHETIC_AUGMENTED
COHORT_3489,RAJAST_DC_04,CS,CPC_GENERAL,2020,Final Arguments / Judgment,1,68,68,68,SYNTHETIC_AUGMENTED
COHORT_3490,RAJAST_DC_04,CS,CPC_GENERAL,2020,Pleadings / Issues,2,160.5,137,137,SYNTHETIC_AUGMENTED
COHORT_3491,RAJAST_DC_04,CS,CPC_GENERAL,2020,Summons / Appearance,2,165.0,51,51,SYNTHETIC_AUGMENTED
COHORT_3492,RAJAST_DC_04,CS,CPC_GENERAL,2022,Evidence / Argument,5,279,282,282,SYNTHETIC_AUGMENTED
COHORT_3493,RAJAST_DC_04,CS,CPC_GENERAL,2022,Filing / Registration,1,8,8,8,SYNTHETIC_AUGMENTED
COHORT_3494,RAJAST_DC_04,CS,CPC_GENERAL,2022,Pleadings / Issues,3,75,75,75,SYNTHETIC_AUGMENTED
COHORT_3495,RAJAST_DC_04,CS,CPC_GENERAL,2022,Summons / Appearance,2,140.0,48,48,SYNTHETIC_AUGMENTED
COHORT_3496,RAJAST_DC_04,CS,CPC_GENERAL,2024,Evidence / Argument,3,148,148,148,SYNTHETIC_AUGMENTED
COHORT_3497,RAJAST_DC_04,CS,CPC_GENERAL,2024,Pleadings / Issues,1,96,96,96,SYNTHETIC_AUGMENTED
COHORT_3498,RAJAST_DC_04,CS,CPC_GENERAL,2024,Summons / Appearance,1,152,152,152,SYNTHETIC_AUGMENTED
COHORT_3499,RAJAST_DC_04,MACA,MOTOR_ACCIDENT,2020,Evidence / Argument,1,116,116,116,SYNTHETIC_AUGMENTED
COHORT_3500,RAJAST_DC_04,MACA,MOTOR_ACCIDENT,2022,Pleadings / Issues,1,110,110,110,SYNTHETIC_AUGMENTED
COHORT_3501,RAJAST_DC_04,MACA,MOTOR_ACCIDENT,2024,Final Arguments / Judgment,1,54,54,54,SYNTHETIC_AUGMENTED
COHORT_3502,RAJAST_DC_04,WP_C,WRIT_GENERAL,2020,Summons / Appearance,2,162.5,65,65,SYNTHETIC_AUGMENTED
COHORT_3503,RAJAST_DC_04,WP_C,WRIT_GENERAL,2022,Evidence / Argument,1,210,210,210,SYNTHETIC_AUGMENTED
COHORT_3504,RAJAST_DC_04,WP_C,WRIT_GENERAL,2022,Filing / Registration,1,17,17,17,SYNTHETIC_AUGMENTED
COHORT_3505,RAJAST_DC_04,WP_C,WRIT_GENERAL,2022,Summons / Appearance,2,151.0,107,107,SYNTHETIC_AUGMENTED
COHORT_3506,RAJAST_DC_04,WP_C,WRIT_GENERAL,2024,Final Arguments / Judgment,1,46,46,46,SYNTHETIC_AUGMENTED
COHORT_3507,RAJAST_DC_04,WP_C,WRIT_GENERAL,2024,Summons / Appearance,1,44,44,44,SYNTHETIC_AUGMENTED
COHORT_3508,RAJAST_DC_05,BA,BAIL_GENERAL,2018,Filing / Registration,1,14,14,14,SYNTHETIC_AUGMENTED
COHORT_3509,RAJAST_DC_05,BA,BAIL_GENERAL,2018,Summons / Appearance,1,107,107,107,SYNTHETIC_AUGMENTED
COHORT_3510,RAJAST_DC_05,BA,BAIL_GENERAL,2020,Evidence / Argument,1,304,304,304,SYNTHETIC_AUGMENTED
COHORT_3511,RAJAST_DC_05,BA,BAIL_GENERAL,2020,Final Arguments / Judgment,4,83.0,101,101,SYNTHETIC_AUGMENTED
COHORT_3512,RAJAST_DC_05,BA,BAIL_GENERAL,2020,Pleadings / Issues,1,75,75,75,SYNTHETIC_AUGMENTED
COHORT_3513,RAJAST_DC_05,BA,BAIL_GENERAL,2020,Summons / Appearance,2,118.5,55,55,SYNTHETIC_AUGMENTED
COHORT_3514,RAJAST_DC_05,BA,BAIL_GENERAL,2022,Evidence / Argument,4,137.5,156,156,SYNTHETIC_AUGMENTED
COHORT_3515,RAJAST_DC_05,BA,BAIL_GENERAL,2022,Pleadings / Issues,1,31,31,31,SYNTHETIC_AUGMENTED
COHORT_3516,RAJAST_DC_05,BA,BAIL_GENERAL,2022,Summons / Appearance,4,69.0,72,72,SYNTHETIC_AUGMENTED
COHORT_3517,RAJAST_DC_05,BA,BAIL_GENERAL,2024,Evidence / Argument,1,267,267,267,SYNTHETIC_AUGMENTED
COHORT_3518,RAJAST_DC_05,BA,BAIL_GENERAL,2024,Final Arguments / Judgment,2,69.0,63,63,SYNTHETIC_AUGMENTED
COHORT_3519,RAJAST_DC_05,BA,BAIL_GENERAL,2024,Summons / Appearance,2,59.0,53,53,SYNTHETIC_AUGMENTED
COHORT_3520,RAJAST_DC_05,CRL_A,CRIMINAL_APPEAL,2018,Summons / Appearance,1,283,283,283,SYNTHETIC_AUGMENTED
COHORT_3521,RAJAST_DC_05,CRL_A,CRIMINAL_APPEAL,2020,Evidence / Argument,1,308,308,308,SYNTHETIC_AUGMENTED
COHORT_3522,RAJAST_DC_05,CRL_A,CRIMINAL_APPEAL,2020,Filing / Registration,1,6,6,6,SYNTHETIC_AUGMENTED
COHORT_3523,RAJAST_DC_05,CRL_A,CRIMINAL_APPEAL,2020,Summons / Appearance,2,124.0,95,95,SYNTHETIC_AUGMENTED
COHORT_3524,RAJAST_DC_05,CRL_A,CRIMINAL_APPEAL,2022,Evidence / Argument,1,88,88,88,SYNTHETIC_AUGMENTED
COHORT_3525,RAJAST_DC_05,CRL_A,CRIMINAL_APPEAL,2022,Filing / Registration,1,10,10,10,SYNTHETIC_AUGMENTED
COHORT_3526,RAJAST_DC_05,CRL_A,CRIMINAL_APPEAL,2022,Final Arguments / Judgment,1,78,78,78,SYNTHETIC_AUGMENTED
COHORT_3527,RAJAST_DC_05,CRL_A,CRIMINAL_APPEAL,2022,Pleadings / Issues,3,45,45,45,SYNTHETIC_AUGMENTED
COHORT_3528,RAJAST_DC_05,CRL_A,CRIMINAL_APPEAL,2022,Summons / Appearance,2,91.5,46,46,SYNTHETIC_AUGMENTED
COHORT_3529,RAJAST_DC_05,CRL_A,CRIMINAL_APPEAL,2024,Evidence / Argument,1,176,176,176,SYNTHETIC_AUGMENTED
COHORT_3530,RAJAST_DC_05,CRL_A,CRIMINAL_APPEAL,2024,Pleadings / Issues,1,210,210,210,SYNTHETIC_AUGMENTED
COHORT_3531,RAJAST_DC_05,CS,CPC_GENERAL,2018,Pleadings / Issues,1,125,125,125,SYNTHETIC_AUGMENTED
COHORT_3532,RAJAST_DC_05,CS,CPC_GENERAL,2020,Filing / Registration,1,9,9,9,SYNTHETIC_AUGMENTED
COHORT_3533,RAJAST_DC_05,CS,CPC_GENERAL,2020,Pleadings / Issues,2,57.0,39,39,SYNTHETIC_AUGMENTED
COHORT_3534,RAJAST_DC_05,CS,CPC_GENERAL,2020,Summons / Appearance,1,135,135,135,SYNTHETIC_AUGMENTED
COHORT_3535,RAJAST_DC_05,CS,CPC_GENERAL,2022,Evidence / Argument,1,192,192,192,SYNTHETIC_AUGMENTED
COHORT_3536,RAJAST_DC_05,CS,CPC_GENERAL,2022,Filing / Registration,1,13,13,13,SYNTHETIC_AUGMENTED
COHORT_3537,RAJAST_DC_05,CS,CPC_GENERAL,2022,Final Arguments / Judgment,1,5,5,5,SYNTHETIC_AUGMENTED
COHORT_3538,RAJAST_DC_05,CS,CPC_GENERAL,2022,Pleadings / Issues,2,113.0,83,83,SYNTHETIC_AUGMENTED
COHORT_3539,RAJAST_DC_05,CS,CPC_GENERAL,2022,Summons / Appearance,3,85,85,85,SYNTHETIC_AUGMENTED
COHORT_3540,RAJAST_DC_05,CS,CPC_GENERAL,2024,Evidence / Argument,1,240,240,240,SYNTHETIC_AUGMENTED
COHORT_3541,RAJAST_DC_05,CS,CPC_GENERAL,2024,Final Arguments / Judgment,1,65,65,65,SYNTHETIC_AUGMENTED
COHORT_3542,RAJAST_DC_05,CS,CPC_GENERAL,2024,Summons / Appearance,3,87,87,87,SYNTHETIC_AUGMENTED
COHORT_3543,RAJAST_DC_05,MACA,MOTOR_ACCIDENT,2020,Pleadings / Issues,1,92,92,92,SYNTHETIC_AUGMENTED
COHORT_3544,RAJAST_DC_05,MACA,MOTOR_ACCIDENT,2020,Summons / Appearance,1,395,395,395,SYNTHETIC_AUGMENTED
COHORT_3545,RAJAST_DC_05,MACA,MOTOR_ACCIDENT,2022,Summons / Appearance,1,150,150,150,SYNTHETIC_AUGMENTED
COHORT_3546,RAJAST_DC_05,MACA,MOTOR_ACCIDENT,2024,Pleadings / Issues,1,101,101,101,SYNTHETIC_AUGMENTED
COHORT_3547,RAJAST_DC_05,WP_C,WRIT_GENERAL,2018,Pleadings / Issues,1,248,248,248,SYNTHETIC_AUGMENTED
COHORT_3548,RAJAST_DC_05,WP_C,WRIT_GENERAL,2020,Pleadings / Issues,1,53,53,53,SYNTHETIC_AUGMENTED
COHORT_3549,RAJAST_DC_05,WP_C,WRIT_GENERAL,2020,Summons / Appearance,1,255,255,255,SYNTHETIC_AUGMENTED
COHORT_3550,RAJAST_DC_05,WP_C,WRIT_GENERAL,2022,Evidence / Argument,3,375,375,375,SYNTHETIC_AUGMENTED
COHORT_3551,RAJAST_DC_05,WP_C,WRIT_GENERAL,2022,Filing / Registration,1,44,44,44,SYNTHETIC_AUGMENTED
COHORT_3552,RAJAST_DC_05,WP_C,WRIT_GENERAL,2022,Pleadings / Issues,1,198,198,198,SYNTHETIC_AUGMENTED
COHORT_3553,RAJAST_DC_05,WP_C,WRIT_GENERAL,2022,Summons / Appearance,1,54,54,54,SYNTHETIC_AUGMENTED
COHORT_3554,RAJAST_DC_05,WP_C,WRIT_GENERAL,2024,Summons / Appearance,2,285.0,176,176,SYNTHETIC_AUGMENTED
COHORT_3555,TAMIL__DC_01,BA,BAIL_GENERAL,2018,Evidence / Argument,1,152,152,152,SYNTHETIC_AUGMENTED
COHORT_3556,TAMIL__DC_01,BA,BAIL_GENERAL,2020,Evidence / Argument,1,323,323,323,SYNTHETIC_AUGMENTED
COHORT_3557,TAMIL__DC_01,BA,BAIL_GENERAL,2020,Pleadings / Issues,1,113,113,113,SYNTHETIC_AUGMENTED
COHORT_3558,TAMIL__DC_01,BA,BAIL_GENERAL,2020,Summons / Appearance,2,116.0,69,69,SYNTHETIC_AUGMENTED
COHORT_3559,TAMIL__DC_01,BA,BAIL_GENERAL,2022,Evidence / Argument,1,445,445,445,SYNTHETIC_AUGMENTED
COHORT_3560,TAMIL__DC_01,BA,BAIL_GENERAL,2022,Filing / Registration,1,22,22,22,SYNTHETIC_AUGMENTED
COHORT_3561,TAMIL__DC_01,BA,BAIL_GENERAL,2022,Final Arguments / Judgment,1,65,65,65,SYNTHETIC_AUGMENTED
COHORT_3562,TAMIL__DC_01,BA,BAIL_GENERAL,2022,Pleadings / Issues,1,120,120,120,SYNTHETIC_AUGMENTED
COHORT_3563,TAMIL__DC_01,BA,BAIL_GENERAL,2022,Summons / Appearance,2,222.5,68,68,SYNTHETIC_AUGMENTED
COHORT_3564,TAMIL__DC_01,BA,BAIL_GENERAL,2024,Final Arguments / Judgment,1,90,90,90,SYNTHETIC_AUGMENTED
COHORT_3565,TAMIL__DC_01,BA,BAIL_GENERAL,2024,Summons / Appearance,1,47,47,47,SYNTHETIC_AUGMENTED
COHORT_3566,TAMIL__DC_01,CRL_A,CRIMINAL_APPEAL,2020,Summons / Appearance,2,252.0,91,91,SYNTHETIC_AUGMENTED
COHORT_3567,TAMIL__DC_01,CRL_A,CRIMINAL_APPEAL,2022,Evidence / Argument,1,80,80,80,SYNTHETIC_AUGMENTED
COHORT_3568,TAMIL__DC_01,CRL_A,CRIMINAL_APPEAL,2022,Final Arguments / Judgment,1,80,80,80,SYNTHETIC_AUGMENTED
COHORT_3569,TAMIL__DC_01,CRL_A,CRIMINAL_APPEAL,2022,Pleadings / Issues,3,77,77,77,SYNTHETIC_AUGMENTED
COHORT_3570,TAMIL__DC_01,CRL_A,CRIMINAL_APPEAL,2022,Summons / Appearance,3,164,164,164,SYNTHETIC_AUGMENTED
COHORT_3571,TAMIL__DC_01,CRL_A,CRIMINAL_APPEAL,2024,Evidence / Argument,1,455,455,455,SYNTHETIC_AUGMENTED
COHORT_3572,TAMIL__DC_01,CRL_A,CRIMINAL_APPEAL,2024,Filing / Registration,1,27,27,27,SYNTHETIC_AUGMENTED
COHORT_3573,TAMIL__DC_01,CRL_A,CRIMINAL_APPEAL,2024,Final Arguments / Judgment,1,162,162,162,SYNTHETIC_AUGMENTED
COHORT_3574,TAMIL__DC_01,CRL_A,CRIMINAL_APPEAL,2024,Summons / Appearance,1,414,414,414,SYNTHETIC_AUGMENTED
COHORT_3575,TAMIL__DC_01,CS,CPC_GENERAL,2018,Evidence / Argument,1,129,129,129,SYNTHETIC_AUGMENTED
COHORT_3576,TAMIL__DC_01,CS,CPC_GENERAL,2018,Pleadings / Issues,1,80,80,80,SYNTHETIC_AUGMENTED
COHORT_3577,TAMIL__DC_01,CS,CPC_GENERAL,2020,Filing / Registration,1,25,25,25,SYNTHETIC_AUGMENTED
COHORT_3578,TAMIL__DC_01,CS,CPC_GENERAL,2020,Pleadings / Issues,1,88,88,88,SYNTHETIC_AUGMENTED
COHORT_3579,TAMIL__DC_01,CS,CPC_GENERAL,2022,Filing / Registration,1,10,10,10,SYNTHETIC_AUGMENTED
COHORT_3580,TAMIL__DC_01,CS,CPC_GENERAL,2022,Pleadings / Issues,3,101,101,101,SYNTHETIC_AUGMENTED
COHORT_3581,TAMIL__DC_01,CS,CPC_GENERAL,2022,Summons / Appearance,5,206,222,222,SYNTHETIC_AUGMENTED
COHORT_3582,TAMIL__DC_01,CS,CPC_GENERAL,2024,Final Arguments / Judgment,1,133,133,133,SYNTHETIC_AUGMENTED
COHORT_3583,TAMIL__DC_01,CS,CPC_GENERAL,2024,Pleadings / Issues,2,102.0,85,85,SYNTHETIC_AUGMENTED
COHORT_3584,TAMIL__DC_01,CS,CPC_GENERAL,2024,Summons / Appearance,1,343,343,343,SYNTHETIC_AUGMENTED
COHORT_3585,TAMIL__DC_01,MACA,MOTOR_ACCIDENT,2020,Filing / Registration,1,25,25,25,SYNTHETIC_AUGMENTED
COHORT_3586,TAMIL__DC_01,MACA,MOTOR_ACCIDENT,2022,Evidence / Argument,1,89,89,89,SYNTHETIC_AUGMENTED
COHORT_3587,TAMIL__DC_01,MACA,MOTOR_ACCIDENT,2022,Final Arguments / Judgment,1,111,111,111,SYNTHETIC_AUGMENTED
COHORT_3588,TAMIL__DC_01,MACA,MOTOR_ACCIDENT,2022,Summons / Appearance,3,68,68,68,SYNTHETIC_AUGMENTED
COHORT_3589,TAMIL__DC_01,WP_C,WRIT_GENERAL,2020,Summons / Appearance,1,185,185,185,SYNTHETIC_AUGMENTED
COHORT_3590,TAMIL__DC_01,WP_C,WRIT_GENERAL,2022,Pleadings / Issues,1,113,113,113,SYNTHETIC_AUGMENTED
COHORT_3591,TAMIL__DC_01,WP_C,WRIT_GENERAL,2022,Summons / Appearance,2,151.5,91,91,SYNTHETIC_AUGMENTED
COHORT_3592,TAMIL__DC_02,BA,BAIL_GENERAL,2018,Evidence / Argument,1,165,165,165,SYNTHETIC_AUGMENTED
COHORT_3593,TAMIL__DC_02,BA,BAIL_GENERAL,2020,Evidence / Argument,1,215,215,215,SYNTHETIC_AUGMENTED
COHORT_3594,TAMIL__DC_02,BA,BAIL_GENERAL,2020,Final Arguments / Judgment,1,163,163,163,SYNTHETIC_AUGMENTED
COHORT_3595,TAMIL__DC_02,BA,BAIL_GENERAL,2020,Summons / Appearance,1,70,70,70,SYNTHETIC_AUGMENTED
COHORT_3596,TAMIL__DC_02,BA,BAIL_GENERAL,2022,Evidence / Argument,3,125,125,125,SYNTHETIC_AUGMENTED
COHORT_3597,TAMIL__DC_02,BA,BAIL_GENERAL,2022,Filing / Registration,3,13,13,13,SYNTHETIC_AUGMENTED
COHORT_3598,TAMIL__DC_02,BA,BAIL_GENERAL,2022,Final Arguments / Judgment,1,41,41,41,SYNTHETIC_AUGMENTED
COHORT_3599,TAMIL__DC_02,BA,BAIL_GENERAL,2022,Pleadings / Issues,1,44,44,44,SYNTHETIC_AUGMENTED
COHORT_3600,TAMIL__DC_02,BA,BAIL_GENERAL,2022,Summons / Appearance,2,126.0,34,34,SYNTHETIC_AUGMENTED
COHORT_3601,TAMIL__DC_02,BA,BAIL_GENERAL,2024,Evidence / Argument,1,317,317,317,SYNTHETIC_AUGMENTED
COHORT_3602,TAMIL__DC_02,BA,BAIL_GENERAL,2024,Summons / Appearance,2,132.0,83,83,SYNTHETIC_AUGMENTED
COHORT_3603,TAMIL__DC_02,CRL_A,CRIMINAL_APPEAL,2018,Pleadings / Issues,1,95,95,95,SYNTHETIC_AUGMENTED
COHORT_3604,TAMIL__DC_02,CRL_A,CRIMINAL_APPEAL,2020,Pleadings / Issues,1,95,95,95,SYNTHETIC_AUGMENTED
COHORT_3605,TAMIL__DC_02,CRL_A,CRIMINAL_APPEAL,2020,Summons / Appearance,1,197,197,197,SYNTHETIC_AUGMENTED
COHORT_3606,TAMIL__DC_02,CRL_A,CRIMINAL_APPEAL,2022,Evidence / Argument,4,98.0,106,106,SYNTHETIC_AUGMENTED
COHORT_3607,TAMIL__DC_02,CRL_A,CRIMINAL_APPEAL,2022,Filing / Registration,1,20,20,20,SYNTHETIC_AUGMENTED
COHORT_3608,TAMIL__DC_02,CRL_A,CRIMINAL_APPEAL,2022,Final Arguments / Judgment,3,67,67,67,SYNTHETIC_AUGMENTED
COHORT_3609,TAMIL__DC_02,CRL_A,CRIMINAL_APPEAL,2022,Summons / Appearance,1,214,214,214,SYNTHETIC_AUGMENTED
COHORT_3610,TAMIL__DC_02,CRL_A,CRIMINAL_APPEAL,2024,Evidence / Argument,1,404,404,404,SYNTHETIC_AUGMENTED
COHORT_3611,TAMIL__DC_02,CRL_A,CRIMINAL_APPEAL,2024,Pleadings / Issues,1,104,104,104,SYNTHETIC_AUGMENTED
COHORT_3612,TAMIL__DC_02,CRL_A,CRIMINAL_APPEAL,2024,Summons / Appearance,1,115,115,115,SYNTHETIC_AUGMENTED
COHORT_3613,TAMIL__DC_02,CS,CPC_GENERAL,2020,Final Arguments / Judgment,1,50,50,50,SYNTHETIC_AUGMENTED
COHORT_3614,TAMIL__DC_02,CS,CPC_GENERAL,2020,Pleadings / Issues,1,82,82,82,SYNTHETIC_AUGMENTED
COHORT_3615,TAMIL__DC_02,CS,CPC_GENERAL,2022,Evidence / Argument,1,164,164,164,SYNTHETIC_AUGMENTED
COHORT_3616,TAMIL__DC_02,CS,CPC_GENERAL,2022,Final Arguments / Judgment,2,75.5,64,64,SYNTHETIC_AUGMENTED
COHORT_3617,TAMIL__DC_02,CS,CPC_GENERAL,2022,Pleadings / Issues,1,309,309,309,SYNTHETIC_AUGMENTED
COHORT_3618,TAMIL__DC_02,CS,CPC_GENERAL,2024,Summons / Appearance,3,90,90,90,SYNTHETIC_AUGMENTED
COHORT_3619,TAMIL__DC_02,WP_C,WRIT_GENERAL,2018,Evidence / Argument,1,224,224,224,SYNTHETIC_AUGMENTED
COHORT_3620,TAMIL__DC_02,WP_C,WRIT_GENERAL,2020,Evidence / Argument,1,510,510,510,SYNTHETIC_AUGMENTED
COHORT_3621,TAMIL__DC_02,WP_C,WRIT_GENERAL,2022,Evidence / Argument,1,346,346,346,SYNTHETIC_AUGMENTED
COHORT_3622,TAMIL__DC_02,WP_C,WRIT_GENERAL,2022,Final Arguments / Judgment,1,60,60,60,SYNTHETIC_AUGMENTED
COHORT_3623,TAMIL__DC_02,WP_C,WRIT_GENERAL,2022,Pleadings / Issues,4,105.0,124,124,SYNTHETIC_AUGMENTED
COHORT_3624,TAMIL__DC_02,WP_C,WRIT_GENERAL,2022,Summons / Appearance,2,105.5,71,71,SYNTHETIC_AUGMENTED
COHORT_3625,TAMIL__DC_02,WP_C,WRIT_GENERAL,2024,Evidence / Argument,2,257.5,193,193,SYNTHETIC_AUGMENTED
COHORT_3626,TAMIL__DC_03,BA,BAIL_GENERAL,2020,Summons / Appearance,1,85,85,85,SYNTHETIC_AUGMENTED
COHORT_3627,TAMIL__DC_03,BA,BAIL_GENERAL,2022,Filing / Registration,1,24,24,24,SYNTHETIC_AUGMENTED
COHORT_3628,TAMIL__DC_03,BA,BAIL_GENERAL,2022,Final Arguments / Judgment,2,74.0,62,62,SYNTHETIC_AUGMENTED
COHORT_3629,TAMIL__DC_03,BA,BAIL_GENERAL,2022,Summons / Appearance,4,126.5,172,172,SYNTHETIC_AUGMENTED
COHORT_3630,TAMIL__DC_03,BA,BAIL_GENERAL,2024,Filing / Registration,2,18.0,12,12,SYNTHETIC_AUGMENTED
COHORT_3631,TAMIL__DC_03,BA,BAIL_GENERAL,2024,Summons / Appearance,3,77,77,77,SYNTHETIC_AUGMENTED
COHORT_3632,TAMIL__DC_03,CRL_A,CRIMINAL_APPEAL,2018,Final Arguments / Judgment,1,67,67,67,SYNTHETIC_AUGMENTED
COHORT_3633,TAMIL__DC_03,CRL_A,CRIMINAL_APPEAL,2018,Summons / Appearance,1,97,97,97,SYNTHETIC_AUGMENTED
COHORT_3634,TAMIL__DC_03,CRL_A,CRIMINAL_APPEAL,2020,Final Arguments / Judgment,1,73,73,73,SYNTHETIC_AUGMENTED
COHORT_3635,TAMIL__DC_03,CRL_A,CRIMINAL_APPEAL,2020,Pleadings / Issues,2,48.5,34,34,SYNTHETIC_AUGMENTED
COHORT_3636,TAMIL__DC_03,CRL_A,CRIMINAL_APPEAL,2020,Summons / Appearance,1,135,135,135,SYNTHETIC_AUGMENTED
COHORT_3637,TAMIL__DC_03,CRL_A,CRIMINAL_APPEAL,2022,Evidence / Argument,2,120.0,56,56,SYNTHETIC_AUGMENTED
COHORT_3638,TAMIL__DC_03,CRL_A,CRIMINAL_APPEAL,2022,Filing / Registration,1,13,13,13,SYNTHETIC_AUGMENTED
COHORT_3639,TAMIL__DC_03,CRL_A,CRIMINAL_APPEAL,2022,Final Arguments / Judgment,1,45,45,45,SYNTHETIC_AUGMENTED
COHORT_3640,TAMIL__DC_03,CRL_A,CRIMINAL_APPEAL,2022,Pleadings / Issues,1,221,221,221,SYNTHETIC_AUGMENTED
COHORT_3641,TAMIL__DC_03,CRL_A,CRIMINAL_APPEAL,2022,Summons / Appearance,2,61.5,35,35,SYNTHETIC_AUGMENTED
COHORT_3642,TAMIL__DC_03,CRL_A,CRIMINAL_APPEAL,2024,Pleadings / Issues,1,51,51,51,SYNTHETIC_AUGMENTED
COHORT_3643,TAMIL__DC_03,CS,CPC_GENERAL,2018,Evidence / Argument,1,202,202,202,SYNTHETIC_AUGMENTED
COHORT_3644,TAMIL__DC_03,CS,CPC_GENERAL,2020,Evidence / Argument,2,173.0,150,150,SYNTHETIC_AUGMENTED
COHORT_3645,TAMIL__DC_03,CS,CPC_GENERAL,2020,Pleadings / Issues,1,110,110,110,SYNTHETIC_AUGMENTED
COHORT_3646,TAMIL__DC_03,CS,CPC_GENERAL,2020,Summons / Appearance,1,199,199,199,SYNTHETIC_AUGMENTED
COHORT_3647,TAMIL__DC_03,CS,CPC_GENERAL,2022,Pleadings / Issues,1,177,177,177,SYNTHETIC_AUGMENTED
COHORT_3648,TAMIL__DC_03,CS,CPC_GENERAL,2022,Summons / Appearance,4,122.0,126,126,SYNTHETIC_AUGMENTED
COHORT_3649,TAMIL__DC_03,CS,CPC_GENERAL,2024,Evidence / Argument,1,225,225,225,SYNTHETIC_AUGMENTED
COHORT_3650,TAMIL__DC_03,CS,CPC_GENERAL,2024,Filing / Registration,1,18,18,18,SYNTHETIC_AUGMENTED
COHORT_3651,TAMIL__DC_03,MACA,MOTOR_ACCIDENT,2020,Pleadings / Issues,1,102,102,102,SYNTHETIC_AUGMENTED
COHORT_3652,TAMIL__DC_03,MACA,MOTOR_ACCIDENT,2022,Evidence / Argument,1,204,204,204,SYNTHETIC_AUGMENTED
COHORT_3653,TAMIL__DC_03,MACA,MOTOR_ACCIDENT,2022,Summons / Appearance,1,200,200,200,SYNTHETIC_AUGMENTED
COHORT_3654,TAMIL__DC_03,MACA,MOTOR_ACCIDENT,2024,Summons / Appearance,1,351,351,351,SYNTHETIC_AUGMENTED
COHORT_3655,TAMIL__DC_03,WP_C,WRIT_GENERAL,2018,Summons / Appearance,1,52,52,52,SYNTHETIC_AUGMENTED
COHORT_3656,TAMIL__DC_03,WP_C,WRIT_GENERAL,2020,Filing / Registration,1,21,21,21,SYNTHETIC_AUGMENTED
COHORT_3657,TAMIL__DC_03,WP_C,WRIT_GENERAL,2022,Evidence / Argument,1,254,254,254,SYNTHETIC_AUGMENTED
COHORT_3658,TAMIL__DC_03,WP_C,WRIT_GENERAL,2022,Filing / Registration,1,9,9,9,SYNTHETIC_AUGMENTED
COHORT_3659,TAMIL__DC_03,WP_C,WRIT_GENERAL,2022,Final Arguments / Judgment,1,67,67,67,SYNTHETIC_AUGMENTED
COHORT_3660,TAMIL__DC_03,WP_C,WRIT_GENERAL,2022,Pleadings / Issues,1,99,99,99,SYNTHETIC_AUGMENTED
COHORT_3661,TAMIL__DC_03,WP_C,WRIT_GENERAL,2024,Evidence / Argument,1,251,251,251,SYNTHETIC_AUGMENTED
COHORT_3662,TAMIL__DC_03,WP_C,WRIT_GENERAL,2024,Filing / Registration,1,12,12,12,SYNTHETIC_AUGMENTED
COHORT_3663,TAMIL__DC_03,WP_C,WRIT_GENERAL,2024,Pleadings / Issues,2,133.5,68,68,SYNTHETIC_AUGMENTED
COHORT_3664,TAMIL__DC_03,WP_C,WRIT_GENERAL,2024,Summons / Appearance,1,61,61,61,SYNTHETIC_AUGMENTED
COHORT_3665,TAMIL__DC_04,BA,BAIL_GENERAL,2020,Filing / Registration,2,28.5,8,8,SYNTHETIC_AUGMENTED
COHORT_3666,TAMIL__DC_04,BA,BAIL_GENERAL,2020,Pleadings / Issues,1,107,107,107,SYNTHETIC_AUGMENTED
COHORT_3667,TAMIL__DC_04,BA,BAIL_GENERAL,2022,Evidence / Argument,1,134,134,134,SYNTHETIC_AUGMENTED
COHORT_3668,TAMIL__DC_04,BA,BAIL_GENERAL,2022,Filing / Registration,1,52,52,52,SYNTHETIC_AUGMENTED
COHORT_3669,TAMIL__DC_04,BA,BAIL_GENERAL,2022,Final Arguments / Judgment,1,46,46,46,SYNTHETIC_AUGMENTED
COHORT_3670,TAMIL__DC_04,BA,BAIL_GENERAL,2022,Pleadings / Issues,3,101,101,101,SYNTHETIC_AUGMENTED
COHORT_3671,TAMIL__DC_04,BA,BAIL_GENERAL,2022,Summons / Appearance,1,150,150,150,SYNTHETIC_AUGMENTED
COHORT_3672,TAMIL__DC_04,BA,BAIL_GENERAL,2024,Evidence / Argument,2,187.5,180,180,SYNTHETIC_AUGMENTED
COHORT_3673,TAMIL__DC_04,BA,BAIL_GENERAL,2024,Filing / Registration,2,29.0,15,15,SYNTHETIC_AUGMENTED
COHORT_3674,TAMIL__DC_04,BA,BAIL_GENERAL,2024,Final Arguments / Judgment,1,142,142,142,SYNTHETIC_AUGMENTED
COHORT_3675,TAMIL__DC_04,BA,BAIL_GENERAL,2024,Pleadings / Issues,1,96,96,96,SYNTHETIC_AUGMENTED
COHORT_3676,TAMIL__DC_04,BA,BAIL_GENERAL,2024,Summons / Appearance,4,88.0,114,114,SYNTHETIC_AUGMENTED
COHORT_3677,TAMIL__DC_04,CRL_A,CRIMINAL_APPEAL,2020,Evidence / Argument,1,175,175,175,SYNTHETIC_AUGMENTED
COHORT_3678,TAMIL__DC_04,CRL_A,CRIMINAL_APPEAL,2022,Evidence / Argument,1,142,142,142,SYNTHETIC_AUGMENTED
COHORT_3679,TAMIL__DC_04,CRL_A,CRIMINAL_APPEAL,2022,Pleadings / Issues,3,105,105,105,SYNTHETIC_AUGMENTED
COHORT_3680,TAMIL__DC_04,CRL_A,CRIMINAL_APPEAL,2022,Summons / Appearance,3,77,77,77,SYNTHETIC_AUGMENTED
COHORT_3681,TAMIL__DC_04,CRL_A,CRIMINAL_APPEAL,2024,Final Arguments / Judgment,1,54,54,54,SYNTHETIC_AUGMENTED
COHORT_3682,TAMIL__DC_04,CRL_A,CRIMINAL_APPEAL,2024,Pleadings / Issues,1,86,86,86,SYNTHETIC_AUGMENTED
COHORT_3683,TAMIL__DC_04,CRL_A,CRIMINAL_APPEAL,2024,Summons / Appearance,1,211,211,211,SYNTHETIC_AUGMENTED
COHORT_3684,TAMIL__DC_04,CS,CPC_GENERAL,2018,Evidence / Argument,1,82,82,82,SYNTHETIC_AUGMENTED
COHORT_3685,TAMIL__DC_04,CS,CPC_GENERAL,2018,Pleadings / Issues,2,113.5,85,85,SYNTHETIC_AUGMENTED
COHORT_3686,TAMIL__DC_04,CS,CPC_GENERAL,2020,Filing / Registration,1,31,31,31,SYNTHETIC_AUGMENTED
COHORT_3687,TAMIL__DC_04,CS,CPC_GENERAL,2020,Summons / Appearance,3,230,230,230,SYNTHETIC_AUGMENTED
COHORT_3688,TAMIL__DC_04,CS,CPC_GENERAL,2022,Evidence / Argument,5,199,212,212,SYNTHETIC_AUGMENTED
COHORT_3689,TAMIL__DC_04,CS,CPC_GENERAL,2022,Filing / Registration,1,19,19,19,SYNTHETIC_AUGMENTED
COHORT_3690,TAMIL__DC_04,CS,CPC_GENERAL,2022,Final Arguments / Judgment,1,82,82,82,SYNTHETIC_AUGMENTED
COHORT_3691,TAMIL__DC_04,CS,CPC_GENERAL,2022,Summons / Appearance,4,118.0,137,137,SYNTHETIC_AUGMENTED
COHORT_3692,TAMIL__DC_04,CS,CPC_GENERAL,2024,Evidence / Argument,1,231,231,231,SYNTHETIC_AUGMENTED
COHORT_3693,TAMIL__DC_04,CS,CPC_GENERAL,2024,Filing / Registration,1,12,12,12,SYNTHETIC_AUGMENTED
COHORT_3694,TAMIL__DC_04,CS,CPC_GENERAL,2024,Summons / Appearance,2,130.5,113,113,SYNTHETIC_AUGMENTED
COHORT_3695,TAMIL__DC_04,MACA,MOTOR_ACCIDENT,2020,Final Arguments / Judgment,1,35,35,35,SYNTHETIC_AUGMENTED
COHORT_3696,TAMIL__DC_04,MACA,MOTOR_ACCIDENT,2020,Pleadings / Issues,1,93,93,93,SYNTHETIC_AUGMENTED
COHORT_3697,TAMIL__DC_04,MACA,MOTOR_ACCIDENT,2020,Summons / Appearance,1,103,103,103,SYNTHETIC_AUGMENTED
COHORT_3698,TAMIL__DC_04,MACA,MOTOR_ACCIDENT,2022,Pleadings / Issues,1,107,107,107,SYNTHETIC_AUGMENTED
COHORT_3699,TAMIL__DC_04,WP_C,WRIT_GENERAL,2018,Evidence / Argument,1,206,206,206,SYNTHETIC_AUGMENTED
COHORT_3700,TAMIL__DC_04,WP_C,WRIT_GENERAL,2020,Evidence / Argument,1,269,269,269,SYNTHETIC_AUGMENTED
COHORT_3701,TAMIL__DC_04,WP_C,WRIT_GENERAL,2022,Evidence / Argument,1,98,98,98,SYNTHETIC_AUGMENTED
COHORT_3702,TAMIL__DC_04,WP_C,WRIT_GENERAL,2022,Final Arguments / Judgment,1,80,80,80,SYNTHETIC_AUGMENTED
COHORT_3703,TAMIL__DC_04,WP_C,WRIT_GENERAL,2022,Pleadings / Issues,1,144,144,144,SYNTHETIC_AUGMENTED
COHORT_3704,TAMIL__DC_04,WP_C,WRIT_GENERAL,2022,Summons / Appearance,1,379,379,379,SYNTHETIC_AUGMENTED
COHORT_3705,TAMIL__DC_04,WP_C,WRIT_GENERAL,2024,Evidence / Argument,2,155.0,135,135,SYNTHETIC_AUGMENTED
COHORT_3706,TAMIL__DC_05,BA,BAIL_GENERAL,2018,Evidence / Argument,1,286,286,286,SYNTHETIC_AUGMENTED
COHORT_3707,TAMIL__DC_05,BA,BAIL_GENERAL,2018,Summons / Appearance,2,254.5,123,123,SYNTHETIC_AUGMENTED
COHORT_3708,TAMIL__DC_05,BA,BAIL_GENERAL,2020,Pleadings / Issues,1,89,89,89,SYNTHETIC_AUGMENTED
COHORT_3709,TAMIL__DC_05,BA,BAIL_GENERAL,2022,Evidence / Argument,4,152.0,159,159,SYNTHETIC_AUGMENTED
COHORT_3710,TAMIL__DC_05,BA,BAIL_GENERAL,2022,Filing / Registration,1,16,16,16,SYNTHETIC_AUGMENTED
COHORT_3711,TAMIL__DC_05,BA,BAIL_GENERAL,2022,Final Arguments / Judgment,1,39,39,39,SYNTHETIC_AUGMENTED
COHORT_3712,TAMIL__DC_05,BA,BAIL_GENERAL,2022,Pleadings / Issues,3,102,102,102,SYNTHETIC_AUGMENTED
COHORT_3713,TAMIL__DC_05,BA,BAIL_GENERAL,2022,Summons / Appearance,4,144.5,194,194,SYNTHETIC_AUGMENTED
COHORT_3714,TAMIL__DC_05,BA,BAIL_GENERAL,2024,Pleadings / Issues,1,85,85,85,SYNTHETIC_AUGMENTED
COHORT_3715,TAMIL__DC_05,BA,BAIL_GENERAL,2024,Summons / Appearance,2,32.0,21,21,SYNTHETIC_AUGMENTED
COHORT_3716,TAMIL__DC_05,CRL_A,CRIMINAL_APPEAL,2018,Summons / Appearance,2,137.0,87,87,SYNTHETIC_AUGMENTED
COHORT_3717,TAMIL__DC_05,CRL_A,CRIMINAL_APPEAL,2020,Evidence / Argument,2,212.0,81,81,SYNTHETIC_AUGMENTED
COHORT_3718,TAMIL__DC_05,CRL_A,CRIMINAL_APPEAL,2020,Final Arguments / Judgment,1,41,41,41,SYNTHETIC_AUGMENTED
COHORT_3719,TAMIL__DC_05,CRL_A,CRIMINAL_APPEAL,2020,Pleadings / Issues,1,67,67,67,SYNTHETIC_AUGMENTED
COHORT_3720,TAMIL__DC_05,CRL_A,CRIMINAL_APPEAL,2020,Summons / Appearance,1,125,125,125,SYNTHETIC_AUGMENTED
COHORT_3721,TAMIL__DC_05,CRL_A,CRIMINAL_APPEAL,2022,Evidence / Argument,1,178,178,178,SYNTHETIC_AUGMENTED
COHORT_3722,TAMIL__DC_05,CRL_A,CRIMINAL_APPEAL,2022,Final Arguments / Judgment,2,58.0,50,50,SYNTHETIC_AUGMENTED
COHORT_3723,TAMIL__DC_05,CRL_A,CRIMINAL_APPEAL,2022,Pleadings / Issues,1,64,64,64,SYNTHETIC_AUGMENTED
COHORT_3724,TAMIL__DC_05,CRL_A,CRIMINAL_APPEAL,2022,Summons / Appearance,3,57,57,57,SYNTHETIC_AUGMENTED
COHORT_3725,TAMIL__DC_05,CRL_A,CRIMINAL_APPEAL,2024,Evidence / Argument,1,209,209,209,SYNTHETIC_AUGMENTED
COHORT_3726,TAMIL__DC_05,CS,CPC_GENERAL,2020,Evidence / Argument,1,420,420,420,SYNTHETIC_AUGMENTED
COHORT_3727,TAMIL__DC_05,CS,CPC_GENERAL,2020,Filing / Registration,1,24,24,24,SYNTHETIC_AUGMENTED
COHORT_3728,TAMIL__DC_05,CS,CPC_GENERAL,2020,Final Arguments / Judgment,1,25,25,25,SYNTHETIC_AUGMENTED
COHORT_3729,TAMIL__DC_05,CS,CPC_GENERAL,2020,Pleadings / Issues,2,221.0,129,129,SYNTHETIC_AUGMENTED
COHORT_3730,TAMIL__DC_05,CS,CPC_GENERAL,2022,Pleadings / Issues,2,155.5,138,138,SYNTHETIC_AUGMENTED
COHORT_3731,TAMIL__DC_05,CS,CPC_GENERAL,2022,Summons / Appearance,3,190,190,190,SYNTHETIC_AUGMENTED
COHORT_3732,TAMIL__DC_05,CS,CPC_GENERAL,2024,Evidence / Argument,1,179,179,179,SYNTHETIC_AUGMENTED
COHORT_3733,TAMIL__DC_05,CS,CPC_GENERAL,2024,Filing / Registration,2,16.0,15,15,SYNTHETIC_AUGMENTED
COHORT_3734,TAMIL__DC_05,MACA,MOTOR_ACCIDENT,2018,Final Arguments / Judgment,1,53,53,53,SYNTHETIC_AUGMENTED
COHORT_3735,TAMIL__DC_05,MACA,MOTOR_ACCIDENT,2022,Evidence / Argument,1,101,101,101,SYNTHETIC_AUGMENTED
COHORT_3736,TAMIL__DC_05,MACA,MOTOR_ACCIDENT,2022,Summons / Appearance,1,415,415,415,SYNTHETIC_AUGMENTED
COHORT_3737,TAMIL__DC_05,MACA,MOTOR_ACCIDENT,2024,Filing / Registration,1,51,51,51,SYNTHETIC_AUGMENTED
COHORT_3738,TAMIL__DC_05,MACA,MOTOR_ACCIDENT,2024,Pleadings / Issues,1,64,64,64,SYNTHETIC_AUGMENTED
COHORT_3739,TAMIL__DC_05,WP_C,WRIT_GENERAL,2018,Evidence / Argument,1,232,232,232,SYNTHETIC_AUGMENTED
COHORT_3740,TAMIL__DC_05,WP_C,WRIT_GENERAL,2020,Final Arguments / Judgment,1,36,36,36,SYNTHETIC_AUGMENTED
COHORT_3741,TAMIL__DC_05,WP_C,WRIT_GENERAL,2020,Pleadings / Issues,1,112,112,112,SYNTHETIC_AUGMENTED
COHORT_3742,TAMIL__DC_05,WP_C,WRIT_GENERAL,2022,Evidence / Argument,1,161,161,161,SYNTHETIC_AUGMENTED
COHORT_3743,TAMIL__DC_05,WP_C,WRIT_GENERAL,2022,Final Arguments / Judgment,1,73,73,73,SYNTHETIC_AUGMENTED
COHORT_3744,TAMIL__DC_05,WP_C,WRIT_GENERAL,2022,Pleadings / Issues,1,108,108,108,SYNTHETIC_AUGMENTED
COHORT_3745,TAMIL__DC_05,WP_C,WRIT_GENERAL,2022,Summons / Appearance,3,77,77,77,SYNTHETIC_AUGMENTED
COHORT_3746,TAMIL__DC_05,WP_C,WRIT_GENERAL,2024,Filing / Registration,1,12,12,12,SYNTHETIC_AUGMENTED
COHORT_3747,TAMIL__DC_05,WP_C,WRIT_GENERAL,2024,Pleadings / Issues,1,151,151,151,SYNTHETIC_AUGMENTED
COHORT_3748,TAMIL__DC_05,WP_C,WRIT_GENERAL,2024,Summons / Appearance,1,83,83,83,SYNTHETIC_AUGMENTED
COHORT_3749,TELANG_DC_01,BA,BAIL_GENERAL,2018,Filing / Registration,1,18,18,18,SYNTHETIC_AUGMENTED
COHORT_3750,TELANG_DC_01,BA,BAIL_GENERAL,2018,Pleadings / Issues,1,117,117,117,SYNTHETIC_AUGMENTED
COHORT_3751,TELANG_DC_01,BA,BAIL_GENERAL,2018,Summons / Appearance,1,49,49,49,SYNTHETIC_AUGMENTED
COHORT_3752,TELANG_DC_01,BA,BAIL_GENERAL,2020,Pleadings / Issues,2,123.5,120,120,SYNTHETIC_AUGMENTED
COHORT_3753,TELANG_DC_01,BA,BAIL_GENERAL,2020,Summons / Appearance,1,204,204,204,SYNTHETIC_AUGMENTED
COHORT_3754,TELANG_DC_01,BA,BAIL_GENERAL,2022,Evidence / Argument,2,226.0,186,186,SYNTHETIC_AUGMENTED
COHORT_3755,TELANG_DC_01,BA,BAIL_GENERAL,2022,Pleadings / Issues,1,149,149,149,SYNTHETIC_AUGMENTED
COHORT_3756,TELANG_DC_01,BA,BAIL_GENERAL,2022,Summons / Appearance,5,87,98,98,SYNTHETIC_AUGMENTED
COHORT_3757,TELANG_DC_01,BA,BAIL_GENERAL,2024,Evidence / Argument,1,170,170,170,SYNTHETIC_AUGMENTED
COHORT_3758,TELANG_DC_01,BA,BAIL_GENERAL,2024,Final Arguments / Judgment,2,55.5,52,52,SYNTHETIC_AUGMENTED
COHORT_3759,TELANG_DC_01,CRL_A,CRIMINAL_APPEAL,2018,Evidence / Argument,1,418,418,418,SYNTHETIC_AUGMENTED
COHORT_3760,TELANG_DC_01,CRL_A,CRIMINAL_APPEAL,2020,Evidence / Argument,2,168.0,156,156,SYNTHETIC_AUGMENTED
COHORT_3761,TELANG_DC_01,CRL_A,CRIMINAL_APPEAL,2020,Summons / Appearance,1,54,54,54,SYNTHETIC_AUGMENTED
COHORT_3762,TELANG_DC_01,CRL_A,CRIMINAL_APPEAL,2022,Evidence / Argument,1,120,120,120,SYNTHETIC_AUGMENTED
COHORT_3763,TELANG_DC_01,CRL_A,CRIMINAL_APPEAL,2022,Filing / Registration,2,22.5,19,19,SYNTHETIC_AUGMENTED
COHORT_3764,TELANG_DC_01,CRL_A,CRIMINAL_APPEAL,2022,Final Arguments / Judgment,1,95,95,95,SYNTHETIC_AUGMENTED
COHORT_3765,TELANG_DC_01,CRL_A,CRIMINAL_APPEAL,2022,Pleadings / Issues,2,204.5,83,83,SYNTHETIC_AUGMENTED
COHORT_3766,TELANG_DC_01,CRL_A,CRIMINAL_APPEAL,2022,Summons / Appearance,1,80,80,80,SYNTHETIC_AUGMENTED
COHORT_3767,TELANG_DC_01,CRL_A,CRIMINAL_APPEAL,2024,Filing / Registration,2,31.5,29,29,SYNTHETIC_AUGMENTED
COHORT_3768,TELANG_DC_01,CS,CPC_GENERAL,2018,Final Arguments / Judgment,1,96,96,96,SYNTHETIC_AUGMENTED
COHORT_3769,TELANG_DC_01,CS,CPC_GENERAL,2018,Summons / Appearance,1,295,295,295,SYNTHETIC_AUGMENTED
COHORT_3770,TELANG_DC_01,CS,CPC_GENERAL,2020,Final Arguments / Judgment,1,58,58,58,SYNTHETIC_AUGMENTED
COHORT_3771,TELANG_DC_01,CS,CPC_GENERAL,2020,Pleadings / Issues,1,120,120,120,SYNTHETIC_AUGMENTED
COHORT_3772,TELANG_DC_01,CS,CPC_GENERAL,2020,Summons / Appearance,2,225.5,132,132,SYNTHETIC_AUGMENTED
COHORT_3773,TELANG_DC_01,CS,CPC_GENERAL,2022,Evidence / Argument,2,350.5,255,255,SYNTHETIC_AUGMENTED
COHORT_3774,TELANG_DC_01,CS,CPC_GENERAL,2022,Filing / Registration,2,16.5,13,13,SYNTHETIC_AUGMENTED
COHORT_3775,TELANG_DC_01,CS,CPC_GENERAL,2022,Final Arguments / Judgment,1,174,174,174,SYNTHETIC_AUGMENTED
COHORT_3776,TELANG_DC_01,CS,CPC_GENERAL,2022,Summons / Appearance,3,33,33,33,SYNTHETIC_AUGMENTED
COHORT_3777,TELANG_DC_01,CS,CPC_GENERAL,2024,Evidence / Argument,3,171,171,171,SYNTHETIC_AUGMENTED
COHORT_3778,TELANG_DC_01,CS,CPC_GENERAL,2024,Filing / Registration,1,44,44,44,SYNTHETIC_AUGMENTED
COHORT_3779,TELANG_DC_01,CS,CPC_GENERAL,2024,Final Arguments / Judgment,1,56,56,56,SYNTHETIC_AUGMENTED
COHORT_3780,TELANG_DC_01,CS,CPC_GENERAL,2024,Summons / Appearance,1,324,324,324,SYNTHETIC_AUGMENTED
COHORT_3781,TELANG_DC_01,MACA,MOTOR_ACCIDENT,2018,Pleadings / Issues,1,81,81,81,SYNTHETIC_AUGMENTED
COHORT_3782,TELANG_DC_01,MACA,MOTOR_ACCIDENT,2020,Final Arguments / Judgment,1,113,113,113,SYNTHETIC_AUGMENTED
COHORT_3783,TELANG_DC_01,MACA,MOTOR_ACCIDENT,2022,Final Arguments / Judgment,1,144,144,144,SYNTHETIC_AUGMENTED
COHORT_3784,TELANG_DC_01,MACA,MOTOR_ACCIDENT,2022,Summons / Appearance,1,39,39,39,SYNTHETIC_AUGMENTED
COHORT_3785,TELANG_DC_01,WP_C,WRIT_GENERAL,2018,Final Arguments / Judgment,1,101,101,101,SYNTHETIC_AUGMENTED
COHORT_3786,TELANG_DC_01,WP_C,WRIT_GENERAL,2020,Summons / Appearance,2,136.5,121,121,SYNTHETIC_AUGMENTED
COHORT_3787,TELANG_DC_01,WP_C,WRIT_GENERAL,2022,Evidence / Argument,2,117.5,48,48,SYNTHETIC_AUGMENTED
COHORT_3788,TELANG_DC_01,WP_C,WRIT_GENERAL,2022,Filing / Registration,2,26.0,11,11,SYNTHETIC_AUGMENTED
COHORT_3789,TELANG_DC_01,WP_C,WRIT_GENERAL,2022,Pleadings / Issues,1,108,108,108,SYNTHETIC_AUGMENTED
COHORT_3790,TELANG_DC_01,WP_C,WRIT_GENERAL,2022,Summons / Appearance,2,175.5,162,162,SYNTHETIC_AUGMENTED
COHORT_3791,TELANG_DC_01,WP_C,WRIT_GENERAL,2024,Filing / Registration,1,18,18,18,SYNTHETIC_AUGMENTED
COHORT_3792,TELANG_DC_01,WP_C,WRIT_GENERAL,2024,Pleadings / Issues,1,83,83,83,SYNTHETIC_AUGMENTED
COHORT_3793,TELANG_DC_01,WP_C,WRIT_GENERAL,2024,Summons / Appearance,1,298,298,298,SYNTHETIC_AUGMENTED
COHORT_3794,TELANG_DC_02,BA,BAIL_GENERAL,2018,Final Arguments / Judgment,1,104,104,104,SYNTHETIC_AUGMENTED
COHORT_3795,TELANG_DC_02,BA,BAIL_GENERAL,2020,Pleadings / Issues,1,94,94,94,SYNTHETIC_AUGMENTED
COHORT_3796,TELANG_DC_02,BA,BAIL_GENERAL,2022,Evidence / Argument,2,420.0,418,418,SYNTHETIC_AUGMENTED
COHORT_3797,TELANG_DC_02,BA,BAIL_GENERAL,2022,Filing / Registration,1,22,22,22,SYNTHETIC_AUGMENTED
COHORT_3798,TELANG_DC_02,BA,BAIL_GENERAL,2022,Final Arguments / Judgment,2,125.5,115,115,SYNTHETIC_AUGMENTED
COHORT_3799,TELANG_DC_02,BA,BAIL_GENERAL,2022,Pleadings / Issues,2,68.0,55,55,SYNTHETIC_AUGMENTED
COHORT_3800,TELANG_DC_02,BA,BAIL_GENERAL,2022,Summons / Appearance,5,73,76,76,SYNTHETIC_AUGMENTED
COHORT_3801,TELANG_DC_02,BA,BAIL_GENERAL,2024,Filing / Registration,1,18,18,18,SYNTHETIC_AUGMENTED
COHORT_3802,TELANG_DC_02,BA,BAIL_GENERAL,2024,Pleadings / Issues,1,62,62,62,SYNTHETIC_AUGMENTED
COHORT_3803,TELANG_DC_02,BA,BAIL_GENERAL,2024,Summons / Appearance,2,273.5,208,208,SYNTHETIC_AUGMENTED
COHORT_3804,TELANG_DC_02,CRL_A,CRIMINAL_APPEAL,2020,Evidence / Argument,1,134,134,134,SYNTHETIC_AUGMENTED
COHORT_3805,TELANG_DC_02,CRL_A,CRIMINAL_APPEAL,2022,Evidence / Argument,2,211.5,194,194,SYNTHETIC_AUGMENTED
COHORT_3806,TELANG_DC_02,CRL_A,CRIMINAL_APPEAL,2022,Final Arguments / Judgment,3,78,78,78,SYNTHETIC_AUGMENTED
COHORT_3807,TELANG_DC_02,CRL_A,CRIMINAL_APPEAL,2022,Summons / Appearance,1,280,280,280,SYNTHETIC_AUGMENTED
COHORT_3808,TELANG_DC_02,CRL_A,CRIMINAL_APPEAL,2024,Evidence / Argument,1,231,231,231,SYNTHETIC_AUGMENTED
COHORT_3809,TELANG_DC_02,CRL_A,CRIMINAL_APPEAL,2024,Pleadings / Issues,1,159,159,159,SYNTHETIC_AUGMENTED
COHORT_3810,TELANG_DC_02,CS,CPC_GENERAL,2018,Evidence / Argument,1,344,344,344,SYNTHETIC_AUGMENTED
COHORT_3811,TELANG_DC_02,CS,CPC_GENERAL,2020,Evidence / Argument,4,319.0,376,376,SYNTHETIC_AUGMENTED
COHORT_3812,TELANG_DC_02,CS,CPC_GENERAL,2020,Filing / Registration,1,9,9,9,SYNTHETIC_AUGMENTED
COHORT_3813,TELANG_DC_02,CS,CPC_GENERAL,2020,Summons / Appearance,3,144,144,144,SYNTHETIC_AUGMENTED
COHORT_3814,TELANG_DC_02,CS,CPC_GENERAL,2022,Evidence / Argument,1,297,297,297,SYNTHETIC_AUGMENTED
COHORT_3815,TELANG_DC_02,CS,CPC_GENERAL,2022,Summons / Appearance,1,97,97,97,SYNTHETIC_AUGMENTED
COHORT_3816,TELANG_DC_02,CS,CPC_GENERAL,2024,Evidence / Argument,1,204,204,204,SYNTHETIC_AUGMENTED
COHORT_3817,TELANG_DC_02,CS,CPC_GENERAL,2024,Filing / Registration,1,17,17,17,SYNTHETIC_AUGMENTED
COHORT_3818,TELANG_DC_02,CS,CPC_GENERAL,2024,Final Arguments / Judgment,2,98.5,55,55,SYNTHETIC_AUGMENTED
COHORT_3819,TELANG_DC_02,CS,CPC_GENERAL,2024,Pleadings / Issues,1,115,115,115,SYNTHETIC_AUGMENTED
COHORT_3820,TELANG_DC_02,CS,CPC_GENERAL,2024,Summons / Appearance,2,114.0,87,87,SYNTHETIC_AUGMENTED
COHORT_3821,TELANG_DC_02,MACA,MOTOR_ACCIDENT,2018,Final Arguments / Judgment,1,34,34,34,SYNTHETIC_AUGMENTED
COHORT_3822,TELANG_DC_02,MACA,MOTOR_ACCIDENT,2022,Evidence / Argument,1,166,166,166,SYNTHETIC_AUGMENTED
COHORT_3823,TELANG_DC_02,MACA,MOTOR_ACCIDENT,2022,Final Arguments / Judgment,1,62,62,62,SYNTHETIC_AUGMENTED
COHORT_3824,TELANG_DC_02,WP_C,WRIT_GENERAL,2018,Evidence / Argument,1,288,288,288,SYNTHETIC_AUGMENTED
COHORT_3825,TELANG_DC_02,WP_C,WRIT_GENERAL,2018,Pleadings / Issues,1,139,139,139,SYNTHETIC_AUGMENTED
COHORT_3826,TELANG_DC_02,WP_C,WRIT_GENERAL,2020,Final Arguments / Judgment,1,121,121,121,SYNTHETIC_AUGMENTED
COHORT_3827,TELANG_DC_02,WP_C,WRIT_GENERAL,2020,Summons / Appearance,2,196.5,78,78,SYNTHETIC_AUGMENTED
COHORT_3828,TELANG_DC_02,WP_C,WRIT_GENERAL,2022,Filing / Registration,2,32.5,26,26,SYNTHETIC_AUGMENTED
COHORT_3829,TELANG_DC_02,WP_C,WRIT_GENERAL,2022,Pleadings / Issues,3,107,107,107,SYNTHETIC_AUGMENTED
COHORT_3830,TELANG_DC_02,WP_C,WRIT_GENERAL,2022,Summons / Appearance,1,52,52,52,SYNTHETIC_AUGMENTED
COHORT_3831,TELANG_DC_03,BA,BAIL_GENERAL,2018,Evidence / Argument,1,267,267,267,SYNTHETIC_AUGMENTED
COHORT_3832,TELANG_DC_03,BA,BAIL_GENERAL,2018,Summons / Appearance,1,69,69,69,SYNTHETIC_AUGMENTED
COHORT_3833,TELANG_DC_03,BA,BAIL_GENERAL,2020,Evidence / Argument,1,124,124,124,SYNTHETIC_AUGMENTED
COHORT_3834,TELANG_DC_03,BA,BAIL_GENERAL,2020,Final Arguments / Judgment,1,38,38,38,SYNTHETIC_AUGMENTED
COHORT_3835,TELANG_DC_03,BA,BAIL_GENERAL,2022,Filing / Registration,1,12,12,12,SYNTHETIC_AUGMENTED
COHORT_3836,TELANG_DC_03,BA,BAIL_GENERAL,2022,Final Arguments / Judgment,2,87.5,85,85,SYNTHETIC_AUGMENTED
COHORT_3837,TELANG_DC_03,BA,BAIL_GENERAL,2022,Pleadings / Issues,2,91.5,64,64,SYNTHETIC_AUGMENTED
COHORT_3838,TELANG_DC_03,BA,BAIL_GENERAL,2022,Summons / Appearance,4,197.5,283,283,SYNTHETIC_AUGMENTED
COHORT_3839,TELANG_DC_03,BA,BAIL_GENERAL,2024,Evidence / Argument,2,131.0,129,129,SYNTHETIC_AUGMENTED
COHORT_3840,TELANG_DC_03,BA,BAIL_GENERAL,2024,Filing / Registration,1,52,52,52,SYNTHETIC_AUGMENTED
COHORT_3841,TELANG_DC_03,BA,BAIL_GENERAL,2024,Final Arguments / Judgment,1,53,53,53,SYNTHETIC_AUGMENTED
COHORT_3842,TELANG_DC_03,BA,BAIL_GENERAL,2024,Pleadings / Issues,1,94,94,94,SYNTHETIC_AUGMENTED
COHORT_3843,TELANG_DC_03,BA,BAIL_GENERAL,2024,Summons / Appearance,1,149,149,149,SYNTHETIC_AUGMENTED
COHORT_3844,TELANG_DC_03,CRL_A,CRIMINAL_APPEAL,2018,Evidence / Argument,1,445,445,445,SYNTHETIC_AUGMENTED
COHORT_3845,TELANG_DC_03,CRL_A,CRIMINAL_APPEAL,2018,Pleadings / Issues,1,224,224,224,SYNTHETIC_AUGMENTED
COHORT_3846,TELANG_DC_03,CRL_A,CRIMINAL_APPEAL,2020,Pleadings / Issues,1,53,53,53,SYNTHETIC_AUGMENTED
COHORT_3847,TELANG_DC_03,CRL_A,CRIMINAL_APPEAL,2020,Summons / Appearance,1,33,33,33,SYNTHETIC_AUGMENTED
COHORT_3848,TELANG_DC_03,CRL_A,CRIMINAL_APPEAL,2022,Evidence / Argument,3,312,312,312,SYNTHETIC_AUGMENTED
COHORT_3849,TELANG_DC_03,CRL_A,CRIMINAL_APPEAL,2022,Filing / Registration,2,36.5,28,28,SYNTHETIC_AUGMENTED
COHORT_3850,TELANG_DC_03,CRL_A,CRIMINAL_APPEAL,2022,Pleadings / Issues,2,105.0,91,91,SYNTHETIC_AUGMENTED
COHORT_3851,TELANG_DC_03,CRL_A,CRIMINAL_APPEAL,2022,Summons / Appearance,3,252,252,252,SYNTHETIC_AUGMENTED
COHORT_3852,TELANG_DC_03,CRL_A,CRIMINAL_APPEAL,2024,Pleadings / Issues,1,330,330,330,SYNTHETIC_AUGMENTED
COHORT_3853,TELANG_DC_03,CRL_A,CRIMINAL_APPEAL,2024,Summons / Appearance,1,93,93,93,SYNTHETIC_AUGMENTED
COHORT_3854,TELANG_DC_03,CS,CPC_GENERAL,2018,Summons / Appearance,1,406,406,406,SYNTHETIC_AUGMENTED
COHORT_3855,TELANG_DC_03,CS,CPC_GENERAL,2020,Summons / Appearance,1,128,128,128,SYNTHETIC_AUGMENTED
COHORT_3856,TELANG_DC_03,CS,CPC_GENERAL,2022,Evidence / Argument,3,305,305,305,SYNTHETIC_AUGMENTED
COHORT_3857,TELANG_DC_03,CS,CPC_GENERAL,2022,Final Arguments / Judgment,1,173,173,173,SYNTHETIC_AUGMENTED
COHORT_3858,TELANG_DC_03,CS,CPC_GENERAL,2022,Pleadings / Issues,2,128.5,86,86,SYNTHETIC_AUGMENTED
COHORT_3859,TELANG_DC_03,CS,CPC_GENERAL,2022,Summons / Appearance,3,149,149,149,SYNTHETIC_AUGMENTED
COHORT_3860,TELANG_DC_03,CS,CPC_GENERAL,2024,Evidence / Argument,1,238,238,238,SYNTHETIC_AUGMENTED
COHORT_3861,TELANG_DC_03,CS,CPC_GENERAL,2024,Pleadings / Issues,1,73,73,73,SYNTHETIC_AUGMENTED
COHORT_3862,TELANG_DC_03,CS,CPC_GENERAL,2024,Summons / Appearance,2,122.0,58,58,SYNTHETIC_AUGMENTED
COHORT_3863,TELANG_DC_03,MACA,MOTOR_ACCIDENT,2020,Evidence / Argument,1,152,152,152,SYNTHETIC_AUGMENTED
COHORT_3864,TELANG_DC_03,MACA,MOTOR_ACCIDENT,2022,Evidence / Argument,1,307,307,307,SYNTHETIC_AUGMENTED
COHORT_3865,TELANG_DC_03,MACA,MOTOR_ACCIDENT,2022,Pleadings / Issues,1,65,65,65,SYNTHETIC_AUGMENTED
COHORT_3866,TELANG_DC_03,WP_C,WRIT_GENERAL,2018,Evidence / Argument,2,134.5,131,131,SYNTHETIC_AUGMENTED
COHORT_3867,TELANG_DC_03,WP_C,WRIT_GENERAL,2020,Evidence / Argument,1,211,211,211,SYNTHETIC_AUGMENTED
COHORT_3868,TELANG_DC_03,WP_C,WRIT_GENERAL,2020,Filing / Registration,1,16,16,16,SYNTHETIC_AUGMENTED
COHORT_3869,TELANG_DC_03,WP_C,WRIT_GENERAL,2022,Evidence / Argument,2,327.0,287,287,SYNTHETIC_AUGMENTED
COHORT_3870,TELANG_DC_03,WP_C,WRIT_GENERAL,2022,Pleadings / Issues,1,80,80,80,SYNTHETIC_AUGMENTED
COHORT_3871,TELANG_DC_03,WP_C,WRIT_GENERAL,2024,Evidence / Argument,2,165.5,160,160,SYNTHETIC_AUGMENTED
COHORT_3872,TELANG_DC_03,WP_C,WRIT_GENERAL,2024,Final Arguments / Judgment,1,202,202,202,SYNTHETIC_AUGMENTED
COHORT_3873,TELANG_DC_03,WP_C,WRIT_GENERAL,2024,Summons / Appearance,1,131,131,131,SYNTHETIC_AUGMENTED
COHORT_3874,TELANG_DC_04,BA,BAIL_GENERAL,2022,Evidence / Argument,2,144.0,119,119,SYNTHETIC_AUGMENTED
COHORT_3875,TELANG_DC_04,BA,BAIL_GENERAL,2022,Final Arguments / Judgment,2,65.5,58,58,SYNTHETIC_AUGMENTED
COHORT_3876,TELANG_DC_04,BA,BAIL_GENERAL,2022,Pleadings / Issues,2,59.5,55,55,SYNTHETIC_AUGMENTED
COHORT_3877,TELANG_DC_04,BA,BAIL_GENERAL,2022,Summons / Appearance,2,104.5,75,75,SYNTHETIC_AUGMENTED
COHORT_3878,TELANG_DC_04,BA,BAIL_GENERAL,2024,Evidence / Argument,1,391,391,391,SYNTHETIC_AUGMENTED
COHORT_3879,TELANG_DC_04,BA,BAIL_GENERAL,2024,Filing / Registration,1,8,8,8,SYNTHETIC_AUGMENTED
COHORT_3880,TELANG_DC_04,BA,BAIL_GENERAL,2024,Summons / Appearance,2,224.0,141,141,SYNTHETIC_AUGMENTED
COHORT_3881,TELANG_DC_04,CRL_A,CRIMINAL_APPEAL,2018,Pleadings / Issues,1,69,69,69,SYNTHETIC_AUGMENTED
COHORT_3882,TELANG_DC_04,CRL_A,CRIMINAL_APPEAL,2020,Final Arguments / Judgment,1,106,106,106,SYNTHETIC_AUGMENTED
COHORT_3883,TELANG_DC_04,CRL_A,CRIMINAL_APPEAL,2020,Pleadings / Issues,1,117,117,117,SYNTHETIC_AUGMENTED
COHORT_3884,TELANG_DC_04,CRL_A,CRIMINAL_APPEAL,2020,Summons / Appearance,2,118.0,45,45,SYNTHETIC_AUGMENTED
COHORT_3885,TELANG_DC_04,CRL_A,CRIMINAL_APPEAL,2022,Evidence / Argument,3,240,240,240,SYNTHETIC_AUGMENTED
COHORT_3886,TELANG_DC_04,CRL_A,CRIMINAL_APPEAL,2022,Final Arguments / Judgment,3,55,55,55,SYNTHETIC_AUGMENTED
COHORT_3887,TELANG_DC_04,CRL_A,CRIMINAL_APPEAL,2022,Pleadings / Issues,1,121,121,121,SYNTHETIC_AUGMENTED
COHORT_3888,TELANG_DC_04,CRL_A,CRIMINAL_APPEAL,2022,Summons / Appearance,3,224,224,224,SYNTHETIC_AUGMENTED
COHORT_3889,TELANG_DC_04,CRL_A,CRIMINAL_APPEAL,2024,Pleadings / Issues,2,92.0,67,67,SYNTHETIC_AUGMENTED
COHORT_3890,TELANG_DC_04,CRL_A,CRIMINAL_APPEAL,2024,Summons / Appearance,1,187,187,187,SYNTHETIC_AUGMENTED
COHORT_3891,TELANG_DC_04,CS,CPC_GENERAL,2020,Filing / Registration,2,19.5,18,18,SYNTHETIC_AUGMENTED
COHORT_3892,TELANG_DC_04,CS,CPC_GENERAL,2020,Final Arguments / Judgment,1,84,84,84,SYNTHETIC_AUGMENTED
COHORT_3893,TELANG_DC_04,CS,CPC_GENERAL,2020,Pleadings / Issues,2,184.0,156,156,SYNTHETIC_AUGMENTED
COHORT_3894,TELANG_DC_04,CS,CPC_GENERAL,2020,Summons / Appearance,2,87.0,65,65,SYNTHETIC_AUGMENTED
COHORT_3895,TELANG_DC_04,CS,CPC_GENERAL,2022,Pleadings / Issues,1,74,74,74,SYNTHETIC_AUGMENTED
COHORT_3896,TELANG_DC_04,CS,CPC_GENERAL,2022,Summons / Appearance,6,132.5,164,190,SYNTHETIC_AUGMENTED
COHORT_3897,TELANG_DC_04,CS,CPC_GENERAL,2024,Evidence / Argument,1,82,82,82,SYNTHETIC_AUGMENTED
COHORT_3898,TELANG_DC_04,MACA,MOTOR_ACCIDENT,2018,Evidence / Argument,1,159,159,159,SYNTHETIC_AUGMENTED
COHORT_3899,TELANG_DC_04,MACA,MOTOR_ACCIDENT,2018,Final Arguments / Judgment,1,57,57,57,SYNTHETIC_AUGMENTED
COHORT_3900,TELANG_DC_04,MACA,MOTOR_ACCIDENT,2022,Evidence / Argument,2,163.0,148,148,SYNTHETIC_AUGMENTED
COHORT_3901,TELANG_DC_04,WP_C,WRIT_GENERAL,2018,Final Arguments / Judgment,1,39,39,39,SYNTHETIC_AUGMENTED
COHORT_3902,TELANG_DC_04,WP_C,WRIT_GENERAL,2020,Evidence / Argument,1,199,199,199,SYNTHETIC_AUGMENTED
COHORT_3903,TELANG_DC_04,WP_C,WRIT_GENERAL,2020,Final Arguments / Judgment,1,74,74,74,SYNTHETIC_AUGMENTED
COHORT_3904,TELANG_DC_04,WP_C,WRIT_GENERAL,2022,Evidence / Argument,1,63,63,63,SYNTHETIC_AUGMENTED
COHORT_3905,TELANG_DC_04,WP_C,WRIT_GENERAL,2022,Summons / Appearance,1,67,67,67,SYNTHETIC_AUGMENTED
COHORT_3906,TELANG_DC_04,WP_C,WRIT_GENERAL,2024,Final Arguments / Judgment,1,56,56,56,SYNTHETIC_AUGMENTED
COHORT_3907,TELANG_DC_04,WP_C,WRIT_GENERAL,2024,Pleadings / Issues,1,249,249,249,SYNTHETIC_AUGMENTED
COHORT_3908,TELANG_DC_04,WP_C,WRIT_GENERAL,2024,Summons / Appearance,4,143.5,183,183,SYNTHETIC_AUGMENTED
COHORT_3909,TELANG_DC_05,BA,BAIL_GENERAL,2018,Summons / Appearance,1,89,89,89,SYNTHETIC_AUGMENTED
COHORT_3910,TELANG_DC_05,BA,BAIL_GENERAL,2020,Evidence / Argument,2,208.0,92,92,SYNTHETIC_AUGMENTED
COHORT_3911,TELANG_DC_05,BA,BAIL_GENERAL,2020,Summons / Appearance,1,78,78,78,SYNTHETIC_AUGMENTED
COHORT_3912,TELANG_DC_05,BA,BAIL_GENERAL,2022,Evidence / Argument,3,178,178,178,SYNTHETIC_AUGMENTED
COHORT_3913,TELANG_DC_05,BA,BAIL_GENERAL,2022,Pleadings / Issues,1,95,95,95,SYNTHETIC_AUGMENTED
COHORT_3914,TELANG_DC_05,CRL_A,CRIMINAL_APPEAL,2020,Final Arguments / Judgment,1,34,34,34,SYNTHETIC_AUGMENTED
COHORT_3915,TELANG_DC_05,CRL_A,CRIMINAL_APPEAL,2020,Pleadings / Issues,1,103,103,103,SYNTHETIC_AUGMENTED
COHORT_3916,TELANG_DC_05,CRL_A,CRIMINAL_APPEAL,2022,Evidence / Argument,1,445,445,445,SYNTHETIC_AUGMENTED
COHORT_3917,TELANG_DC_05,CRL_A,CRIMINAL_APPEAL,2022,Filing / Registration,1,52,52,52,SYNTHETIC_AUGMENTED
COHORT_3918,TELANG_DC_05,CRL_A,CRIMINAL_APPEAL,2022,Pleadings / Issues,6,81.5,85,91,SYNTHETIC_AUGMENTED
COHORT_3919,TELANG_DC_05,CRL_A,CRIMINAL_APPEAL,2022,Summons / Appearance,3,94,94,94,SYNTHETIC_AUGMENTED
COHORT_3920,TELANG_DC_05,CRL_A,CRIMINAL_APPEAL,2024,Evidence / Argument,1,199,199,199,SYNTHETIC_AUGMENTED
COHORT_3921,TELANG_DC_05,CRL_A,CRIMINAL_APPEAL,2024,Final Arguments / Judgment,1,111,111,111,SYNTHETIC_AUGMENTED
COHORT_3922,TELANG_DC_05,CRL_A,CRIMINAL_APPEAL,2024,Pleadings / Issues,1,35,35,35,SYNTHETIC_AUGMENTED
COHORT_3923,TELANG_DC_05,CRL_A,CRIMINAL_APPEAL,2024,Summons / Appearance,1,386,386,386,SYNTHETIC_AUGMENTED
COHORT_3924,TELANG_DC_05,CS,CPC_GENERAL,2018,Evidence / Argument,1,352,352,352,SYNTHETIC_AUGMENTED
COHORT_3925,TELANG_DC_05,CS,CPC_GENERAL,2018,Summons / Appearance,1,103,103,103,SYNTHETIC_AUGMENTED
COHORT_3926,TELANG_DC_05,CS,CPC_GENERAL,2020,Evidence / Argument,4,132.0,168,168,SYNTHETIC_AUGMENTED
COHORT_3927,TELANG_DC_05,CS,CPC_GENERAL,2020,Final Arguments / Judgment,1,145,145,145,SYNTHETIC_AUGMENTED
COHORT_3928,TELANG_DC_05,CS,CPC_GENERAL,2020,Summons / Appearance,4,217.5,245,245,SYNTHETIC_AUGMENTED
COHORT_3929,TELANG_DC_05,CS,CPC_GENERAL,2022,Evidence / Argument,2,216.0,111,111,SYNTHETIC_AUGMENTED
COHORT_3930,TELANG_DC_05,CS,CPC_GENERAL,2022,Filing / Registration,1,10,10,10,SYNTHETIC_AUGMENTED
COHORT_3931,TELANG_DC_05,CS,CPC_GENERAL,2022,Final Arguments / Judgment,1,68,68,68,SYNTHETIC_AUGMENTED
COHORT_3932,TELANG_DC_05,CS,CPC_GENERAL,2022,Pleadings / Issues,1,52,52,52,SYNTHETIC_AUGMENTED
COHORT_3933,TELANG_DC_05,CS,CPC_GENERAL,2022,Summons / Appearance,3,150,150,150,SYNTHETIC_AUGMENTED
COHORT_3934,TELANG_DC_05,CS,CPC_GENERAL,2024,Evidence / Argument,2,294.5,195,195,SYNTHETIC_AUGMENTED
COHORT_3935,TELANG_DC_05,CS,CPC_GENERAL,2024,Final Arguments / Judgment,1,82,82,82,SYNTHETIC_AUGMENTED
COHORT_3936,TELANG_DC_05,CS,CPC_GENERAL,2024,Pleadings / Issues,1,95,95,95,SYNTHETIC_AUGMENTED
COHORT_3937,TELANG_DC_05,MACA,MOTOR_ACCIDENT,2018,Evidence / Argument,1,145,145,145,SYNTHETIC_AUGMENTED
COHORT_3938,TELANG_DC_05,MACA,MOTOR_ACCIDENT,2020,Evidence / Argument,1,375,375,375,SYNTHETIC_AUGMENTED
COHORT_3939,TELANG_DC_05,MACA,MOTOR_ACCIDENT,2020,Filing / Registration,1,14,14,14,SYNTHETIC_AUGMENTED
COHORT_3940,TELANG_DC_05,MACA,MOTOR_ACCIDENT,2022,Evidence / Argument,1,246,246,246,SYNTHETIC_AUGMENTED
COHORT_3941,TELANG_DC_05,MACA,MOTOR_ACCIDENT,2022,Filing / Registration,1,11,11,11,SYNTHETIC_AUGMENTED
COHORT_3942,TELANG_DC_05,MACA,MOTOR_ACCIDENT,2022,Pleadings / Issues,1,121,121,121,SYNTHETIC_AUGMENTED
COHORT_3943,TELANG_DC_05,MACA,MOTOR_ACCIDENT,2022,Summons / Appearance,1,240,240,240,SYNTHETIC_AUGMENTED
COHORT_3944,TELANG_DC_05,MACA,MOTOR_ACCIDENT,2024,Summons / Appearance,1,375,375,375,SYNTHETIC_AUGMENTED
COHORT_3945,TELANG_DC_05,WP_C,WRIT_GENERAL,2018,Summons / Appearance,2,65.0,60,60,SYNTHETIC_AUGMENTED
COHORT_3946,TELANG_DC_05,WP_C,WRIT_GENERAL,2020,Pleadings / Issues,1,72,72,72,SYNTHETIC_AUGMENTED
COHORT_3947,TELANG_DC_05,WP_C,WRIT_GENERAL,2020,Summons / Appearance,3,83,83,83,SYNTHETIC_AUGMENTED
COHORT_3948,TELANG_DC_05,WP_C,WRIT_GENERAL,2022,Evidence / Argument,1,128,128,128,SYNTHETIC_AUGMENTED
COHORT_3949,TELANG_DC_05,WP_C,WRIT_GENERAL,2022,Filing / Registration,1,24,24,24,SYNTHETIC_AUGMENTED
COHORT_3950,TELANG_DC_05,WP_C,WRIT_GENERAL,2022,Pleadings / Issues,1,153,153,153,SYNTHETIC_AUGMENTED
COHORT_3951,TELANG_DC_05,WP_C,WRIT_GENERAL,2022,Summons / Appearance,1,83,83,83,SYNTHETIC_AUGMENTED
COHORT_3952,TELANG_DC_05,WP_C,WRIT_GENERAL,2024,Summons / Appearance,2,260.5,190,190,SYNTHETIC_AUGMENTED
COHORT_3953,UTTAR__DC_01,BA,BAIL_GENERAL,2018,Evidence / Argument,1,166,166,166,SYNTHETIC_AUGMENTED
COHORT_3954,UTTAR__DC_01,BA,BAIL_GENERAL,2018,Final Arguments / Judgment,2,37.0,27,27,SYNTHETIC_AUGMENTED
COHORT_3955,UTTAR__DC_01,BA,BAIL_GENERAL,2018,Pleadings / Issues,1,76,76,76,SYNTHETIC_AUGMENTED
COHORT_3956,UTTAR__DC_01,BA,BAIL_GENERAL,2018,Summons / Appearance,3,135,135,135,SYNTHETIC_AUGMENTED
COHORT_3957,UTTAR__DC_01,BA,BAIL_GENERAL,2020,Evidence / Argument,3,265,265,265,SYNTHETIC_AUGMENTED
COHORT_3958,UTTAR__DC_01,BA,BAIL_GENERAL,2020,Filing / Registration,1,17,17,17,SYNTHETIC_AUGMENTED
COHORT_3959,UTTAR__DC_01,BA,BAIL_GENERAL,2020,Pleadings / Issues,3,80,80,80,SYNTHETIC_AUGMENTED
COHORT_3960,UTTAR__DC_01,BA,BAIL_GENERAL,2020,Summons / Appearance,8,123.0,142,180,SYNTHETIC_AUGMENTED
COHORT_3961,UTTAR__DC_01,BA,BAIL_GENERAL,2022,Evidence / Argument,4,309.5,400,400,SYNTHETIC_AUGMENTED
COHORT_3962,UTTAR__DC_01,BA,BAIL_GENERAL,2022,Filing / Registration,2,11.0,5,5,SYNTHETIC_AUGMENTED
COHORT_3963,UTTAR__DC_01,BA,BAIL_GENERAL,2022,Final Arguments / Judgment,7,43,130,145,SYNTHETIC_AUGMENTED
COHORT_3964,UTTAR__DC_01,BA,BAIL_GENERAL,2022,Summons / Appearance,10,80.5,88,222,SYNTHETIC_AUGMENTED
COHORT_3965,UTTAR__DC_01,BA,BAIL_GENERAL,2024,Evidence / Argument,3,340,340,340,SYNTHETIC_AUGMENTED
COHORT_3966,UTTAR__DC_01,BA,BAIL_GENERAL,2024,Pleadings / Issues,3,72,72,72,SYNTHETIC_AUGMENTED
COHORT_3967,UTTAR__DC_01,BA,BAIL_GENERAL,2024,Summons / Appearance,5,128,190,190,SYNTHETIC_AUGMENTED
COHORT_3968,UTTAR__DC_01,CRL_A,CRIMINAL_APPEAL,2018,Evidence / Argument,2,294.5,214,214,SYNTHETIC_AUGMENTED
COHORT_3969,UTTAR__DC_01,CRL_A,CRIMINAL_APPEAL,2018,Final Arguments / Judgment,1,54,54,54,SYNTHETIC_AUGMENTED
COHORT_3970,UTTAR__DC_01,CRL_A,CRIMINAL_APPEAL,2018,Summons / Appearance,2,41.0,33,33,SYNTHETIC_AUGMENTED
COHORT_3971,UTTAR__DC_01,CRL_A,CRIMINAL_APPEAL,2020,Evidence / Argument,3,285,285,285,SYNTHETIC_AUGMENTED
COHORT_3972,UTTAR__DC_01,CRL_A,CRIMINAL_APPEAL,2020,Final Arguments / Judgment,1,41,41,41,SYNTHETIC_AUGMENTED
COHORT_3973,UTTAR__DC_01,CRL_A,CRIMINAL_APPEAL,2020,Pleadings / Issues,1,61,61,61,SYNTHETIC_AUGMENTED
COHORT_3974,UTTAR__DC_01,CRL_A,CRIMINAL_APPEAL,2020,Summons / Appearance,1,105,105,105,SYNTHETIC_AUGMENTED
COHORT_3975,UTTAR__DC_01,CRL_A,CRIMINAL_APPEAL,2022,Evidence / Argument,8,179.5,346,405,SYNTHETIC_AUGMENTED
COHORT_3976,UTTAR__DC_01,CRL_A,CRIMINAL_APPEAL,2022,Filing / Registration,4,15.0,15,15,SYNTHETIC_AUGMENTED
COHORT_3977,UTTAR__DC_01,CRL_A,CRIMINAL_APPEAL,2022,Pleadings / Issues,6,84.5,95,113,SYNTHETIC_AUGMENTED
COHORT_3978,UTTAR__DC_01,CRL_A,CRIMINAL_APPEAL,2022,Summons / Appearance,3,104,104,104,SYNTHETIC_AUGMENTED
COHORT_3979,UTTAR__DC_01,CRL_A,CRIMINAL_APPEAL,2024,Evidence / Argument,1,194,194,194,SYNTHETIC_AUGMENTED
COHORT_3980,UTTAR__DC_01,CRL_A,CRIMINAL_APPEAL,2024,Final Arguments / Judgment,3,41,41,41,SYNTHETIC_AUGMENTED
COHORT_3981,UTTAR__DC_01,CRL_A,CRIMINAL_APPEAL,2024,Summons / Appearance,4,334.5,387,387,SYNTHETIC_AUGMENTED
COHORT_3982,UTTAR__DC_01,CS,CPC_GENERAL,2018,Evidence / Argument,1,283,283,283,SYNTHETIC_AUGMENTED
COHORT_3983,UTTAR__DC_01,CS,CPC_GENERAL,2018,Summons / Appearance,3,79,79,79,SYNTHETIC_AUGMENTED
COHORT_3984,UTTAR__DC_01,CS,CPC_GENERAL,2020,Evidence / Argument,3,219,219,219,SYNTHETIC_AUGMENTED
COHORT_3985,UTTAR__DC_01,CS,CPC_GENERAL,2020,Filing / Registration,1,11,11,11,SYNTHETIC_AUGMENTED
COHORT_3986,UTTAR__DC_01,CS,CPC_GENERAL,2020,Final Arguments / Judgment,4,60.0,80,80,SYNTHETIC_AUGMENTED
COHORT_3987,UTTAR__DC_01,CS,CPC_GENERAL,2020,Pleadings / Issues,5,126,300,300,SYNTHETIC_AUGMENTED
COHORT_3988,UTTAR__DC_01,CS,CPC_GENERAL,2020,Summons / Appearance,7,88,104,225,SYNTHETIC_AUGMENTED
COHORT_3989,UTTAR__DC_01,CS,CPC_GENERAL,2022,Evidence / Argument,10,193.5,300,358,SYNTHETIC_AUGMENTED
COHORT_3990,UTTAR__DC_01,CS,CPC_GENERAL,2022,Filing / Registration,2,10.5,7,7,SYNTHETIC_AUGMENTED
COHORT_3991,UTTAR__DC_01,CS,CPC_GENERAL,2022,Final Arguments / Judgment,8,66.0,105,108,SYNTHETIC_AUGMENTED
COHORT_3992,UTTAR__DC_01,CS,CPC_GENERAL,2022,Pleadings / Issues,7,71,120,158,SYNTHETIC_AUGMENTED
COHORT_3993,UTTAR__DC_01,CS,CPC_GENERAL,2022,Summons / Appearance,12,106.0,241,409,SYNTHETIC_AUGMENTED
COHORT_3994,UTTAR__DC_01,CS,CPC_GENERAL,2024,Evidence / Argument,6,209.0,222,257,SYNTHETIC_AUGMENTED
COHORT_3995,UTTAR__DC_01,CS,CPC_GENERAL,2024,Filing / Registration,4,16.0,18,18,SYNTHETIC_AUGMENTED
COHORT_3996,UTTAR__DC_01,CS,CPC_GENERAL,2024,Pleadings / Issues,2,150.5,48,48,SYNTHETIC_AUGMENTED
COHORT_3997,UTTAR__DC_01,CS,CPC_GENERAL,2024,Summons / Appearance,9,126,217,228,SYNTHETIC_AUGMENTED
COHORT_3998,UTTAR__DC_01,MACA,MOTOR_ACCIDENT,2018,Summons / Appearance,1,179,179,179,SYNTHETIC_AUGMENTED
COHORT_3999,UTTAR__DC_01,MACA,MOTOR_ACCIDENT,2020,Final Arguments / Judgment,1,33,33,33,SYNTHETIC_AUGMENTED
COHORT_4000,UTTAR__DC_01,MACA,MOTOR_ACCIDENT,2022,Evidence / Argument,2,200.0,113,113,SYNTHETIC_AUGMENTED
COHORT_4001,UTTAR__DC_01,MACA,MOTOR_ACCIDENT,2022,Filing / Registration,1,10,10,10,SYNTHETIC_AUGMENTED
COHORT_4002,UTTAR__DC_01,MACA,MOTOR_ACCIDENT,2022,Final Arguments / Judgment,1,71,71,71,SYNTHETIC_AUGMENTED
COHORT_4003,UTTAR__DC_01,MACA,MOTOR_ACCIDENT,2022,Pleadings / Issues,3,105,105,105,SYNTHETIC_AUGMENTED
COHORT_4004,UTTAR__DC_01,MACA,MOTOR_ACCIDENT,2022,Summons / Appearance,2,200.5,69,69,SYNTHETIC_AUGMENTED
COHORT_4005,UTTAR__DC_01,MACA,MOTOR_ACCIDENT,2024,Filing / Registration,1,24,24,24,SYNTHETIC_AUGMENTED
COHORT_4006,UTTAR__DC_01,MACA,MOTOR_ACCIDENT,2024,Summons / Appearance,2,117.0,111,111,SYNTHETIC_AUGMENTED
COHORT_4007,UTTAR__DC_01,WP_C,WRIT_GENERAL,2018,Summons / Appearance,1,44,44,44,SYNTHETIC_AUGMENTED
COHORT_4008,UTTAR__DC_01,WP_C,WRIT_GENERAL,2020,Evidence / Argument,7,473,474,486,SYNTHETIC_AUGMENTED
COHORT_4009,UTTAR__DC_01,WP_C,WRIT_GENERAL,2020,Final Arguments / Judgment,3,115,115,115,SYNTHETIC_AUGMENTED
COHORT_4010,UTTAR__DC_01,WP_C,WRIT_GENERAL,2020,Pleadings / Issues,1,172,172,172,SYNTHETIC_AUGMENTED
COHORT_4011,UTTAR__DC_01,WP_C,WRIT_GENERAL,2020,Summons / Appearance,2,87.5,60,60,SYNTHETIC_AUGMENTED
COHORT_4012,UTTAR__DC_01,WP_C,WRIT_GENERAL,2022,Evidence / Argument,4,200.5,264,264,SYNTHETIC_AUGMENTED
COHORT_4013,UTTAR__DC_01,WP_C,WRIT_GENERAL,2022,Filing / Registration,4,24.5,30,30,SYNTHETIC_AUGMENTED
COHORT_4014,UTTAR__DC_01,WP_C,WRIT_GENERAL,2022,Final Arguments / Judgment,5,92,212,212,SYNTHETIC_AUGMENTED
COHORT_4015,UTTAR__DC_01,WP_C,WRIT_GENERAL,2022,Pleadings / Issues,5,52,72,72,SYNTHETIC_AUGMENTED
COHORT_4016,UTTAR__DC_01,WP_C,WRIT_GENERAL,2022,Summons / Appearance,11,151,228,251,SYNTHETIC_AUGMENTED
COHORT_4017,UTTAR__DC_01,WP_C,WRIT_GENERAL,2024,Filing / Registration,1,20,20,20,SYNTHETIC_AUGMENTED
COHORT_4018,UTTAR__DC_01,WP_C,WRIT_GENERAL,2024,Pleadings / Issues,2,192.5,86,86,SYNTHETIC_AUGMENTED
COHORT_4019,UTTAR__DC_01,WP_C,WRIT_GENERAL,2024,Summons / Appearance,3,51,51,51,SYNTHETIC_AUGMENTED
COHORT_4020,UTTAR__DC_02,BA,BAIL_GENERAL,2018,Evidence / Argument,1,225,225,225,SYNTHETIC_AUGMENTED
COHORT_4021,UTTAR__DC_02,BA,BAIL_GENERAL,2018,Pleadings / Issues,1,62,62,62,SYNTHETIC_AUGMENTED
COHORT_4022,UTTAR__DC_02,BA,BAIL_GENERAL,2018,Summons / Appearance,1,101,101,101,SYNTHETIC_AUGMENTED
COHORT_4023,UTTAR__DC_02,BA,BAIL_GENERAL,2020,Evidence / Argument,1,496,496,496,SYNTHETIC_AUGMENTED
COHORT_4024,UTTAR__DC_02,BA,BAIL_GENERAL,2020,Filing / Registration,1,19,19,19,SYNTHETIC_AUGMENTED
COHORT_4025,UTTAR__DC_02,BA,BAIL_GENERAL,2020,Pleadings / Issues,4,80.0,92,92,SYNTHETIC_AUGMENTED
COHORT_4026,UTTAR__DC_02,BA,BAIL_GENERAL,2020,Summons / Appearance,8,63.0,91,123,SYNTHETIC_AUGMENTED
COHORT_4027,UTTAR__DC_02,BA,BAIL_GENERAL,2022,Evidence / Argument,8,178.0,247,294,SYNTHETIC_AUGMENTED
COHORT_4028,UTTAR__DC_02,BA,BAIL_GENERAL,2022,Filing / Registration,3,16,16,16,SYNTHETIC_AUGMENTED
COHORT_4029,UTTAR__DC_02,BA,BAIL_GENERAL,2022,Final Arguments / Judgment,6,63.0,67,133,SYNTHETIC_AUGMENTED
COHORT_4030,UTTAR__DC_02,BA,BAIL_GENERAL,2022,Pleadings / Issues,7,52,74,169,SYNTHETIC_AUGMENTED
COHORT_4031,UTTAR__DC_02,BA,BAIL_GENERAL,2022,Summons / Appearance,17,137,284,291,SYNTHETIC_AUGMENTED
COHORT_4032,UTTAR__DC_02,BA,BAIL_GENERAL,2024,Evidence / Argument,2,256.5,188,188,SYNTHETIC_AUGMENTED
COHORT_4033,UTTAR__DC_02,BA,BAIL_GENERAL,2024,Filing / Registration,1,18,18,18,SYNTHETIC_AUGMENTED
COHORT_4034,UTTAR__DC_02,BA,BAIL_GENERAL,2024,Final Arguments / Judgment,3,42,42,42,SYNTHETIC_AUGMENTED
COHORT_4035,UTTAR__DC_02,BA,BAIL_GENERAL,2024,Pleadings / Issues,4,204.5,258,258,SYNTHETIC_AUGMENTED
COHORT_4036,UTTAR__DC_02,BA,BAIL_GENERAL,2024,Summons / Appearance,5,339,385,385,SYNTHETIC_AUGMENTED
COHORT_4037,UTTAR__DC_02,CRL_A,CRIMINAL_APPEAL,2018,Final Arguments / Judgment,1,47,47,47,SYNTHETIC_AUGMENTED
COHORT_4038,UTTAR__DC_02,CRL_A,CRIMINAL_APPEAL,2018,Pleadings / Issues,3,109,109,109,SYNTHETIC_AUGMENTED
COHORT_4039,UTTAR__DC_02,CRL_A,CRIMINAL_APPEAL,2018,Summons / Appearance,3,349,349,349,SYNTHETIC_AUGMENTED
COHORT_4040,UTTAR__DC_02,CRL_A,CRIMINAL_APPEAL,2020,Evidence / Argument,2,258.0,200,200,SYNTHETIC_AUGMENTED
COHORT_4041,UTTAR__DC_02,CRL_A,CRIMINAL_APPEAL,2020,Filing / Registration,2,11.5,9,9,SYNTHETIC_AUGMENTED
COHORT_4042,UTTAR__DC_02,CRL_A,CRIMINAL_APPEAL,2020,Final Arguments / Judgment,1,43,43,43,SYNTHETIC_AUGMENTED
COHORT_4043,UTTAR__DC_02,CRL_A,CRIMINAL_APPEAL,2020,Pleadings / Issues,3,84,84,84,SYNTHETIC_AUGMENTED
COHORT_4044,UTTAR__DC_02,CRL_A,CRIMINAL_APPEAL,2020,Summons / Appearance,6,85.0,96,96,SYNTHETIC_AUGMENTED
COHORT_4045,UTTAR__DC_02,CRL_A,CRIMINAL_APPEAL,2022,Evidence / Argument,4,263.5,275,275,SYNTHETIC_AUGMENTED
COHORT_4046,UTTAR__DC_02,CRL_A,CRIMINAL_APPEAL,2022,Filing / Registration,3,18,18,18,SYNTHETIC_AUGMENTED
COHORT_4047,UTTAR__DC_02,CRL_A,CRIMINAL_APPEAL,2022,Final Arguments / Judgment,3,94,94,94,SYNTHETIC_AUGMENTED
COHORT_4048,UTTAR__DC_02,CRL_A,CRIMINAL_APPEAL,2022,Pleadings / Issues,3,86,86,86,SYNTHETIC_AUGMENTED
COHORT_4049,UTTAR__DC_02,CRL_A,CRIMINAL_APPEAL,2022,Summons / Appearance,5,76,126,126,SYNTHETIC_AUGMENTED
COHORT_4050,UTTAR__DC_02,CRL_A,CRIMINAL_APPEAL,2024,Evidence / Argument,3,197,197,197,SYNTHETIC_AUGMENTED
COHORT_4051,UTTAR__DC_02,CRL_A,CRIMINAL_APPEAL,2024,Filing / Registration,1,7,7,7,SYNTHETIC_AUGMENTED
COHORT_4052,UTTAR__DC_02,CRL_A,CRIMINAL_APPEAL,2024,Final Arguments / Judgment,3,58,58,58,SYNTHETIC_AUGMENTED
COHORT_4053,UTTAR__DC_02,CRL_A,CRIMINAL_APPEAL,2024,Pleadings / Issues,3,87,87,87,SYNTHETIC_AUGMENTED
COHORT_4054,UTTAR__DC_02,CRL_A,CRIMINAL_APPEAL,2024,Summons / Appearance,4,88.0,88,88,SYNTHETIC_AUGMENTED
COHORT_4055,UTTAR__DC_02,CS,CPC_GENERAL,2018,Filing / Registration,2,12.0,6,6,SYNTHETIC_AUGMENTED
COHORT_4056,UTTAR__DC_02,CS,CPC_GENERAL,2018,Final Arguments / Judgment,2,148.0,103,103,SYNTHETIC_AUGMENTED
COHORT_4057,UTTAR__DC_02,CS,CPC_GENERAL,2018,Summons / Appearance,2,121.0,28,28,SYNTHETIC_AUGMENTED
COHORT_4058,UTTAR__DC_02,CS,CPC_GENERAL,2020,Evidence / Argument,1,89,89,89,SYNTHETIC_AUGMENTED
COHORT_4059,UTTAR__DC_02,CS,CPC_GENERAL,2020,Filing / Registration,3,23,23,23,SYNTHETIC_AUGMENTED
COHORT_4060,UTTAR__DC_02,CS,CPC_GENERAL,2020,Final Arguments / Judgment,3,39,39,39,SYNTHETIC_AUGMENTED
COHORT_4061,UTTAR__DC_02,CS,CPC_GENERAL,2020,Pleadings / Issues,4,167.5,245,245,SYNTHETIC_AUGMENTED
COHORT_4062,UTTAR__DC_02,CS,CPC_GENERAL,2020,Summons / Appearance,9,162,302,345,SYNTHETIC_AUGMENTED
COHORT_4063,UTTAR__DC_02,CS,CPC_GENERAL,2022,Evidence / Argument,9,143,181,194,SYNTHETIC_AUGMENTED
COHORT_4064,UTTAR__DC_02,CS,CPC_GENERAL,2022,Filing / Registration,4,16.5,17,17,SYNTHETIC_AUGMENTED
COHORT_4065,UTTAR__DC_02,CS,CPC_GENERAL,2022,Final Arguments / Judgment,4,51.0,56,56,SYNTHETIC_AUGMENTED
COHORT_4066,UTTAR__DC_02,CS,CPC_GENERAL,2022,Pleadings / Issues,6,94.5,98,102,SYNTHETIC_AUGMENTED
COHORT_4067,UTTAR__DC_02,CS,CPC_GENERAL,2022,Summons / Appearance,10,84.5,118,149,SYNTHETIC_AUGMENTED
COHORT_4068,UTTAR__DC_02,CS,CPC_GENERAL,2024,Evidence / Argument,6,113.5,121,130,SYNTHETIC_AUGMENTED
COHORT_4069,UTTAR__DC_02,CS,CPC_GENERAL,2024,Filing / Registration,2,26.0,8,8,SYNTHETIC_AUGMENTED
COHORT_4070,UTTAR__DC_02,CS,CPC_GENERAL,2024,Final Arguments / Judgment,2,59.0,50,50,SYNTHETIC_AUGMENTED
COHORT_4071,UTTAR__DC_02,CS,CPC_GENERAL,2024,Pleadings / Issues,3,45,45,45,SYNTHETIC_AUGMENTED
COHORT_4072,UTTAR__DC_02,CS,CPC_GENERAL,2024,Summons / Appearance,10,140.5,190,328,SYNTHETIC_AUGMENTED
COHORT_4073,UTTAR__DC_02,MACA,MOTOR_ACCIDENT,2018,Summons / Appearance,1,256,256,256,SYNTHETIC_AUGMENTED
COHORT_4074,UTTAR__DC_02,MACA,MOTOR_ACCIDENT,2020,Pleadings / Issues,2,83.5,46,46,SYNTHETIC_AUGMENTED
COHORT_4075,UTTAR__DC_02,MACA,MOTOR_ACCIDENT,2020,Summons / Appearance,2,225.0,39,39,SYNTHETIC_AUGMENTED
COHORT_4076,UTTAR__DC_02,MACA,MOTOR_ACCIDENT,2022,Final Arguments / Judgment,2,41.0,35,35,SYNTHETIC_AUGMENTED
COHORT_4077,UTTAR__DC_02,MACA,MOTOR_ACCIDENT,2022,Pleadings / Issues,3,152,152,152,SYNTHETIC_AUGMENTED
COHORT_4078,UTTAR__DC_02,MACA,MOTOR_ACCIDENT,2022,Summons / Appearance,1,102,102,102,SYNTHETIC_AUGMENTED
COHORT_4079,UTTAR__DC_02,MACA,MOTOR_ACCIDENT,2024,Evidence / Argument,1,126,126,126,SYNTHETIC_AUGMENTED
COHORT_4080,UTTAR__DC_02,MACA,MOTOR_ACCIDENT,2024,Pleadings / Issues,1,50,50,50,SYNTHETIC_AUGMENTED
COHORT_4081,UTTAR__DC_02,WP_C,WRIT_GENERAL,2018,Evidence / Argument,2,301.5,277,277,SYNTHETIC_AUGMENTED
COHORT_4082,UTTAR__DC_02,WP_C,WRIT_GENERAL,2018,Filing / Registration,1,25,25,25,SYNTHETIC_AUGMENTED
COHORT_4083,UTTAR__DC_02,WP_C,WRIT_GENERAL,2018,Pleadings / Issues,1,99,99,99,SYNTHETIC_AUGMENTED
COHORT_4084,UTTAR__DC_02,WP_C,WRIT_GENERAL,2018,Summons / Appearance,2,372.0,342,342,SYNTHETIC_AUGMENTED
COHORT_4085,UTTAR__DC_02,WP_C,WRIT_GENERAL,2020,Filing / Registration,3,14,14,14,SYNTHETIC_AUGMENTED
COHORT_4086,UTTAR__DC_02,WP_C,WRIT_GENERAL,2020,Pleadings / Issues,2,107.0,75,75,SYNTHETIC_AUGMENTED
COHORT_4087,UTTAR__DC_02,WP_C,WRIT_GENERAL,2020,Summons / Appearance,6,64.5,81,90,SYNTHETIC_AUGMENTED
COHORT_4088,UTTAR__DC_02,WP_C,WRIT_GENERAL,2022,Evidence / Argument,3,87,87,87,SYNTHETIC_AUGMENTED
COHORT_4089,UTTAR__DC_02,WP_C,WRIT_GENERAL,2022,Filing / Registration,1,25,25,25,SYNTHETIC_AUGMENTED
COHORT_4090,UTTAR__DC_02,WP_C,WRIT_GENERAL,2022,Final Arguments / Judgment,1,48,48,48,SYNTHETIC_AUGMENTED
COHORT_4091,UTTAR__DC_02,WP_C,WRIT_GENERAL,2022,Pleadings / Issues,9,107,188,200,SYNTHETIC_AUGMENTED
COHORT_4092,UTTAR__DC_02,WP_C,WRIT_GENERAL,2022,Summons / Appearance,5,78,398,398,SYNTHETIC_AUGMENTED
COHORT_4093,UTTAR__DC_02,WP_C,WRIT_GENERAL,2024,Evidence / Argument,8,211.0,300,324,SYNTHETIC_AUGMENTED
COHORT_4094,UTTAR__DC_02,WP_C,WRIT_GENERAL,2024,Pleadings / Issues,4,80.5,83,83,SYNTHETIC_AUGMENTED
COHORT_4095,UTTAR__DC_02,WP_C,WRIT_GENERAL,2024,Summons / Appearance,5,50,93,93,SYNTHETIC_AUGMENTED
COHORT_4096,UTTAR__DC_03,BA,BAIL_GENERAL,2018,Evidence / Argument,1,371,371,371,SYNTHETIC_AUGMENTED
COHORT_4097,UTTAR__DC_03,BA,BAIL_GENERAL,2018,Filing / Registration,1,21,21,21,SYNTHETIC_AUGMENTED
COHORT_4098,UTTAR__DC_03,BA,BAIL_GENERAL,2018,Final Arguments / Judgment,1,132,132,132,SYNTHETIC_AUGMENTED
COHORT_4099,UTTAR__DC_03,BA,BAIL_GENERAL,2018,Pleadings / Issues,1,141,141,141,SYNTHETIC_AUGMENTED
COHORT_4100,UTTAR__DC_03,BA,BAIL_GENERAL,2018,Summons / Appearance,2,77.0,66,66,SYNTHETIC_AUGMENTED
COHORT_4101,UTTAR__DC_03,BA,BAIL_GENERAL,2020,Evidence / Argument,3,202,202,202,SYNTHETIC_AUGMENTED
COHORT_4102,UTTAR__DC_03,BA,BAIL_GENERAL,2020,Filing / Registration,3,19,19,19,SYNTHETIC_AUGMENTED
COHORT_4103,UTTAR__DC_03,BA,BAIL_GENERAL,2020,Final Arguments / Judgment,2,49.0,42,42,SYNTHETIC_AUGMENTED
COHORT_4104,UTTAR__DC_03,BA,BAIL_GENERAL,2020,Summons / Appearance,7,104,139,195,SYNTHETIC_AUGMENTED
COHORT_4105,UTTAR__DC_03,BA,BAIL_GENERAL,2022,Evidence / Argument,8,182.0,197,223,SYNTHETIC_AUGMENTED
COHORT_4106,UTTAR__DC_03,BA,BAIL_GENERAL,2022,Filing / Registration,2,14.5,12,12,SYNTHETIC_AUGMENTED
COHORT_4107,UTTAR__DC_03,BA,BAIL_GENERAL,2022,Final Arguments / Judgment,2,50.0,34,34,SYNTHETIC_AUGMENTED
COHORT_4108,UTTAR__DC_03,BA,BAIL_GENERAL,2022,Pleadings / Issues,7,123,292,310,SYNTHETIC_AUGMENTED
COHORT_4109,UTTAR__DC_03,BA,BAIL_GENERAL,2022,Summons / Appearance,9,155,261,311,SYNTHETIC_AUGMENTED
COHORT_4110,UTTAR__DC_03,BA,BAIL_GENERAL,2024,Evidence / Argument,3,149,149,149,SYNTHETIC_AUGMENTED
COHORT_4111,UTTAR__DC_03,BA,BAIL_GENERAL,2024,Filing / Registration,1,7,7,7,SYNTHETIC_AUGMENTED
COHORT_4112,UTTAR__DC_03,BA,BAIL_GENERAL,2024,Final Arguments / Judgment,2,122.0,63,63,SYNTHETIC_AUGMENTED
COHORT_4113,UTTAR__DC_03,BA,BAIL_GENERAL,2024,Pleadings / Issues,3,110,110,110,SYNTHETIC_AUGMENTED
COHORT_4114,UTTAR__DC_03,BA,BAIL_GENERAL,2024,Summons / Appearance,4,76.5,98,98,SYNTHETIC_AUGMENTED
COHORT_4115,UTTAR__DC_03,CRL_A,CRIMINAL_APPEAL,2018,Evidence / Argument,2,447.0,426,426,SYNTHETIC_AUGMENTED
COHORT_4116,UTTAR__DC_03,CRL_A,CRIMINAL_APPEAL,2018,Filing / Registration,1,12,12,12,SYNTHETIC_AUGMENTED
COHORT_4117,UTTAR__DC_03,CRL_A,CRIMINAL_APPEAL,2018,Final Arguments / Judgment,1,80,80,80,SYNTHETIC_AUGMENTED
COHORT_4118,UTTAR__DC_03,CRL_A,CRIMINAL_APPEAL,2018,Pleadings / Issues,1,117,117,117,SYNTHETIC_AUGMENTED
COHORT_4119,UTTAR__DC_03,CRL_A,CRIMINAL_APPEAL,2018,Summons / Appearance,2,225.5,182,182,SYNTHETIC_AUGMENTED
COHORT_4120,UTTAR__DC_03,CRL_A,CRIMINAL_APPEAL,2020,Evidence / Argument,4,224.0,310,310,SYNTHETIC_AUGMENTED
COHORT_4121,UTTAR__DC_03,CRL_A,CRIMINAL_APPEAL,2020,Filing / Registration,1,15,15,15,SYNTHETIC_AUGMENTED
COHORT_4122,UTTAR__DC_03,CRL_A,CRIMINAL_APPEAL,2020,Summons / Appearance,3,187,187,187,SYNTHETIC_AUGMENTED
COHORT_4123,UTTAR__DC_03,CRL_A,CRIMINAL_APPEAL,2022,Evidence / Argument,5,197,364,364,SYNTHETIC_AUGMENTED
COHORT_4124,UTTAR__DC_03,CRL_A,CRIMINAL_APPEAL,2022,Filing / Registration,2,8.5,8,8,SYNTHETIC_AUGMENTED
COHORT_4125,UTTAR__DC_03,CRL_A,CRIMINAL_APPEAL,2022,Final Arguments / Judgment,5,73,88,88,SYNTHETIC_AUGMENTED
COHORT_4126,UTTAR__DC_03,CRL_A,CRIMINAL_APPEAL,2022,Pleadings / Issues,7,93,100,111,SYNTHETIC_AUGMENTED
COHORT_4127,UTTAR__DC_03,CRL_A,CRIMINAL_APPEAL,2022,Summons / Appearance,11,142,266,337,SYNTHETIC_AUGMENTED
COHORT_4128,UTTAR__DC_03,CRL_A,CRIMINAL_APPEAL,2024,Evidence / Argument,2,351.5,216,216,SYNTHETIC_AUGMENTED
COHORT_4129,UTTAR__DC_03,CRL_A,CRIMINAL_APPEAL,2024,Filing / Registration,1,19,19,19,SYNTHETIC_AUGMENTED
COHORT_4130,UTTAR__DC_03,CRL_A,CRIMINAL_APPEAL,2024,Pleadings / Issues,3,220,220,220,SYNTHETIC_AUGMENTED
COHORT_4131,UTTAR__DC_03,CRL_A,CRIMINAL_APPEAL,2024,Summons / Appearance,1,48,48,48,SYNTHETIC_AUGMENTED
COHORT_4132,UTTAR__DC_03,CS,CPC_GENERAL,2018,Evidence / Argument,2,368.5,334,334,SYNTHETIC_AUGMENTED
COHORT_4133,UTTAR__DC_03,CS,CPC_GENERAL,2018,Filing / Registration,1,14,14,14,SYNTHETIC_AUGMENTED
COHORT_4134,UTTAR__DC_03,CS,CPC_GENERAL,2018,Pleadings / Issues,3,90,90,90,SYNTHETIC_AUGMENTED
COHORT_4135,UTTAR__DC_03,CS,CPC_GENERAL,2018,Summons / Appearance,3,155,155,155,SYNTHETIC_AUGMENTED
COHORT_4136,UTTAR__DC_03,CS,CPC_GENERAL,2020,Evidence / Argument,2,239.5,95,95,SYNTHETIC_AUGMENTED
COHORT_4137,UTTAR__DC_03,CS,CPC_GENERAL,2020,Final Arguments / Judgment,3,105,105,105,SYNTHETIC_AUGMENTED
COHORT_4138,UTTAR__DC_03,CS,CPC_GENERAL,2020,Pleadings / Issues,5,104,108,108,SYNTHETIC_AUGMENTED
COHORT_4139,UTTAR__DC_03,CS,CPC_GENERAL,2020,Summons / Appearance,10,129.0,291,353,SYNTHETIC_AUGMENTED
COHORT_4140,UTTAR__DC_03,CS,CPC_GENERAL,2022,Evidence / Argument,11,182,230,384,SYNTHETIC_AUGMENTED
COHORT_4141,UTTAR__DC_03,CS,CPC_GENERAL,2022,Filing / Registration,3,26,26,26,SYNTHETIC_AUGMENTED
COHORT_4142,UTTAR__DC_03,CS,CPC_GENERAL,2022,Final Arguments / Judgment,2,77.5,55,55,SYNTHETIC_AUGMENTED
COHORT_4143,UTTAR__DC_03,CS,CPC_GENERAL,2022,Pleadings / Issues,4,130.0,138,138,SYNTHETIC_AUGMENTED
COHORT_4144,UTTAR__DC_03,CS,CPC_GENERAL,2022,Summons / Appearance,8,64.0,151,151,SYNTHETIC_AUGMENTED
COHORT_4145,UTTAR__DC_03,CS,CPC_GENERAL,2024,Evidence / Argument,9,145,234,360,SYNTHETIC_AUGMENTED
COHORT_4146,UTTAR__DC_03,CS,CPC_GENERAL,2024,Filing / Registration,1,10,10,10,SYNTHETIC_AUGMENTED
COHORT_4147,UTTAR__DC_03,CS,CPC_GENERAL,2024,Summons / Appearance,7,132,180,187,SYNTHETIC_AUGMENTED
COHORT_4148,UTTAR__DC_03,MACA,MOTOR_ACCIDENT,2020,Evidence / Argument,3,119,119,119,SYNTHETIC_AUGMENTED
COHORT_4149,UTTAR__DC_03,MACA,MOTOR_ACCIDENT,2020,Summons / Appearance,1,91,91,91,SYNTHETIC_AUGMENTED
COHORT_4150,UTTAR__DC_03,MACA,MOTOR_ACCIDENT,2022,Final Arguments / Judgment,2,52.0,38,38,SYNTHETIC_AUGMENTED
COHORT_4151,UTTAR__DC_03,MACA,MOTOR_ACCIDENT,2022,Summons / Appearance,5,74,204,204,SYNTHETIC_AUGMENTED
COHORT_4152,UTTAR__DC_03,MACA,MOTOR_ACCIDENT,2024,Evidence / Argument,2,137.0,125,125,SYNTHETIC_AUGMENTED
COHORT_4153,UTTAR__DC_03,MACA,MOTOR_ACCIDENT,2024,Filing / Registration,1,11,11,11,SYNTHETIC_AUGMENTED
COHORT_4154,UTTAR__DC_03,MACA,MOTOR_ACCIDENT,2024,Summons / Appearance,1,393,393,393,SYNTHETIC_AUGMENTED
COHORT_4155,UTTAR__DC_03,WP_C,WRIT_GENERAL,2018,Filing / Registration,2,19.5,14,14,SYNTHETIC_AUGMENTED
COHORT_4156,UTTAR__DC_03,WP_C,WRIT_GENERAL,2018,Final Arguments / Judgment,1,82,82,82,SYNTHETIC_AUGMENTED
COHORT_4157,UTTAR__DC_03,WP_C,WRIT_GENERAL,2018,Pleadings / Issues,3,144,144,144,SYNTHETIC_AUGMENTED
COHORT_4158,UTTAR__DC_03,WP_C,WRIT_GENERAL,2018,Summons / Appearance,3,80,80,80,SYNTHETIC_AUGMENTED
COHORT_4159,UTTAR__DC_03,WP_C,WRIT_GENERAL,2020,Filing / Registration,1,19,19,19,SYNTHETIC_AUGMENTED
COHORT_4160,UTTAR__DC_03,WP_C,WRIT_GENERAL,2020,Final Arguments / Judgment,2,53.5,47,47,SYNTHETIC_AUGMENTED
COHORT_4161,UTTAR__DC_03,WP_C,WRIT_GENERAL,2020,Pleadings / Issues,3,96,96,96,SYNTHETIC_AUGMENTED
COHORT_4162,UTTAR__DC_03,WP_C,WRIT_GENERAL,2020,Summons / Appearance,3,68,68,68,SYNTHETIC_AUGMENTED
COHORT_4163,UTTAR__DC_03,WP_C,WRIT_GENERAL,2022,Evidence / Argument,3,121,121,121,SYNTHETIC_AUGMENTED
COHORT_4164,UTTAR__DC_03,WP_C,WRIT_GENERAL,2022,Filing / Registration,3,48,48,48,SYNTHETIC_AUGMENTED
COHORT_4165,UTTAR__DC_03,WP_C,WRIT_GENERAL,2022,Final Arguments / Judgment,4,55.5,56,56,SYNTHETIC_AUGMENTED
COHORT_4166,UTTAR__DC_03,WP_C,WRIT_GENERAL,2022,Pleadings / Issues,4,142.5,162,162,SYNTHETIC_AUGMENTED
COHORT_4167,UTTAR__DC_03,WP_C,WRIT_GENERAL,2022,Summons / Appearance,7,157,184,194,SYNTHETIC_AUGMENTED
COHORT_4168,UTTAR__DC_03,WP_C,WRIT_GENERAL,2024,Evidence / Argument,1,186,186,186,SYNTHETIC_AUGMENTED
COHORT_4169,UTTAR__DC_03,WP_C,WRIT_GENERAL,2024,Pleadings / Issues,4,82.5,92,92,SYNTHETIC_AUGMENTED
COHORT_4170,UTTAR__DC_03,WP_C,WRIT_GENERAL,2024,Summons / Appearance,4,141.0,197,197,SYNTHETIC_AUGMENTED
COHORT_4171,UTTAR__DC_04,BA,BAIL_GENERAL,2018,Filing / Registration,2,13.0,9,9,SYNTHETIC_AUGMENTED
COHORT_4172,UTTAR__DC_04,BA,BAIL_GENERAL,2018,Pleadings / Issues,1,175,175,175,SYNTHETIC_AUGMENTED
COHORT_4173,UTTAR__DC_04,BA,BAIL_GENERAL,2018,Summons / Appearance,3,175,175,175,SYNTHETIC_AUGMENTED
COHORT_4174,UTTAR__DC_04,BA,BAIL_GENERAL,2020,Evidence / Argument,3,218,218,218,SYNTHETIC_AUGMENTED
COHORT_4175,UTTAR__DC_04,BA,BAIL_GENERAL,2020,Filing / Registration,1,18,18,18,SYNTHETIC_AUGMENTED
COHORT_4176,UTTAR__DC_04,BA,BAIL_GENERAL,2020,Final Arguments / Judgment,1,116,116,116,SYNTHETIC_AUGMENTED
COHORT_4177,UTTAR__DC_04,BA,BAIL_GENERAL,2020,Pleadings / Issues,3,54,54,54,SYNTHETIC_AUGMENTED
COHORT_4178,UTTAR__DC_04,BA,BAIL_GENERAL,2020,Summons / Appearance,6,178.0,206,306,SYNTHETIC_AUGMENTED
COHORT_4179,UTTAR__DC_04,BA,BAIL_GENERAL,2022,Evidence / Argument,8,276.0,353,362,SYNTHETIC_AUGMENTED
COHORT_4180,UTTAR__DC_04,BA,BAIL_GENERAL,2022,Filing / Registration,3,11,11,11,SYNTHETIC_AUGMENTED
COHORT_4181,UTTAR__DC_04,BA,BAIL_GENERAL,2022,Final Arguments / Judgment,4,93.0,99,99,SYNTHETIC_AUGMENTED
COHORT_4182,UTTAR__DC_04,BA,BAIL_GENERAL,2022,Pleadings / Issues,7,67,87,111,SYNTHETIC_AUGMENTED
COHORT_4183,UTTAR__DC_04,BA,BAIL_GENERAL,2022,Summons / Appearance,11,99,188,321,SYNTHETIC_AUGMENTED
COHORT_4184,UTTAR__DC_04,BA,BAIL_GENERAL,2024,Evidence / Argument,4,110.0,125,125,SYNTHETIC_AUGMENTED
COHORT_4185,UTTAR__DC_04,BA,BAIL_GENERAL,2024,Filing / Registration,1,23,23,23,SYNTHETIC_AUGMENTED
COHORT_4186,UTTAR__DC_04,BA,BAIL_GENERAL,2024,Pleadings / Issues,7,77,79,133,SYNTHETIC_AUGMENTED
COHORT_4187,UTTAR__DC_04,BA,BAIL_GENERAL,2024,Summons / Appearance,4,43.5,65,65,SYNTHETIC_AUGMENTED
COHORT_4188,UTTAR__DC_04,CRL_A,CRIMINAL_APPEAL,2018,Pleadings / Issues,1,71,71,71,SYNTHETIC_AUGMENTED
COHORT_4189,UTTAR__DC_04,CRL_A,CRIMINAL_APPEAL,2018,Summons / Appearance,2,91.5,80,80,SYNTHETIC_AUGMENTED
COHORT_4190,UTTAR__DC_04,CRL_A,CRIMINAL_APPEAL,2020,Evidence / Argument,1,78,78,78,SYNTHETIC_AUGMENTED
COHORT_4191,UTTAR__DC_04,CRL_A,CRIMINAL_APPEAL,2020,Final Arguments / Judgment,1,97,97,97,SYNTHETIC_AUGMENTED
COHORT_4192,UTTAR__DC_04,CRL_A,CRIMINAL_APPEAL,2020,Pleadings / Issues,3,63,63,63,SYNTHETIC_AUGMENTED
COHORT_4193,UTTAR__DC_04,CRL_A,CRIMINAL_APPEAL,2020,Summons / Appearance,2,105.0,85,85,SYNTHETIC_AUGMENTED
COHORT_4194,UTTAR__DC_04,CRL_A,CRIMINAL_APPEAL,2022,Evidence / Argument,2,130.5,128,128,SYNTHETIC_AUGMENTED
COHORT_4195,UTTAR__DC_04,CRL_A,CRIMINAL_APPEAL,2022,Filing / Registration,4,17.0,18,18,SYNTHETIC_AUGMENTED
COHORT_4196,UTTAR__DC_04,CRL_A,CRIMINAL_APPEAL,2022,Final Arguments / Judgment,2,72.0,63,63,SYNTHETIC_AUGMENTED
COHORT_4197,UTTAR__DC_04,CRL_A,CRIMINAL_APPEAL,2022,Pleadings / Issues,7,68,70,306,SYNTHETIC_AUGMENTED
COHORT_4198,UTTAR__DC_04,CRL_A,CRIMINAL_APPEAL,2022,Summons / Appearance,7,99,212,272,SYNTHETIC_AUGMENTED
COHORT_4199,UTTAR__DC_04,CRL_A,CRIMINAL_APPEAL,2024,Final Arguments / Judgment,1,59,59,59,SYNTHETIC_AUGMENTED
COHORT_4200,UTTAR__DC_04,CRL_A,CRIMINAL_APPEAL,2024,Pleadings / Issues,2,95.0,82,82,SYNTHETIC_AUGMENTED
COHORT_4201,UTTAR__DC_04,CRL_A,CRIMINAL_APPEAL,2024,Summons / Appearance,2,118.5,94,94,SYNTHETIC_AUGMENTED
COHORT_4202,UTTAR__DC_04,CS,CPC_GENERAL,2018,Evidence / Argument,2,190.5,127,127,SYNTHETIC_AUGMENTED
COHORT_4203,UTTAR__DC_04,CS,CPC_GENERAL,2018,Filing / Registration,1,18,18,18,SYNTHETIC_AUGMENTED
COHORT_4204,UTTAR__DC_04,CS,CPC_GENERAL,2018,Summons / Appearance,4,181.0,278,278,SYNTHETIC_AUGMENTED
COHORT_4205,UTTAR__DC_04,CS,CPC_GENERAL,2020,Evidence / Argument,5,347,389,389,SYNTHETIC_AUGMENTED
COHORT_4206,UTTAR__DC_04,CS,CPC_GENERAL,2020,Filing / Registration,1,7,7,7,SYNTHETIC_AUGMENTED
COHORT_4207,UTTAR__DC_04,CS,CPC_GENERAL,2020,Pleadings / Issues,2,71.0,57,57,SYNTHETIC_AUGMENTED
COHORT_4208,UTTAR__DC_04,CS,CPC_GENERAL,2020,Summons / Appearance,5,179,188,188,SYNTHETIC_AUGMENTED
COHORT_4209,UTTAR__DC_04,CS,CPC_GENERAL,2022,Evidence / Argument,10,203.0,263,315,SYNTHETIC_AUGMENTED
COHORT_4210,UTTAR__DC_04,CS,CPC_GENERAL,2022,Filing / Registration,5,23,37,37,SYNTHETIC_AUGMENTED
COHORT_4211,UTTAR__DC_04,CS,CPC_GENERAL,2022,Final Arguments / Judgment,4,73.0,78,78,SYNTHETIC_AUGMENTED
COHORT_4212,UTTAR__DC_04,CS,CPC_GENERAL,2022,Pleadings / Issues,10,93.5,149,185,SYNTHETIC_AUGMENTED
COHORT_4213,UTTAR__DC_04,CS,CPC_GENERAL,2022,Summons / Appearance,11,282,364,398,SYNTHETIC_AUGMENTED
COHORT_4214,UTTAR__DC_04,CS,CPC_GENERAL,2024,Evidence / Argument,4,225.5,240,240,SYNTHETIC_AUGMENTED
COHORT_4215,UTTAR__DC_04,CS,CPC_GENERAL,2024,Filing / Registration,2,11.5,9,9,SYNTHETIC_AUGMENTED
COHORT_4216,UTTAR__DC_04,CS,CPC_GENERAL,2024,Final Arguments / Judgment,4,99.0,111,111,SYNTHETIC_AUGMENTED
COHORT_4217,UTTAR__DC_04,CS,CPC_GENERAL,2024,Pleadings / Issues,6,120.0,138,210,SYNTHETIC_AUGMENTED
COHORT_4218,UTTAR__DC_04,CS,CPC_GENERAL,2024,Summons / Appearance,4,233.5,290,290,SYNTHETIC_AUGMENTED
COHORT_4219,UTTAR__DC_04,MACA,MOTOR_ACCIDENT,2020,Evidence / Argument,2,133.0,128,128,SYNTHETIC_AUGMENTED
COHORT_4220,UTTAR__DC_04,MACA,MOTOR_ACCIDENT,2020,Pleadings / Issues,1,107,107,107,SYNTHETIC_AUGMENTED
COHORT_4221,UTTAR__DC_04,MACA,MOTOR_ACCIDENT,2022,Evidence / Argument,1,128,128,128,SYNTHETIC_AUGMENTED
COHORT_4222,UTTAR__DC_04,MACA,MOTOR_ACCIDENT,2022,Filing / Registration,1,12,12,12,SYNTHETIC_AUGMENTED
COHORT_4223,UTTAR__DC_04,MACA,MOTOR_ACCIDENT,2022,Final Arguments / Judgment,1,85,85,85,SYNTHETIC_AUGMENTED
COHORT_4224,UTTAR__DC_04,MACA,MOTOR_ACCIDENT,2022,Pleadings / Issues,1,71,71,71,SYNTHETIC_AUGMENTED
COHORT_4225,UTTAR__DC_04,MACA,MOTOR_ACCIDENT,2022,Summons / Appearance,3,57,57,57,SYNTHETIC_AUGMENTED
COHORT_4226,UTTAR__DC_04,MACA,MOTOR_ACCIDENT,2024,Evidence / Argument,1,137,137,137,SYNTHETIC_AUGMENTED
COHORT_4227,UTTAR__DC_04,MACA,MOTOR_ACCIDENT,2024,Final Arguments / Judgment,1,48,48,48,SYNTHETIC_AUGMENTED
COHORT_4228,UTTAR__DC_04,MACA,MOTOR_ACCIDENT,2024,Pleadings / Issues,2,101.5,99,99,SYNTHETIC_AUGMENTED
COHORT_4229,UTTAR__DC_04,MACA,MOTOR_ACCIDENT,2024,Summons / Appearance,2,116.5,72,72,SYNTHETIC_AUGMENTED
COHORT_4230,UTTAR__DC_04,WP_C,WRIT_GENERAL,2018,Final Arguments / Judgment,1,198,198,198,SYNTHETIC_AUGMENTED
COHORT_4231,UTTAR__DC_04,WP_C,WRIT_GENERAL,2018,Pleadings / Issues,1,61,61,61,SYNTHETIC_AUGMENTED
COHORT_4232,UTTAR__DC_04,WP_C,WRIT_GENERAL,2020,Evidence / Argument,4,331.0,357,357,SYNTHETIC_AUGMENTED
COHORT_4233,UTTAR__DC_04,WP_C,WRIT_GENERAL,2020,Filing / Registration,1,53,53,53,SYNTHETIC_AUGMENTED
COHORT_4234,UTTAR__DC_04,WP_C,WRIT_GENERAL,2020,Final Arguments / Judgment,2,100.0,66,66,SYNTHETIC_AUGMENTED
COHORT_4235,UTTAR__DC_04,WP_C,WRIT_GENERAL,2020,Pleadings / Issues,2,90.0,59,59,SYNTHETIC_AUGMENTED
COHORT_4236,UTTAR__DC_04,WP_C,WRIT_GENERAL,2020,Summons / Appearance,1,51,51,51,SYNTHETIC_AUGMENTED
COHORT_4237,UTTAR__DC_04,WP_C,WRIT_GENERAL,2022,Evidence / Argument,5,97,178,178,SYNTHETIC_AUGMENTED
COHORT_4238,UTTAR__DC_04,WP_C,WRIT_GENERAL,2022,Filing / Registration,2,17.0,12,12,SYNTHETIC_AUGMENTED
COHORT_4239,UTTAR__DC_04,WP_C,WRIT_GENERAL,2022,Final Arguments / Judgment,2,83.5,29,29,SYNTHETIC_AUGMENTED
COHORT_4240,UTTAR__DC_04,WP_C,WRIT_GENERAL,2022,Pleadings / Issues,5,109,187,187,SYNTHETIC_AUGMENTED
COHORT_4241,UTTAR__DC_04,WP_C,WRIT_GENERAL,2022,Summons / Appearance,14,117.5,145,210,SYNTHETIC_AUGMENTED
COHORT_4242,UTTAR__DC_04,WP_C,WRIT_GENERAL,2024,Evidence / Argument,1,332,332,332,SYNTHETIC_AUGMENTED
COHORT_4243,UTTAR__DC_04,WP_C,WRIT_GENERAL,2024,Pleadings / Issues,2,141.5,67,67,SYNTHETIC_AUGMENTED
COHORT_4244,UTTAR__DC_04,WP_C,WRIT_GENERAL,2024,Summons / Appearance,3,108,108,108,SYNTHETIC_AUGMENTED
COHORT_4245,UTTAR__DC_05,BA,BAIL_GENERAL,2018,Evidence / Argument,3,207,207,207,SYNTHETIC_AUGMENTED
COHORT_4246,UTTAR__DC_05,BA,BAIL_GENERAL,2018,Pleadings / Issues,2,128.0,108,108,SYNTHETIC_AUGMENTED
COHORT_4247,UTTAR__DC_05,BA,BAIL_GENERAL,2018,Summons / Appearance,1,46,46,46,SYNTHETIC_AUGMENTED
COHORT_4248,UTTAR__DC_05,BA,BAIL_GENERAL,2020,Evidence / Argument,4,204.5,244,244,SYNTHETIC_AUGMENTED
COHORT_4249,UTTAR__DC_05,BA,BAIL_GENERAL,2020,Filing / Registration,1,13,13,13,SYNTHETIC_AUGMENTED
COHORT_4250,UTTAR__DC_05,BA,BAIL_GENERAL,2020,Summons / Appearance,5,97,147,147,SYNTHETIC_AUGMENTED
COHORT_4251,UTTAR__DC_05,BA,BAIL_GENERAL,2022,Evidence / Argument,3,81,81,81,SYNTHETIC_AUGMENTED
COHORT_4252,UTTAR__DC_05,BA,BAIL_GENERAL,2022,Filing / Registration,2,25.0,24,24,SYNTHETIC_AUGMENTED
COHORT_4253,UTTAR__DC_05,BA,BAIL_GENERAL,2022,Final Arguments / Judgment,1,88,88,88,SYNTHETIC_AUGMENTED
COHORT_4254,UTTAR__DC_05,BA,BAIL_GENERAL,2022,Pleadings / Issues,5,107,109,109,SYNTHETIC_AUGMENTED
COHORT_4255,UTTAR__DC_05,BA,BAIL_GENERAL,2022,Summons / Appearance,14,98.5,136,243,SYNTHETIC_AUGMENTED
COHORT_4256,UTTAR__DC_05,BA,BAIL_GENERAL,2024,Evidence / Argument,3,191,191,191,SYNTHETIC_AUGMENTED
COHORT_4257,UTTAR__DC_05,BA,BAIL_GENERAL,2024,Filing / Registration,2,17.0,14,14,SYNTHETIC_AUGMENTED
COHORT_4258,UTTAR__DC_05,BA,BAIL_GENERAL,2024,Pleadings / Issues,4,146.0,172,172,SYNTHETIC_AUGMENTED
COHORT_4259,UTTAR__DC_05,BA,BAIL_GENERAL,2024,Summons / Appearance,3,67,67,67,SYNTHETIC_AUGMENTED
COHORT_4260,UTTAR__DC_05,CRL_A,CRIMINAL_APPEAL,2018,Evidence / Argument,1,406,406,406,SYNTHETIC_AUGMENTED
COHORT_4261,UTTAR__DC_05,CRL_A,CRIMINAL_APPEAL,2018,Filing / Registration,1,31,31,31,SYNTHETIC_AUGMENTED
COHORT_4262,UTTAR__DC_05,CRL_A,CRIMINAL_APPEAL,2018,Pleadings / Issues,3,87,87,87,SYNTHETIC_AUGMENTED
COHORT_4263,UTTAR__DC_05,CRL_A,CRIMINAL_APPEAL,2018,Summons / Appearance,1,320,320,320,SYNTHETIC_AUGMENTED
COHORT_4264,UTTAR__DC_05,CRL_A,CRIMINAL_APPEAL,2020,Evidence / Argument,6,209.0,224,291,SYNTHETIC_AUGMENTED
COHORT_4265,UTTAR__DC_05,CRL_A,CRIMINAL_APPEAL,2020,Filing / Registration,2,14.5,13,13,SYNTHETIC_AUGMENTED
COHORT_4266,UTTAR__DC_05,CRL_A,CRIMINAL_APPEAL,2020,Pleadings / Issues,3,152,152,152,SYNTHETIC_AUGMENTED
COHORT_4267,UTTAR__DC_05,CRL_A,CRIMINAL_APPEAL,2020,Summons / Appearance,7,141,190,220,SYNTHETIC_AUGMENTED
COHORT_4268,UTTAR__DC_05,CRL_A,CRIMINAL_APPEAL,2022,Evidence / Argument,7,171,244,284,SYNTHETIC_AUGMENTED
COHORT_4269,UTTAR__DC_05,CRL_A,CRIMINAL_APPEAL,2022,Filing / Registration,3,14,14,14,SYNTHETIC_AUGMENTED
COHORT_4270,UTTAR__DC_05,CRL_A,CRIMINAL_APPEAL,2022,Final Arguments / Judgment,1,17,17,17,SYNTHETIC_AUGMENTED
COHORT_4271,UTTAR__DC_05,CRL_A,CRIMINAL_APPEAL,2022,Pleadings / Issues,8,115.5,144,150,SYNTHETIC_AUGMENTED
COHORT_4272,UTTAR__DC_05,CRL_A,CRIMINAL_APPEAL,2022,Summons / Appearance,11,79,105,182,SYNTHETIC_AUGMENTED
COHORT_4273,UTTAR__DC_05,CRL_A,CRIMINAL_APPEAL,2024,Evidence / Argument,4,176.5,223,223,SYNTHETIC_AUGMENTED
COHORT_4274,UTTAR__DC_05,CRL_A,CRIMINAL_APPEAL,2024,Pleadings / Issues,3,104,104,104,SYNTHETIC_AUGMENTED
COHORT_4275,UTTAR__DC_05,CRL_A,CRIMINAL_APPEAL,2024,Summons / Appearance,6,182.0,213,308,SYNTHETIC_AUGMENTED
COHORT_4276,UTTAR__DC_05,CS,CPC_GENERAL,2018,Evidence / Argument,1,122,122,122,SYNTHETIC_AUGMENTED
COHORT_4277,UTTAR__DC_05,CS,CPC_GENERAL,2018,Pleadings / Issues,3,103,103,103,SYNTHETIC_AUGMENTED
COHORT_4278,UTTAR__DC_05,CS,CPC_GENERAL,2018,Summons / Appearance,4,288.0,311,311,SYNTHETIC_AUGMENTED
COHORT_4279,UTTAR__DC_05,CS,CPC_GENERAL,2020,Evidence / Argument,7,125,135,261,SYNTHETIC_AUGMENTED
COHORT_4280,UTTAR__DC_05,CS,CPC_GENERAL,2020,Filing / Registration,2,19.5,19,19,SYNTHETIC_AUGMENTED
COHORT_4281,UTTAR__DC_05,CS,CPC_GENERAL,2020,Final Arguments / Judgment,1,95,95,95,SYNTHETIC_AUGMENTED
COHORT_4282,UTTAR__DC_05,CS,CPC_GENERAL,2020,Pleadings / Issues,5,71,78,78,SYNTHETIC_AUGMENTED
COHORT_4283,UTTAR__DC_05,CS,CPC_GENERAL,2020,Summons / Appearance,4,123.5,155,155,SYNTHETIC_AUGMENTED
COHORT_4284,UTTAR__DC_05,CS,CPC_GENERAL,2022,Evidence / Argument,8,238.0,341,352,SYNTHETIC_AUGMENTED
COHORT_4285,UTTAR__DC_05,CS,CPC_GENERAL,2022,Final Arguments / Judgment,8,68.5,116,177,SYNTHETIC_AUGMENTED
COHORT_4286,UTTAR__DC_05,CS,CPC_GENERAL,2022,Pleadings / Issues,7,89,99,119,SYNTHETIC_AUGMENTED
COHORT_4287,UTTAR__DC_05,CS,CPC_GENERAL,2022,Summons / Appearance,15,127,158,329,SYNTHETIC_AUGMENTED
COHORT_4288,UTTAR__DC_05,CS,CPC_GENERAL,2024,Evidence / Argument,1,503,503,503,SYNTHETIC_AUGMENTED
COHORT_4289,UTTAR__DC_05,CS,CPC_GENERAL,2024,Filing / Registration,1,24,24,24,SYNTHETIC_AUGMENTED
COHORT_4290,UTTAR__DC_05,CS,CPC_GENERAL,2024,Final Arguments / Judgment,3,89,89,89,SYNTHETIC_AUGMENTED
COHORT_4291,UTTAR__DC_05,CS,CPC_GENERAL,2024,Pleadings / Issues,4,80.5,100,100,SYNTHETIC_AUGMENTED
COHORT_4292,UTTAR__DC_05,CS,CPC_GENERAL,2024,Summons / Appearance,3,222,222,222,SYNTHETIC_AUGMENTED
COHORT_4293,UTTAR__DC_05,MACA,MOTOR_ACCIDENT,2020,Evidence / Argument,1,292,292,292,SYNTHETIC_AUGMENTED
COHORT_4294,UTTAR__DC_05,MACA,MOTOR_ACCIDENT,2020,Summons / Appearance,1,302,302,302,SYNTHETIC_AUGMENTED
COHORT_4295,UTTAR__DC_05,MACA,MOTOR_ACCIDENT,2022,Pleadings / Issues,2,92.5,57,57,SYNTHETIC_AUGMENTED
COHORT_4296,UTTAR__DC_05,MACA,MOTOR_ACCIDENT,2022,Summons / Appearance,5,125,303,303,SYNTHETIC_AUGMENTED
COHORT_4297,UTTAR__DC_05,MACA,MOTOR_ACCIDENT,2024,Evidence / Argument,3,169,169,169,SYNTHETIC_AUGMENTED
COHORT_4298,UTTAR__DC_05,MACA,MOTOR_ACCIDENT,2024,Filing / Registration,1,18,18,18,SYNTHETIC_AUGMENTED
COHORT_4299,UTTAR__DC_05,MACA,MOTOR_ACCIDENT,2024,Final Arguments / Judgment,1,163,163,163,SYNTHETIC_AUGMENTED
COHORT_4300,UTTAR__DC_05,MACA,MOTOR_ACCIDENT,2024,Pleadings / Issues,2,128.5,100,100,SYNTHETIC_AUGMENTED
COHORT_4301,UTTAR__DC_05,WP_C,WRIT_GENERAL,2018,Evidence / Argument,1,197,197,197,SYNTHETIC_AUGMENTED
COHORT_4302,UTTAR__DC_05,WP_C,WRIT_GENERAL,2018,Filing / Registration,1,17,17,17,SYNTHETIC_AUGMENTED
COHORT_4303,UTTAR__DC_05,WP_C,WRIT_GENERAL,2018,Final Arguments / Judgment,1,59,59,59,SYNTHETIC_AUGMENTED
COHORT_4304,UTTAR__DC_05,WP_C,WRIT_GENERAL,2018,Pleadings / Issues,1,75,75,75,SYNTHETIC_AUGMENTED
COHORT_4305,UTTAR__DC_05,WP_C,WRIT_GENERAL,2018,Summons / Appearance,2,61.0,43,43,SYNTHETIC_AUGMENTED
COHORT_4306,UTTAR__DC_05,WP_C,WRIT_GENERAL,2020,Filing / Registration,1,29,29,29,SYNTHETIC_AUGMENTED
COHORT_4307,UTTAR__DC_05,WP_C,WRIT_GENERAL,2020,Final Arguments / Judgment,2,56.5,45,45,SYNTHETIC_AUGMENTED
COHORT_4308,UTTAR__DC_05,WP_C,WRIT_GENERAL,2020,Pleadings / Issues,1,24,24,24,SYNTHETIC_AUGMENTED
COHORT_4309,UTTAR__DC_05,WP_C,WRIT_GENERAL,2020,Summons / Appearance,1,40,40,40,SYNTHETIC_AUGMENTED
COHORT_4310,UTTAR__DC_05,WP_C,WRIT_GENERAL,2022,Evidence / Argument,6,163.5,173,323,SYNTHETIC_AUGMENTED
COHORT_4311,UTTAR__DC_05,WP_C,WRIT_GENERAL,2022,Filing / Registration,5,13,14,14,SYNTHETIC_AUGMENTED
COHORT_4312,UTTAR__DC_05,WP_C,WRIT_GENERAL,2022,Final Arguments / Judgment,3,80,80,80,SYNTHETIC_AUGMENTED
COHORT_4313,UTTAR__DC_05,WP_C,WRIT_GENERAL,2022,Pleadings / Issues,12,109.5,131,146,SYNTHETIC_AUGMENTED
COHORT_4314,UTTAR__DC_05,WP_C,WRIT_GENERAL,2022,Summons / Appearance,7,185,241,256,SYNTHETIC_AUGMENTED
COHORT_4315,UTTAR__DC_05,WP_C,WRIT_GENERAL,2024,Evidence / Argument,3,120,120,120,SYNTHETIC_AUGMENTED
COHORT_4316,UTTAR__DC_05,WP_C,WRIT_GENERAL,2024,Filing / Registration,2,13.5,12,12,SYNTHETIC_AUGMENTED
COHORT_4317,UTTAR__DC_05,WP_C,WRIT_GENERAL,2024,Final Arguments / Judgment,4,88.5,107,107,SYNTHETIC_AUGMENTED
COHORT_4318,UTTAR__DC_05,WP_C,WRIT_GENERAL,2024,Pleadings / Issues,2,96.0,61,61,SYNTHETIC_AUGMENTED
COHORT_4319,UTTAR__DC_05,WP_C,WRIT_GENERAL,2024,Summons / Appearance,4,128.0,165,165,SYNTHETIC_AUGMENTED
COHORT_4320,WEST_B_DC_01,BA,BAIL_GENERAL,2018,Pleadings / Issues,1,100,100,100,SYNTHETIC_AUGMENTED
COHORT_4321,WEST_B_DC_01,BA,BAIL_GENERAL,2018,Summons / Appearance,1,156,156,156,SYNTHETIC_AUGMENTED
COHORT_4322,WEST_B_DC_01,BA,BAIL_GENERAL,2020,Filing / Registration,1,16,16,16,SYNTHETIC_AUGMENTED
COHORT_4323,WEST_B_DC_01,BA,BAIL_GENERAL,2020,Pleadings / Issues,1,85,85,85,SYNTHETIC_AUGMENTED
COHORT_4324,WEST_B_DC_01,BA,BAIL_GENERAL,2022,Evidence / Argument,1,227,227,227,SYNTHETIC_AUGMENTED
COHORT_4325,WEST_B_DC_01,BA,BAIL_GENERAL,2022,Filing / Registration,1,10,10,10,SYNTHETIC_AUGMENTED
COHORT_4326,WEST_B_DC_01,BA,BAIL_GENERAL,2022,Final Arguments / Judgment,2,143.5,114,114,SYNTHETIC_AUGMENTED
COHORT_4327,WEST_B_DC_01,BA,BAIL_GENERAL,2022,Pleadings / Issues,3,84,84,84,SYNTHETIC_AUGMENTED
COHORT_4328,WEST_B_DC_01,BA,BAIL_GENERAL,2022,Summons / Appearance,2,322.0,247,247,SYNTHETIC_AUGMENTED
COHORT_4329,WEST_B_DC_01,BA,BAIL_GENERAL,2024,Evidence / Argument,3,217,217,217,SYNTHETIC_AUGMENTED
COHORT_4330,WEST_B_DC_01,CRL_A,CRIMINAL_APPEAL,2018,Summons / Appearance,1,93,93,93,SYNTHETIC_AUGMENTED
COHORT_4331,WEST_B_DC_01,CRL_A,CRIMINAL_APPEAL,2020,Evidence / Argument,2,422.5,404,404,SYNTHETIC_AUGMENTED
COHORT_4332,WEST_B_DC_01,CRL_A,CRIMINAL_APPEAL,2020,Summons / Appearance,1,296,296,296,SYNTHETIC_AUGMENTED
COHORT_4333,WEST_B_DC_01,CRL_A,CRIMINAL_APPEAL,2022,Evidence / Argument,1,323,323,323,SYNTHETIC_AUGMENTED
COHORT_4334,WEST_B_DC_01,CRL_A,CRIMINAL_APPEAL,2022,Filing / Registration,1,21,21,21,SYNTHETIC_AUGMENTED
COHORT_4335,WEST_B_DC_01,CRL_A,CRIMINAL_APPEAL,2022,Final Arguments / Judgment,3,54,54,54,SYNTHETIC_AUGMENTED
COHORT_4336,WEST_B_DC_01,CRL_A,CRIMINAL_APPEAL,2022,Pleadings / Issues,1,112,112,112,SYNTHETIC_AUGMENTED
COHORT_4337,WEST_B_DC_01,CRL_A,CRIMINAL_APPEAL,2022,Summons / Appearance,2,177.5,57,57,SYNTHETIC_AUGMENTED
COHORT_4338,WEST_B_DC_01,CRL_A,CRIMINAL_APPEAL,2024,Summons / Appearance,2,405.5,405,405,SYNTHETIC_AUGMENTED
COHORT_4339,WEST_B_DC_01,CS,CPC_GENERAL,2018,Summons / Appearance,2,229.5,77,77,SYNTHETIC_AUGMENTED
COHORT_4340,WEST_B_DC_01,CS,CPC_GENERAL,2020,Evidence / Argument,4,172.0,178,178,SYNTHETIC_AUGMENTED
COHORT_4341,WEST_B_DC_01,CS,CPC_GENERAL,2020,Final Arguments / Judgment,1,159,159,159,SYNTHETIC_AUGMENTED
COHORT_4342,WEST_B_DC_01,CS,CPC_GENERAL,2020,Pleadings / Issues,1,75,75,75,SYNTHETIC_AUGMENTED
COHORT_4343,WEST_B_DC_01,CS,CPC_GENERAL,2020,Summons / Appearance,1,56,56,56,SYNTHETIC_AUGMENTED
COHORT_4344,WEST_B_DC_01,CS,CPC_GENERAL,2022,Evidence / Argument,2,324.0,230,230,SYNTHETIC_AUGMENTED
COHORT_4345,WEST_B_DC_01,CS,CPC_GENERAL,2022,Pleadings / Issues,5,102,118,118,SYNTHETIC_AUGMENTED
COHORT_4346,WEST_B_DC_01,CS,CPC_GENERAL,2022,Summons / Appearance,3,223,223,223,SYNTHETIC_AUGMENTED
COHORT_4347,WEST_B_DC_01,CS,CPC_GENERAL,2024,Evidence / Argument,1,270,270,270,SYNTHETIC_AUGMENTED
COHORT_4348,WEST_B_DC_01,CS,CPC_GENERAL,2024,Filing / Registration,1,19,19,19,SYNTHETIC_AUGMENTED
COHORT_4349,WEST_B_DC_01,MACA,MOTOR_ACCIDENT,2022,Summons / Appearance,2,136.0,45,45,SYNTHETIC_AUGMENTED
COHORT_4350,WEST_B_DC_01,WP_C,WRIT_GENERAL,2020,Summons / Appearance,1,85,85,85,SYNTHETIC_AUGMENTED
COHORT_4351,WEST_B_DC_01,WP_C,WRIT_GENERAL,2022,Evidence / Argument,2,186.5,103,103,SYNTHETIC_AUGMENTED
COHORT_4352,WEST_B_DC_01,WP_C,WRIT_GENERAL,2022,Final Arguments / Judgment,2,43.5,19,19,SYNTHETIC_AUGMENTED
COHORT_4353,WEST_B_DC_01,WP_C,WRIT_GENERAL,2024,Filing / Registration,1,15,15,15,SYNTHETIC_AUGMENTED
COHORT_4354,WEST_B_DC_02,BA,BAIL_GENERAL,2018,Summons / Appearance,1,74,74,74,SYNTHETIC_AUGMENTED
COHORT_4355,WEST_B_DC_02,BA,BAIL_GENERAL,2020,Final Arguments / Judgment,1,39,39,39,SYNTHETIC_AUGMENTED
COHORT_4356,WEST_B_DC_02,BA,BAIL_GENERAL,2020,Summons / Appearance,2,156.0,26,26,SYNTHETIC_AUGMENTED
COHORT_4357,WEST_B_DC_02,BA,BAIL_GENERAL,2022,Evidence / Argument,1,313,313,313,SYNTHETIC_AUGMENTED
COHORT_4358,WEST_B_DC_02,BA,BAIL_GENERAL,2022,Filing / Registration,1,12,12,12,SYNTHETIC_AUGMENTED
COHORT_4359,WEST_B_DC_02,BA,BAIL_GENERAL,2022,Pleadings / Issues,1,94,94,94,SYNTHETIC_AUGMENTED
COHORT_4360,WEST_B_DC_02,BA,BAIL_GENERAL,2022,Summons / Appearance,2,128.0,104,104,SYNTHETIC_AUGMENTED
COHORT_4361,WEST_B_DC_02,BA,BAIL_GENERAL,2024,Pleadings / Issues,1,80,80,80,SYNTHETIC_AUGMENTED
COHORT_4362,WEST_B_DC_02,CRL_A,CRIMINAL_APPEAL,2018,Summons / Appearance,1,328,328,328,SYNTHETIC_AUGMENTED
COHORT_4363,WEST_B_DC_02,CRL_A,CRIMINAL_APPEAL,2020,Final Arguments / Judgment,2,93.5,42,42,SYNTHETIC_AUGMENTED
COHORT_4364,WEST_B_DC_02,CRL_A,CRIMINAL_APPEAL,2022,Evidence / Argument,2,221.5,206,206,SYNTHETIC_AUGMENTED
COHORT_4365,WEST_B_DC_02,CRL_A,CRIMINAL_APPEAL,2022,Final Arguments / Judgment,1,69,69,69,SYNTHETIC_AUGMENTED
COHORT_4366,WEST_B_DC_02,CRL_A,CRIMINAL_APPEAL,2022,Summons / Appearance,2,72.5,66,66,SYNTHETIC_AUGMENTED
COHORT_4367,WEST_B_DC_02,CRL_A,CRIMINAL_APPEAL,2024,Evidence / Argument,2,224.5,148,148,SYNTHETIC_AUGMENTED
COHORT_4368,WEST_B_DC_02,CS,CPC_GENERAL,2018,Filing / Registration,1,10,10,10,SYNTHETIC_AUGMENTED
COHORT_4369,WEST_B_DC_02,CS,CPC_GENERAL,2018,Summons / Appearance,1,382,382,382,SYNTHETIC_AUGMENTED
COHORT_4370,WEST_B_DC_02,CS,CPC_GENERAL,2020,Evidence / Argument,1,134,134,134,SYNTHETIC_AUGMENTED
COHORT_4371,WEST_B_DC_02,CS,CPC_GENERAL,2020,Filing / Registration,1,9,9,9,SYNTHETIC_AUGMENTED
COHORT_4372,WEST_B_DC_02,CS,CPC_GENERAL,2020,Final Arguments / Judgment,1,43,43,43,SYNTHETIC_AUGMENTED
COHORT_4373,WEST_B_DC_02,CS,CPC_GENERAL,2020,Pleadings / Issues,1,95,95,95,SYNTHETIC_AUGMENTED
COHORT_4374,WEST_B_DC_02,CS,CPC_GENERAL,2022,Evidence / Argument,3,172,172,172,SYNTHETIC_AUGMENTED
COHORT_4375,WEST_B_DC_02,CS,CPC_GENERAL,2022,Pleadings / Issues,1,60,60,60,SYNTHETIC_AUGMENTED
COHORT_4376,WEST_B_DC_02,CS,CPC_GENERAL,2022,Summons / Appearance,2,53.0,40,40,SYNTHETIC_AUGMENTED
COHORT_4377,WEST_B_DC_02,CS,CPC_GENERAL,2024,Filing / Registration,1,40,40,40,SYNTHETIC_AUGMENTED
COHORT_4378,WEST_B_DC_02,CS,CPC_GENERAL,2024,Pleadings / Issues,1,125,125,125,SYNTHETIC_AUGMENTED
COHORT_4379,WEST_B_DC_02,CS,CPC_GENERAL,2024,Summons / Appearance,3,250,250,250,SYNTHETIC_AUGMENTED
COHORT_4380,WEST_B_DC_02,MACA,MOTOR_ACCIDENT,2020,Summons / Appearance,1,217,217,217,SYNTHETIC_AUGMENTED
COHORT_4381,WEST_B_DC_02,MACA,MOTOR_ACCIDENT,2022,Summons / Appearance,1,76,76,76,SYNTHETIC_AUGMENTED
COHORT_4382,WEST_B_DC_02,WP_C,WRIT_GENERAL,2020,Evidence / Argument,1,120,120,120,SYNTHETIC_AUGMENTED
COHORT_4383,WEST_B_DC_02,WP_C,WRIT_GENERAL,2020,Summons / Appearance,1,143,143,143,SYNTHETIC_AUGMENTED
COHORT_4384,WEST_B_DC_02,WP_C,WRIT_GENERAL,2022,Evidence / Argument,1,414,414,414,SYNTHETIC_AUGMENTED
COHORT_4385,WEST_B_DC_02,WP_C,WRIT_GENERAL,2022,Filing / Registration,1,13,13,13,SYNTHETIC_AUGMENTED
COHORT_4386,WEST_B_DC_02,WP_C,WRIT_GENERAL,2022,Final Arguments / Judgment,1,152,152,152,SYNTHETIC_AUGMENTED
COHORT_4387,WEST_B_DC_02,WP_C,WRIT_GENERAL,2022,Pleadings / Issues,1,68,68,68,SYNTHETIC_AUGMENTED
COHORT_4388,WEST_B_DC_02,WP_C,WRIT_GENERAL,2022,Summons / Appearance,3,49,49,49,SYNTHETIC_AUGMENTED
COHORT_4389,WEST_B_DC_02,WP_C,WRIT_GENERAL,2024,Filing / Registration,2,16.0,15,15,SYNTHETIC_AUGMENTED
COHORT_4390,WEST_B_DC_03,BA,BAIL_GENERAL,2018,Summons / Appearance,2,194.0,71,71,SYNTHETIC_AUGMENTED
COHORT_4391,WEST_B_DC_03,BA,BAIL_GENERAL,2020,Pleadings / Issues,1,222,222,222,SYNTHETIC_AUGMENTED
COHORT_4392,WEST_B_DC_03,BA,BAIL_GENERAL,2020,Summons / Appearance,3,45,45,45,SYNTHETIC_AUGMENTED
COHORT_4393,WEST_B_DC_03,BA,BAIL_GENERAL,2022,Evidence / Argument,4,203.5,316,316,SYNTHETIC_AUGMENTED
COHORT_4394,WEST_B_DC_03,BA,BAIL_GENERAL,2022,Filing / Registration,1,12,12,12,SYNTHETIC_AUGMENTED
COHORT_4395,WEST_B_DC_03,BA,BAIL_GENERAL,2022,Pleadings / Issues,1,191,191,191,SYNTHETIC_AUGMENTED
COHORT_4396,WEST_B_DC_03,BA,BAIL_GENERAL,2022,Summons / Appearance,2,127.5,33,33,SYNTHETIC_AUGMENTED
COHORT_4397,WEST_B_DC_03,BA,BAIL_GENERAL,2024,Filing / Registration,1,19,19,19,SYNTHETIC_AUGMENTED
COHORT_4398,WEST_B_DC_03,BA,BAIL_GENERAL,2024,Final Arguments / Judgment,1,108,108,108,SYNTHETIC_AUGMENTED
COHORT_4399,WEST_B_DC_03,BA,BAIL_GENERAL,2024,Summons / Appearance,1,184,184,184,SYNTHETIC_AUGMENTED
COHORT_4400,WEST_B_DC_03,CRL_A,CRIMINAL_APPEAL,2018,Final Arguments / Judgment,1,72,72,72,SYNTHETIC_AUGMENTED
COHORT_4401,WEST_B_DC_03,CRL_A,CRIMINAL_APPEAL,2022,Evidence / Argument,4,183.5,220,220,SYNTHETIC_AUGMENTED
COHORT_4402,WEST_B_DC_03,CRL_A,CRIMINAL_APPEAL,2022,Pleadings / Issues,1,256,256,256,SYNTHETIC_AUGMENTED
COHORT_4403,WEST_B_DC_03,CRL_A,CRIMINAL_APPEAL,2022,Summons / Appearance,3,45,45,45,SYNTHETIC_AUGMENTED
COHORT_4404,WEST_B_DC_03,CRL_A,CRIMINAL_APPEAL,2024,Evidence / Argument,1,340,340,340,SYNTHETIC_AUGMENTED
COHORT_4405,WEST_B_DC_03,CRL_A,CRIMINAL_APPEAL,2024,Summons / Appearance,1,382,382,382,SYNTHETIC_AUGMENTED
COHORT_4406,WEST_B_DC_03,CS,CPC_GENERAL,2020,Evidence / Argument,1,114,114,114,SYNTHETIC_AUGMENTED
COHORT_4407,WEST_B_DC_03,CS,CPC_GENERAL,2020,Pleadings / Issues,1,98,98,98,SYNTHETIC_AUGMENTED
COHORT_4408,WEST_B_DC_03,CS,CPC_GENERAL,2020,Summons / Appearance,2,61.0,58,58,SYNTHETIC_AUGMENTED
COHORT_4409,WEST_B_DC_03,CS,CPC_GENERAL,2022,Filing / Registration,2,9.5,7,7,SYNTHETIC_AUGMENTED
COHORT_4410,WEST_B_DC_03,CS,CPC_GENERAL,2022,Final Arguments / Judgment,1,79,79,79,SYNTHETIC_AUGMENTED
COHORT_4411,WEST_B_DC_03,CS,CPC_GENERAL,2022,Pleadings / Issues,1,225,225,225,SYNTHETIC_AUGMENTED
COHORT_4412,WEST_B_DC_03,CS,CPC_GENERAL,2022,Summons / Appearance,4,112.0,162,162,SYNTHETIC_AUGMENTED
COHORT_4413,WEST_B_DC_03,CS,CPC_GENERAL,2024,Evidence / Argument,1,189,189,189,SYNTHETIC_AUGMENTED
COHORT_4414,WEST_B_DC_03,CS,CPC_GENERAL,2024,Summons / Appearance,3,126,126,126,SYNTHETIC_AUGMENTED
COHORT_4415,WEST_B_DC_03,MACA,MOTOR_ACCIDENT,2022,Final Arguments / Judgment,1,45,45,45,SYNTHETIC_AUGMENTED
COHORT_4416,WEST_B_DC_03,MACA,MOTOR_ACCIDENT,2022,Pleadings / Issues,2,195.0,146,146,SYNTHETIC_AUGMENTED
COHORT_4417,WEST_B_DC_03,MACA,MOTOR_ACCIDENT,2022,Summons / Appearance,1,93,93,93,SYNTHETIC_AUGMENTED
COHORT_4418,WEST_B_DC_03,MACA,MOTOR_ACCIDENT,2024,Final Arguments / Judgment,1,139,139,139,SYNTHETIC_AUGMENTED
COHORT_4419,WEST_B_DC_03,MACA,MOTOR_ACCIDENT,2024,Pleadings / Issues,1,41,41,41,SYNTHETIC_AUGMENTED
COHORT_4420,WEST_B_DC_03,WP_C,WRIT_GENERAL,2020,Filing / Registration,1,20,20,20,SYNTHETIC_AUGMENTED
COHORT_4421,WEST_B_DC_03,WP_C,WRIT_GENERAL,2020,Final Arguments / Judgment,1,184,184,184,SYNTHETIC_AUGMENTED
COHORT_4422,WEST_B_DC_03,WP_C,WRIT_GENERAL,2020,Summons / Appearance,2,314.5,261,261,SYNTHETIC_AUGMENTED
COHORT_4423,WEST_B_DC_03,WP_C,WRIT_GENERAL,2022,Evidence / Argument,1,417,417,417,SYNTHETIC_AUGMENTED
COHORT_4424,WEST_B_DC_03,WP_C,WRIT_GENERAL,2022,Final Arguments / Judgment,2,62.0,57,57,SYNTHETIC_AUGMENTED
COHORT_4425,WEST_B_DC_03,WP_C,WRIT_GENERAL,2024,Evidence / Argument,1,291,291,291,SYNTHETIC_AUGMENTED
COHORT_4426,WEST_B_DC_03,WP_C,WRIT_GENERAL,2024,Summons / Appearance,2,59.0,36,36,SYNTHETIC_AUGMENTED
COHORT_4427,WEST_B_DC_04,BA,BAIL_GENERAL,2018,Final Arguments / Judgment,1,74,74,74,SYNTHETIC_AUGMENTED
COHORT_4428,WEST_B_DC_04,BA,BAIL_GENERAL,2018,Summons / Appearance,1,185,185,185,SYNTHETIC_AUGMENTED
COHORT_4429,WEST_B_DC_04,BA,BAIL_GENERAL,2020,Final Arguments / Judgment,2,68.0,25,25,SYNTHETIC_AUGMENTED
COHORT_4430,WEST_B_DC_04,BA,BAIL_GENERAL,2020,Pleadings / Issues,2,142.5,137,137,SYNTHETIC_AUGMENTED
COHORT_4431,WEST_B_DC_04,BA,BAIL_GENERAL,2022,Evidence / Argument,2,200.0,166,166,SYNTHETIC_AUGMENTED
COHORT_4432,WEST_B_DC_04,BA,BAIL_GENERAL,2022,Pleadings / Issues,4,77.0,82,82,SYNTHETIC_AUGMENTED
COHORT_4433,WEST_B_DC_04,BA,BAIL_GENERAL,2022,Summons / Appearance,5,85,85,85,SYNTHETIC_AUGMENTED
COHORT_4434,WEST_B_DC_04,BA,BAIL_GENERAL,2024,Filing / Registration,2,15.0,8,8,SYNTHETIC_AUGMENTED
COHORT_4435,WEST_B_DC_04,BA,BAIL_GENERAL,2024,Pleadings / Issues,2,118.5,107,107,SYNTHETIC_AUGMENTED
COHORT_4436,WEST_B_DC_04,CRL_A,CRIMINAL_APPEAL,2018,Final Arguments / Judgment,1,125,125,125,SYNTHETIC_AUGMENTED
COHORT_4437,WEST_B_DC_04,CRL_A,CRIMINAL_APPEAL,2018,Pleadings / Issues,1,234,234,234,SYNTHETIC_AUGMENTED
COHORT_4438,WEST_B_DC_04,CRL_A,CRIMINAL_APPEAL,2018,Summons / Appearance,1,92,92,92,SYNTHETIC_AUGMENTED
COHORT_4439,WEST_B_DC_04,CRL_A,CRIMINAL_APPEAL,2020,Pleadings / Issues,1,85,85,85,SYNTHETIC_AUGMENTED
COHORT_4440,WEST_B_DC_04,CRL_A,CRIMINAL_APPEAL,2020,Summons / Appearance,2,157.5,141,141,SYNTHETIC_AUGMENTED
COHORT_4441,WEST_B_DC_04,CRL_A,CRIMINAL_APPEAL,2022,Filing / Registration,1,19,19,19,SYNTHETIC_AUGMENTED
COHORT_4442,WEST_B_DC_04,CRL_A,CRIMINAL_APPEAL,2022,Final Arguments / Judgment,1,128,128,128,SYNTHETIC_AUGMENTED
COHORT_4443,WEST_B_DC_04,CRL_A,CRIMINAL_APPEAL,2022,Pleadings / Issues,3,103,103,103,SYNTHETIC_AUGMENTED
COHORT_4444,WEST_B_DC_04,CRL_A,CRIMINAL_APPEAL,2022,Summons / Appearance,4,160.0,229,229,SYNTHETIC_AUGMENTED
COHORT_4445,WEST_B_DC_04,CRL_A,CRIMINAL_APPEAL,2024,Evidence / Argument,1,429,429,429,SYNTHETIC_AUGMENTED
COHORT_4446,WEST_B_DC_04,CRL_A,CRIMINAL_APPEAL,2024,Filing / Registration,1,22,22,22,SYNTHETIC_AUGMENTED
COHORT_4447,WEST_B_DC_04,CRL_A,CRIMINAL_APPEAL,2024,Final Arguments / Judgment,1,73,73,73,SYNTHETIC_AUGMENTED
COHORT_4448,WEST_B_DC_04,CS,CPC_GENERAL,2018,Pleadings / Issues,1,84,84,84,SYNTHETIC_AUGMENTED
COHORT_4449,WEST_B_DC_04,CS,CPC_GENERAL,2020,Evidence / Argument,2,211.0,153,153,SYNTHETIC_AUGMENTED
COHORT_4450,WEST_B_DC_04,CS,CPC_GENERAL,2020,Summons / Appearance,1,73,73,73,SYNTHETIC_AUGMENTED
COHORT_4451,WEST_B_DC_04,CS,CPC_GENERAL,2022,Evidence / Argument,4,251.0,303,303,SYNTHETIC_AUGMENTED
COHORT_4452,WEST_B_DC_04,CS,CPC_GENERAL,2022,Pleadings / Issues,1,54,54,54,SYNTHETIC_AUGMENTED
COHORT_4453,WEST_B_DC_04,CS,CPC_GENERAL,2022,Summons / Appearance,1,290,290,290,SYNTHETIC_AUGMENTED
COHORT_4454,WEST_B_DC_04,CS,CPC_GENERAL,2024,Evidence / Argument,1,186,186,186,SYNTHETIC_AUGMENTED
COHORT_4455,WEST_B_DC_04,CS,CPC_GENERAL,2024,Pleadings / Issues,1,134,134,134,SYNTHETIC_AUGMENTED
COHORT_4456,WEST_B_DC_04,MACA,MOTOR_ACCIDENT,2020,Evidence / Argument,1,289,289,289,SYNTHETIC_AUGMENTED
COHORT_4457,WEST_B_DC_04,MACA,MOTOR_ACCIDENT,2020,Final Arguments / Judgment,1,61,61,61,SYNTHETIC_AUGMENTED
COHORT_4458,WEST_B_DC_04,MACA,MOTOR_ACCIDENT,2022,Evidence / Argument,2,196.0,99,99,SYNTHETIC_AUGMENTED
COHORT_4459,WEST_B_DC_04,MACA,MOTOR_ACCIDENT,2022,Final Arguments / Judgment,2,49.5,41,41,SYNTHETIC_AUGMENTED
COHORT_4460,WEST_B_DC_04,WP_C,WRIT_GENERAL,2020,Pleadings / Issues,1,121,121,121,SYNTHETIC_AUGMENTED
COHORT_4461,WEST_B_DC_04,WP_C,WRIT_GENERAL,2020,Summons / Appearance,2,172.5,76,76,SYNTHETIC_AUGMENTED
COHORT_4462,WEST_B_DC_04,WP_C,WRIT_GENERAL,2022,Evidence / Argument,1,273,273,273,SYNTHETIC_AUGMENTED
COHORT_4463,WEST_B_DC_04,WP_C,WRIT_GENERAL,2022,Filing / Registration,2,11.0,10,10,SYNTHETIC_AUGMENTED
COHORT_4464,WEST_B_DC_04,WP_C,WRIT_GENERAL,2022,Pleadings / Issues,1,138,138,138,SYNTHETIC_AUGMENTED
COHORT_4465,WEST_B_DC_04,WP_C,WRIT_GENERAL,2022,Summons / Appearance,2,76.5,30,30,SYNTHETIC_AUGMENTED
COHORT_4466,WEST_B_DC_04,WP_C,WRIT_GENERAL,2024,Evidence / Argument,1,200,200,200,SYNTHETIC_AUGMENTED
COHORT_4467,WEST_B_DC_04,WP_C,WRIT_GENERAL,2024,Summons / Appearance,1,30,30,30,SYNTHETIC_AUGMENTED
COHORT_4468,WEST_B_DC_05,BA,BAIL_GENERAL,2018,Evidence / Argument,1,111,111,111,SYNTHETIC_AUGMENTED
COHORT_4469,WEST_B_DC_05,BA,BAIL_GENERAL,2022,Evidence / Argument,1,219,219,219,SYNTHETIC_AUGMENTED
COHORT_4470,WEST_B_DC_05,BA,BAIL_GENERAL,2022,Filing / Registration,1,25,25,25,SYNTHETIC_AUGMENTED
COHORT_4471,WEST_B_DC_05,BA,BAIL_GENERAL,2022,Final Arguments / Judgment,1,87,87,87,SYNTHETIC_AUGMENTED
COHORT_4472,WEST_B_DC_05,BA,BAIL_GENERAL,2022,Pleadings / Issues,1,125,125,125,SYNTHETIC_AUGMENTED
COHORT_4473,WEST_B_DC_05,BA,BAIL_GENERAL,2022,Summons / Appearance,3,65,65,65,SYNTHETIC_AUGMENTED
COHORT_4474,WEST_B_DC_05,BA,BAIL_GENERAL,2024,Evidence / Argument,1,81,81,81,SYNTHETIC_AUGMENTED
COHORT_4475,WEST_B_DC_05,BA,BAIL_GENERAL,2024,Pleadings / Issues,1,54,54,54,SYNTHETIC_AUGMENTED
COHORT_4476,WEST_B_DC_05,BA,BAIL_GENERAL,2024,Summons / Appearance,1,71,71,71,SYNTHETIC_AUGMENTED
COHORT_4477,WEST_B_DC_05,CRL_A,CRIMINAL_APPEAL,2022,Evidence / Argument,1,351,351,351,SYNTHETIC_AUGMENTED
COHORT_4478,WEST_B_DC_05,CRL_A,CRIMINAL_APPEAL,2022,Final Arguments / Judgment,1,97,97,97,SYNTHETIC_AUGMENTED
COHORT_4479,WEST_B_DC_05,CRL_A,CRIMINAL_APPEAL,2022,Pleadings / Issues,2,104.0,96,96,SYNTHETIC_AUGMENTED
COHORT_4480,WEST_B_DC_05,CRL_A,CRIMINAL_APPEAL,2022,Summons / Appearance,3,309,309,309,SYNTHETIC_AUGMENTED
COHORT_4481,WEST_B_DC_05,CRL_A,CRIMINAL_APPEAL,2024,Evidence / Argument,1,224,224,224,SYNTHETIC_AUGMENTED
COHORT_4482,WEST_B_DC_05,CS,CPC_GENERAL,2018,Evidence / Argument,1,282,282,282,SYNTHETIC_AUGMENTED
COHORT_4483,WEST_B_DC_05,CS,CPC_GENERAL,2020,Evidence / Argument,1,66,66,66,SYNTHETIC_AUGMENTED
COHORT_4484,WEST_B_DC_05,CS,CPC_GENERAL,2020,Final Arguments / Judgment,2,79.0,72,72,SYNTHETIC_AUGMENTED
COHORT_4485,WEST_B_DC_05,CS,CPC_GENERAL,2020,Pleadings / Issues,1,109,109,109,SYNTHETIC_AUGMENTED
COHORT_4486,WEST_B_DC_05,CS,CPC_GENERAL,2020,Summons / Appearance,1,28,28,28,SYNTHETIC_AUGMENTED
COHORT_4487,WEST_B_DC_05,CS,CPC_GENERAL,2022,Evidence / Argument,1,170,170,170,SYNTHETIC_AUGMENTED
COHORT_4488,WEST_B_DC_05,CS,CPC_GENERAL,2022,Final Arguments / Judgment,1,43,43,43,SYNTHETIC_AUGMENTED
COHORT_4489,WEST_B_DC_05,CS,CPC_GENERAL,2022,Pleadings / Issues,1,102,102,102,SYNTHETIC_AUGMENTED
COHORT_4490,WEST_B_DC_05,CS,CPC_GENERAL,2022,Summons / Appearance,3,102,102,102,SYNTHETIC_AUGMENTED
COHORT_4491,WEST_B_DC_05,CS,CPC_GENERAL,2024,Evidence / Argument,2,383.0,311,311,SYNTHETIC_AUGMENTED
COHORT_4492,WEST_B_DC_05,CS,CPC_GENERAL,2024,Pleadings / Issues,1,129,129,129,SYNTHETIC_AUGMENTED
COHORT_4493,WEST_B_DC_05,CS,CPC_GENERAL,2024,Summons / Appearance,1,51,51,51,SYNTHETIC_AUGMENTED
COHORT_4494,WEST_B_DC_05,MACA,MOTOR_ACCIDENT,2020,Summons / Appearance,2,191.0,59,59,SYNTHETIC_AUGMENTED
COHORT_4495,WEST_B_DC_05,MACA,MOTOR_ACCIDENT,2022,Pleadings / Issues,2,57.0,16,16,SYNTHETIC_AUGMENTED
COHORT_4496,WEST_B_DC_05,MACA,MOTOR_ACCIDENT,2022,Summons / Appearance,1,66,66,66,SYNTHETIC_AUGMENTED
COHORT_4497,WEST_B_DC_05,MACA,MOTOR_ACCIDENT,2024,Evidence / Argument,1,96,96,96,SYNTHETIC_AUGMENTED
COHORT_4498,WEST_B_DC_05,WP_C,WRIT_GENERAL,2020,Evidence / Argument,1,155,155,155,SYNTHETIC_AUGMENTED
COHORT_4499,WEST_B_DC_05,WP_C,WRIT_GENERAL,2020,Summons / Appearance,1,227,227,227,SYNTHETIC_AUGMENTED
COHORT_4500,WEST_B_DC_05,WP_C,WRIT_GENERAL,2022,Evidence / Argument,1,446,446,446,SYNTHETIC_AUGMENTED
COHORT_4501,WEST_B_DC_05,WP_C,WRIT_GENERAL,2022,Filing / Registration,1,19,19,19,SYNTHETIC_AUGMENTED
COHORT_4502,WEST_B_DC_05,WP_C,WRIT_GENERAL,2022,Final Arguments / Judgment,2,82.0,78,78,SYNTHETIC_AUGMENTED
COHORT_4503,WEST_B_DC_05,WP_C,WRIT_GENERAL,2022,Summons / Appearance,3,87,87,87,SYNTHETIC_AUGMENTED
COHORT_4504,WEST_B_DC_05,WP_C,WRIT_GENERAL,2024,Evidence / Argument,3,197,197,197,SYNTHETIC_AUGMENTED
COHORT_4505,WEST_B_DC_05,WP_C,WRIT_GENERAL,2024,Summons / Appearance,2,280.5,152,152,SYNTHETIC_AUGMENTED
